game_id,day,tick,victim_id,victim_name,victim_district,victim_training_score,method,weapon,killer_id,killer_name,x,y,placement
0,3,55,14,D8 Female,8,9,player_vs_player,fists,11.0,D6 Male,66,3,24
0,3,56,5,D3 Male,3,5,player_vs_player,fists,7.0,D4 Male,118,27,23
0,3,68,10,D6 Female,6,5,player_vs_player,fists,13.0,D7 Male,119,56,22
0,4,75,20,D11 Female,11,4,player_vs_player,fists,22.0,D12 Female,14,58,21
0,4,91,11,D6 Male,6,6,natural_causes,untreated wound,,,61,5,20
0,5,107,13,D7 Male,7,5,player_vs_player,fists,7.0,D4 Male,113,34,19
0,5,115,0,D1 Female,1,9,natural_causes,dehydration,,,9,4,18
0,5,115,21,D11 Male,11,3,natural_causes,dehydration,,,28,28,17
0,5,117,19,D10 Male,10,5,player_vs_player,fists,9.0,D5 Male,60,103,16
0,6,122,22,D12 Female,12,4,natural_causes,untreated wound,,,14,51,15
0,6,132,17,D9 Male,9,6,player_vs_player,fists,2.0,D2 Female,64,13,14
0,6,133,3,D2 Male,2,4,player_vs_player,fists,9.0,D5 Male,54,92,13
0,6,138,15,D8 Male,8,4,player_vs_player,spear,1.0,D1 Male,33,73,12
0,8,176,12,D7 Female,7,7,player_vs_player,fists,2.0,D2 Female,47,0,11
0,8,188,23,D12 Male,12,5,player_vs_player,spear,9.0,D5 Male,64,87,10
0,10,224,16,D9 Female,9,8,player_vs_player,spear,9.0,D5 Male,81,108,9
0,14,318,6,D4 Female,4,7,natural_causes,dehydration,,,34,65,8
0,14,324,18,D10 Female,10,7,natural_causes,dehydration,,,41,41,7
0,14,326,4,D3 Female,3,4,natural_causes,dehydration,,,34,65,6
0,16,372,7,D4 Male,4,5,player_vs_player,spear,8.0,D5 Female,65,49,5
0,16,373,8,D5 Female,5,8,player_vs_player,bow,1.0,D1 Male,64,51,4
0,17,389,2,D2 Female,2,8,player_vs_player,bow,1.0,D1 Male,74,63,3
0,19,439,1,D1 Male,1,7,player_vs_player,spear,9.0,D5 Male,60,60,2
1,2,32,3,D2 Male,2,8,player_vs_player,fists,13.0,D7 Male,54,105,24
1,2,44,12,D7 Female,7,8,player_vs_player,fists,22.0,D12 Female,24,107,23
1,3,58,14,D8 Female,8,7,player_vs_player,fists,8.0,D5 Female,37,0,22
1,4,72,2,D2 Female,2,6,natural_causes,dehydration,,,115,49,21
1,4,75,0,D1 Female,1,6,player_vs_player,fists,16.0,D9 Female,112,1,20
1,4,81,6,D4 Female,4,10,player_vs_player,fists,8.0,D5 Female,24,0,19
1,4,81,11,D6 Male,6,1,player_vs_player,knife,15.0,D8 Male,47,40,18
1,5,100,5,D3 Male,3,6,player_vs_player,fists,10.0,D6 Female,118,103,17
1,5,105,20,D11 Female,11,1,player_vs_player,fists,18.0,D10 Female,16,34,16
1,5,115,17,D9 Male,9,3,player_vs_player,fists,18.0,D10 Female,12,36,15
1,6,130,1,D1 Male,1,6,player_vs_player,fists,23.0,D12 Male,119,53,14
1,6,134,22,D12 Female,12,5,natural_causes,dehydration,,,28,117,13
1,7,147,16,D9 Female,9,10,natural_causes,untreated wound,,,110,1,12
1,8,186,4,D3 Female,3,7,player_vs_player,fists,8.0,D5 Female,61,6,11
1,9,207,15,D8 Male,8,8,player_vs_player,spear,7.0,D4 Male,59,27,10
1,10,216,8,D5 Female,5,7,natural_causes,dehydration,,,51,16,9
1,12,283,18,D10 Female,10,11,player_vs_player,spear,7.0,D4 Male,33,26,8
1,12,286,23,D12 Male,12,10,player_vs_player,rock,10.0,D6 Female,105,52,7
1,14,316,10,D6 Female,6,6,player_vs_player,rock,21.0,D11 Male,99,51,6
1,17,395,9,D5 Male,5,4,player_vs_player,bow,19.0,D10 Male,52,66,5
1,17,403,13,D7 Male,7,5,player_vs_player,rock,21.0,D11 Male,78,59,4
1,18,422,19,D10 Male,10,6,player_vs_player,spear,7.0,D4 Male,65,78,3
1,20,466,7,D4 Male,4,5,player_vs_player,spear,21.0,D11 Male,59,64,2
2,2,37,0,D1 Female,1,7,player_vs_player,fists,9.0,D5 Male,34,2,24
2,3,51,19,D10 Male,10,4,player_vs_player,fists,20.0,D11 Female,0,48,23
2,3,57,3,D2 Male,2,5,player_vs_player,fists,11.0,D6 Male,53,118,22
2,3,59,16,D9 Female,9,4,player_vs_player,fists,12.0,D7 Female,1,86,21
2,4,72,9,D5 Male,5,8,natural_causes,dehydration,,,40,1,20
2,4,72,11,D6 Male,6,9,natural_causes,dehydration,,,45,113,19
2,4,79,18,D10 Female,10,4,player_vs_player,fists,12.0,D7 Female,12,83,18
2,4,85,21,D11 Male,11,5,player_vs_player,fists,13.0,D7 Male,42,97,17
2,5,99,2,D2 Female,2,6,player_vs_player,fists,4.0,D3 Female,98,43,16
2,5,108,20,D11 Female,11,2,player_vs_player,fists,8.0,D5 Female,28,42,15
2,5,114,15,D8 Male,8,6,player_vs_player,fists,10.0,D6 Female,118,78,14
2,5,115,1,D1 Male,1,7,natural_causes,dehydration,,,64,26,13
2,6,126,4,D3 Female,3,10,natural_causes,untreated wound,,,104,45,12
2,7,157,22,D12 Female,12,6,natural_causes,dehydration,,,88,103,11
2,7,160,17,D9 Male,9,6,player_vs_player,fists,7.0,D4 Male,79,61,10
2,9,204,14,D8 Female,8,6,player_vs_player,fists,6.0,D4 Female,96,26,9
2,10,228,10,D6 Female,6,9,player_vs_player,fists,6.0,D4 Female,98,42,8
2,15,338,5,D3 Male,3,12,player_vs_player,knife,12.0,D7 Female,61,42,7
2,17,385,6,D4 Female,4,7,player_vs_player,spear,13.0,D7 Male,70,59,6
2,17,389,8,D5 Female,5,8,player_vs_player,bow,23.0,D12 Male,54,52,5
2,17,403,12,D7 Female,7,9,player_vs_player,bow,23.0,D12 Male,65,48,4
2,18,421,7,D4 Male,4,10,player_vs_player,spear,13.0,D7 Male,52,61,3
2,20,464,13,D7 Male,7,5,player_vs_player,bow,23.0,D12 Male,60,62,2
3,3,50,15,D8 Male,8,9,player_vs_player,fists,9.0,D5 Male,93,0,24
3,3,64,21,D11 Male,11,6,player_vs_player,fists,19.0,D10 Male,112,98,23
3,3,64,9,D5 Male,5,6,player_vs_player,fists,2.0,D2 Female,92,5,22
3,4,72,16,D9 Female,9,6,natural_causes,dehydration,,,109,94,21
3,4,74,6,D4 Female,4,3,player_vs_player,fists,23.0,D12 Male,20,97,20
3,4,93,12,D7 Female,7,8,player_vs_player,fists,22.0,D12 Female,73,21,19
3,5,98,18,D10 Female,10,5,player_vs_player,fists,5.0,D3 Male,39,82,18
3,5,100,8,D5 Female,5,1,player_vs_player,fists,7.0,D4 Male,34,27,17
3,5,105,0,D1 Female,1,4,player_vs_player,fists,23.0,D12 Male,33,109,16
3,5,112,10,D6 Female,6,7,player_vs_player,fists,2.0,D2 Female,84,18,15
3,6,129,11,D6 Male,6,3,player_vs_player,fists,4.0,D3 Female,4,112,14
3,6,140,14,D8 Female,8,2,player_vs_player,fists,7.0,D4 Male,46,44,13
3,8,168,3,D2 Male,2,4,player_vs_player,fists,23.0,D12 Male,32,89,12
3,9,199,13,D7 Male,7,6,player_vs_player,spear,22.0,D12 Female,71,36,11
3,10,224,19,D10 Male,10,9,natural_causes,dehydration,,,97,87,10
3,10,239,2,D2 Female,2,6,natural_causes,dehydration,,,106,45,9
3,12,279,20,D11 Female,11,9,player_vs_player,spear,5.0,D3 Male,63,76,8
3,13,289,1,D1 Male,1,9,player_vs_player,fists,17.0,D9 Male,87,44,7
3,14,321,4,D3 Female,3,8,player_vs_player,spear,5.0,D3 Male,38,62,6
3,14,333,5,D3 Male,3,5,player_vs_player,spear,23.0,D12 Male,40,61,5
3,15,342,7,D4 Male,4,10,player_vs_player,spear,23.0,D12 Male,39,60,4
3,15,351,22,D12 Female,12,8,gamemaker,arena hazard,,,63,31,3
3,16,366,17,D9 Male,9,9,natural_causes,dehydration,,,73,35,2
4,3,51,23,D12 Male,12,5,player_vs_player,fists,3.0,D2 Male,99,108,24
4,3,55,9,D5 Male,5,2,player_vs_player,fists,19.0,D10 Male,22,69,23
4,4,72,10,D6 Female,6,10,natural_causes,dehydration,,,114,17,22
4,4,72,12,D7 Female,7,9,natural_causes,dehydration,,,113,82,21
4,4,72,14,D8 Female,8,1,natural_causes,dehydration,,,26,19,20
4,4,73,5,D3 Male,3,7,player_vs_player,fists,13.0,D7 Male,32,9,19
4,5,98,3,D2 Male,2,4,player_vs_player,fists,15.0,D8 Male,86,100,18
4,5,100,13,D7 Male,7,11,player_vs_player,fists,6.0,D4 Female,36,16,17
4,5,100,17,D9 Male,9,3,player_vs_player,fists,8.0,D5 Female,30,109,16
4,6,133,11,D6 Male,6,1,player_vs_player,knife,19.0,D10 Male,14,42,15
4,6,135,8,D5 Female,5,4,player_vs_player,fists,0.0,D1 Female,47,116,14
4,7,167,6,D4 Female,4,11,player_vs_player,fists,16.0,D9 Female,56,29,13
4,8,176,4,D3 Female,3,5,natural_causes,dehydration,,,109,71,12
4,8,179,0,D1 Female,1,3,natural_causes,dehydration,,,35,102,11
4,9,209,18,D10 Female,10,8,natural_causes,dehydration,,,17,73,10
4,10,227,7,D4 Male,4,5,player_vs_player,knife,15.0,D8 Male,64,91,9
4,10,238,16,D9 Female,9,7,player_vs_player,spear,1.0,D1 Male,59,54,8
4,11,256,19,D10 Male,10,8,gamemaker,arena hazard,,,21,59,7
4,12,272,2,D2 Female,2,8,player_vs_player,spear,20.0,D11 Female,44,82,6
4,12,281,15,D8 Male,8,9,player_vs_player,spear,20.0,D11 Female,53,88,5
4,13,296,21,D11 Male,11,7,player_vs_player,spear,1.0,D1 Male,61,31,4
4,17,388,22,D12 Female,12,6,player_vs_player,spear,1.0,D1 Male,65,60,3
4,18,411,1,D1 Male,1,6,player_vs_player,bow,20.0,D11 Female,70,60,2
5,2,40,17,D9 Male,9,4,player_vs_player,fists,0.0,D1 Female,14,82,24
5,2,44,5,D3 Male,3,10,player_vs_player,fists,14.0,D8 Female,100,1,23
5,3,66,3,D2 Male,2,2,player_vs_player,fists,20.0,D11 Female,0,28,22
5,3,66,13,D7 Male,7,4,player_vs_player,fists,0.0,D1 Female,15,72,21
5,4,83,21,D11 Male,11,6,player_vs_player,fists,18.0,D10 Female,94,110,20
5,5,115,14,D8 Female,8,7,player_vs_player,fists,23.0,D12 Male,103,5,19
5,6,143,4,D3 Female,3,8,player_vs_player,knife,2.0,D2 Female,31,46,18
5,7,153,23,D12 Male,12,7,natural_causes,dehydration,,,97,18,17
5,8,175,20,D11 Female,11,3,natural_causes,dehydration,,,8,34,16
5,9,199,10,D6 Female,6,11,player_vs_player,knife,2.0,D2 Female,40,18,15
5,9,202,12,D7 Female,7,7,player_vs_player,spear,16.0,D9 Female,71,18,14
5,9,204,9,D5 Male,5,5,player_vs_player,spear,19.0,D10 Male,52,114,13
5,10,217,6,D4 Female,4,5,player_vs_player,sword,8.0,D5 Female,80,95,12
5,10,236,11,D6 Male,6,9,player_vs_player,spear,16.0,D9 Female,92,12,11
5,12,274,1,D1 Male,1,6,player_vs_player,bow,15.0,D8 Male,65,59,10
5,12,279,18,D10 Female,10,9,player_vs_player,sword,8.0,D5 Female,77,56,9
5,13,291,7,D4 Male,4,5,player_vs_player,bow,15.0,D8 Male,63,72,8
5,14,329,22,D12 Female,12,9,player_vs_player,bow,15.0,D8 Male,69,77,7
5,17,387,2,D2 Female,2,10,player_vs_player,spear,16.0,D9 Female,59,40,6
5,18,422,8,D5 Female,5,6,gamemaker,arena hazard,,,80,55,5
5,19,437,16,D9 Female,9,8,player_vs_player,spear,0.0,D1 Female,59,51,4
5,19,455,0,D1 Female,1,8,player_vs_player,spear,19.0,D10 Male,64,44,3
5,22,508,19,D10 Male,10,9,player_vs_player,bow,15.0,D8 Male,57,58,2
6,2,30,6,D4 Female,4,7,player_vs_player,fists,17.0,D9 Male,27,5,24
6,2,42,23,D12 Male,12,8,player_vs_player,fists,21.0,D11 Male,0,63,23
6,2,46,12,D7 Female,7,4,player_vs_player,fists,4.0,D3 Female,0,100,22
6,3,52,5,D3 Male,3,5,player_vs_player,fists,20.0,D11 Female,70,93,21
6,3,61,9,D5 Male,5,2,player_vs_player,fists,8.0,D5 Female,9,12,20
6,3,65,10,D6 Female,6,6,player_vs_player,fists,22.0,D12 Female,106,18,19
6,3,70,19,D10 Male,10,7,player_vs_player,fists,22.0,D12 Female,103,18,18
6,4,72,20,D11 Female,11,6,player_vs_player,fists,7.0,D4 Male,74,94,17
6,4,72,2,D2 Female,2,6,natural_causes,dehydration,,,99,18,16
6,4,72,4,D3 Female,3,8,natural_causes,dehydration,,,2,76,15
6,4,72,15,D8 Male,8,5,natural_causes,dehydration,,,19,109,14
6,4,72,17,D9 Male,9,7,natural_causes,dehydration,,,13,7,13
6,4,87,11,D6 Male,6,6,player_vs_player,rock,0.0,D1 Female,100,50,12
6,7,166,21,D11 Male,11,4,natural_causes,untreated wound,,,26,61,11
6,8,169,22,D12 Female,12,11,natural_causes,dehydration,,,94,18,10
6,10,229,3,D2 Male,2,9,natural_causes,dehydration,,,90,86,9
6,10,231,7,D4 Male,4,9,player_vs_player,rock,0.0,D1 Female,62,65,8
6,11,244,16,D9 Female,9,12,natural_causes,dehydration,,,60,19,7
6,12,287,1,D1 Male,1,4,player_vs_player,rock,0.0,D1 Female,60,87,6
6,14,317,14,D8 Female,8,6,player_vs_player,fists,18.0,D10 Female,70,60,5
6,16,369,18,D10 Female,10,6,player_vs_player,bow,13.0,D7 Male,57,60,4
6,16,383,0,D1 Female,1,10,player_vs_player,bow,13.0,D7 Male,58,67,3
6,16,383,8,D5 Female,5,3,natural_causes,untreated wound,,,52,58,2
7,3,61,23,D12 Male,12,8,player_vs_player,fists,16.0,D9 Female,73,4,24
7,3,61,5,D3 Male,3,6,player_vs_player,fists,4.0,D3 Female,96,89,23
7,3,70,8,D5 Female,5,5,player_vs_player,fists,6.0,D4 Female,85,101,22
7,4,82,18,D10 Female,10,5,player_vs_player,rock,17.0,D9 Male,40,98,21
7,4,84,19,D10 Male,10,7,player_vs_player,fists,9.0,D5 Male,112,12,20
7,4,88,13,D7 Male,7,9,player_vs_player,rock,17.0,D9 Male,42,99,19
7,5,105,3,D2 Male,2,3,player_vs_player,fists,20.0,D11 Female,39,56,18
7,5,108,15,D8 Male,8,8,natural_causes,dehydration,,,54,12,17
7,5,113,1,D1 Male,1,6,player_vs_player,rock,11.0,D6 Male,93,36,16
7,6,127,2,D2 Female,2,6,player_vs_player,rock,4.0,D3 Female,114,55,15
7,8,179,21,D11 Male,11,4,natural_causes,dehydration,,,3,86,14
7,8,182,14,D8 Female,8,8,player_vs_player,rock,16.0,D9 Female,60,4,13
7,10,238,9,D5 Male,5,10,player_vs_player,rock,0.0,D1 Female,100,45,12
7,11,243,4,D3 Female,3,9,player_vs_player,spear,6.0,D4 Female,100,55,11
7,11,247,17,D9 Male,9,5,player_vs_player,knife,12.0,D7 Female,36,80,10
7,11,253,22,D12 Female,12,5,player_vs_player,knife,12.0,D7 Female,36,81,9
7,11,258,0,D1 Female,1,7,player_vs_player,spear,6.0,D4 Female,103,51,8
7,11,261,11,D6 Male,6,10,player_vs_player,spear,6.0,D4 Female,103,51,7
7,14,328,10,D6 Female,6,12,player_vs_player,spear,20.0,D11 Female,37,43,6
7,17,391,20,D11 Female,11,9,player_vs_player,spear,6.0,D4 Female,66,62,5
7,17,395,6,D4 Female,4,9,player_vs_player,bow,7.0,D4 Male,67,62,4
7,17,402,16,D9 Female,9,12,natural_causes,untreated wound,,,66,57,3
7,18,419,7,D4 Male,4,1,player_vs_player,sword,12.0,D7 Female,73,54,2
8,2,43,13,D7 Male,7,6,player_vs_player,fists,19.0,D10 Male,117,82,24
8,3,49,23,D12 Male,12,4,player_vs_player,fists,11.0,D6 Male,9,97,23
8,3,62,2,D2 Female,2,1,player_vs_player,fists,20.0,D11 Female,3,37,22
8,3,64,21,D11 Male,11,3,player_vs_player,fists,0.0,D1 Female,0,41,21
8,4,73,0,D1 Female,1,7,player_vs_player,fists,20.0,D11 Female,2,42,20
8,4,88,9,D5 Male,5,7,player_vs_player,fists,7.0,D4 Male,59,0,19
8,5,107,11,D6 Male,6,8,player_vs_player,fists,5.0,D3 Male,0,91,18
8,5,110,17,D9 Male,9,7,player_vs_player,fists,10.0,D6 Female,105,43,17
8,6,120,15,D8 Male,8,10,natural_causes,untreated wound,,,111,61,16
8,6,132,8,D5 Female,5,8,natural_causes,dehydration,,,33,111,15
8,6,135,16,D9 Female,9,5,natural_causes,dehydration,,,24,111,14
8,7,153,19,D10 Male,10,6,player_vs_player,rock,22.0,D12 Female,103,71,13
8,9,193,22,D12 Female,12,9,player_vs_player,knife,6.0,D4 Female,74,65,12
8,9,202,3,D2 Male,2,6,player_vs_player,fists,10.0,D6 Female,119,45,11
8,12,278,5,D3 Male,3,3,natural_causes,dehydration,,,11,60,10
8,12,282,1,D1 Male,1,6,player_vs_player,sword,4.0,D3 Female,99,58,9
8,12,283,14,D8 Female,8,5,player_vs_player,sword,4.0,D3 Female,98,58,8
8,13,290,10,D6 Female,6,10,player_vs_player,sword,4.0,D3 Female,99,62,7
8,14,325,20,D11 Female,11,12,gamemaker,arena hazard,,,19,50,6
8,14,332,6,D4 Female,4,5,player_vs_player,sword,4.0,D3 Female,94,60,5
8,15,336,12,D7 Female,7,11,natural_causes,dehydration,,,83,37,4
8,15,357,4,D3 Female,3,7,player_vs_player,bow,7.0,D4 Male,95,55,3
8,19,453,7,D4 Male,4,7,natural_causes,dehydration,,,61,52,2
9,2,42,20,D11 Female,11,7,player_vs_player,fists,11.0,D6 Male,95,0,24
9,3,63,12,D7 Female,7,4,player_vs_player,fists,22.0,D12 Female,13,115,23
9,3,64,13,D7 Male,7,1,player_vs_player,fists,23.0,D12 Male,15,18,22
9,4,74,9,D5 Male,5,6,player_vs_player,fists,4.0,D3 Female,104,87,21
9,4,81,14,D8 Female,8,6,player_vs_player,fists,4.0,D3 Female,101,87,20
9,4,92,4,D3 Female,3,9,player_vs_player,fists,17.0,D9 Male,99,87,19
9,5,116,8,D5 Female,5,7,player_vs_player,fists,10.0,D6 Female,39,17,18
9,7,157,11,D6 Male,6,10,player_vs_player,fists,16.0,D9 Female,93,5,17
9,7,163,0,D1 Female,1,5,player_vs_player,fists,17.0,D9 Male,82,116,16
9,8,171,22,D12 Female,12,8,natural_causes,dehydration,,,11,89,15
9,8,176,19,D10 Male,10,4,player_vs_player,knife,23.0,D12 Male,24,45,14
9,10,219,21,D11 Male,11,3,player_vs_player,knife,7.0,D4 Male,7,47,13
9,11,263,6,D4 Female,4,6,player_vs_player,sword,2.0,D2 Female,70,89,12
9,12,273,10,D6 Female,6,10,player_vs_player,knife,23.0,D12 Male,36,44,11
9,13,289,5,D3 Male,3,8,player_vs_player,fists,17.0,D9 Male,91,66,10
9,13,291,1,D1 Male,1,2,player_vs_player,knife,23.0,D12 Male,20,45,9
9,15,341,17,D9 Male,9,9,player_vs_player,bow,3.0,D2 Male,69,60,8
9,17,402,23,D12 Male,12,11,natural_causes,dehydration,,,49,42,7
9,18,413,18,D10 Female,10,6,player_vs_player,rock,16.0,D9 Female,76,65,6
9,18,430,15,D8 Male,8,7,natural_causes,dehydration,,,68,43,5
9,19,439,2,D2 Female,2,4,player_vs_player,spear,7.0,D4 Male,49,52,4
9,20,466,7,D4 Male,4,7,natural_causes,dehydration,,,39,62,3
9,21,480,16,D9 Female,9,7,player_vs_player,bow,3.0,D2 Male,69,57,2
10,2,40,22,D12 Female,12,1,player_vs_player,fists,23.0,D12 Male,14,14,24
10,2,44,6,D4 Female,4,3,player_vs_player,fists,8.0,D5 Female,11,78,23
10,3,49,9,D5 Male,5,5,player_vs_player,fists,16.0,D9 Female,104,110,22
10,3,58,10,D6 Female,6,7,player_vs_player,fists,7.0,D4 Male,69,27,21
10,3,67,17,D9 Male,9,7,player_vs_player,rock,21.0,D11 Male,104,28,20
10,4,72,21,D11 Male,11,10,natural_causes,dehydration,,,105,29,19
10,4,86,15,D8 Male,8,7,player_vs_player,fists,0.0,D1 Female,119,66,18
10,6,132,5,D3 Male,3,9,player_vs_player,fists,3.0,D2 Male,101,88,17
10,6,140,8,D5 Female,5,3,natural_causes,dehydration,,,23,83,16
10,7,157,23,D12 Male,12,3,player_vs_player,spear,18.0,D10 Female,37,40,15
10,7,157,1,D1 Male,1,7,player_vs_player,fists,7.0,D4 Male,27,29,14
10,8,171,19,D10 Male,10,5,player_vs_player,fists,14.0,D8 Female,35,76,13
10,8,181,16,D9 Female,9,5,player_vs_player,spear,20.0,D11 Female,81,76,12
10,9,202,20,D11 Female,11,6,player_vs_player,knife,3.0,D2 Male,77,75,11
10,9,202,3,D2 Male,2,6,player_vs_player,spear,20.0,D11 Female,78,75,10
10,10,216,14,D8 Female,8,8,player_vs_player,bow,13.0,D7 Male,42,79,9
10,11,242,18,D10 Female,10,8,player_vs_player,fists,7.0,D4 Male,13,21,8
10,12,276,4,D3 Female,3,7,player_vs_player,fists,11.0,D6 Male,19,39,7
10,12,281,11,D6 Male,6,12,player_vs_player,fists,7.0,D4 Male,22,40,6
10,17,385,13,D7 Male,7,8,player_vs_player,spear,7.0,D4 Male,52,61,5
10,17,386,12,D7 Female,7,7,player_vs_player,bow,2.0,D2 Female,60,50,4
10,17,386,0,D1 Female,1,10,natural_causes,dehydration,,,77,60,3
10,18,415,7,D4 Male,4,11,player_vs_player,bow,2.0,D2 Female,59,58,2
11,2,34,23,D12 Male,12,7,player_vs_player,fists,13.0,D7 Male,8,13,24
11,3,53,12,D7 Female,7,4,player_vs_player,fists,9.0,D5 Male,21,102,23
11,3,54,16,D9 Female,9,6,player_vs_player,fists,2.0,D2 Female,119,32,22
11,3,65,3,D2 Male,2,8,player_vs_player,fists,19.0,D10 Male,119,42,21
11,3,67,21,D11 Male,11,1,player_vs_player,fists,18.0,D10 Female,5,28,20
11,4,72,1,D1 Male,1,7,natural_causes,dehydration,,,101,99,19
11,4,87,6,D4 Female,4,7,player_vs_player,fists,8.0,D5 Female,41,70,18
11,5,96,0,D1 Female,1,8,player_vs_player,fists,15.0,D8 Male,73,19,17
11,5,98,11,D6 Male,6,7,player_vs_player,fists,4.0,D3 Female,11,33,16
11,5,113,10,D6 Female,6,6,player_vs_player,fists,15.0,D8 Male,80,18,15
11,5,116,15,D8 Male,8,6,player_vs_player,rock,14.0,D8 Female,81,19,14
11,6,123,20,D11 Female,11,6,player_vs_player,fists,19.0,D10 Male,118,67,13
11,6,126,13,D7 Male,7,10,player_vs_player,fists,4.0,D3 Female,0,48,12
11,9,193,18,D10 Female,10,2,natural_causes,untreated wound,,,43,48,11
11,9,207,7,D4 Male,4,5,player_vs_player,knife,8.0,D5 Female,59,91,10
11,12,284,22,D12 Female,12,6,player_vs_player,spear,9.0,D5 Male,87,74,9
11,12,284,19,D10 Male,10,6,player_vs_player,spear,5.0,D3 Male,94,60,8
11,13,301,14,D8 Female,8,6,natural_causes,dehydration,,,47,29,7
11,15,348,2,D2 Female,2,8,natural_causes,dehydration,,,76,36,6
11,16,360,17,D9 Male,9,4,player_vs_player,bow,4.0,D3 Female,46,38,5
11,18,426,8,D5 Female,5,4,player_vs_player,bow,4.0,D3 Female,60,66,4
11,19,437,5,D3 Male,3,5,player_vs_player,sword,9.0,D5 Male,64,50,3
11,20,456,9,D5 Male,5,7,natural_causes,dehydration,,,68,54,2
12,3,66,3,D2 Male,2,5,player_vs_player,fists,7.0,D4 Male,82,118,24
12,3,71,5,D3 Male,3,7,player_vs_player,fists,20.0,D11 Female,36,5,23
12,4,72,1,D1 Male,1,4,natural_causes,dehydration,,,4,103,22
12,4,72,4,D3 Female,3,6,natural_causes,dehydration,,,100,1,21
12,4,72,9,D5 Male,5,6,natural_causes,dehydration,,,110,13,20
12,4,72,18,D10 Female,10,9,natural_causes,dehydration,,,101,1,19
12,4,78,14,D8 Female,8,5,player_vs_player,fists,6.0,D4 Female,90,115,18
12,4,90,17,D9 Male,9,6,player_vs_player,fists,22.0,D12 Female,119,83,17
12,5,116,11,D6 Male,6,9,player_vs_player,fists,10.0,D6 Female,37,22,16
12,6,124,13,D7 Male,7,8,natural_causes,dehydration,,,37,92,15
12,6,136,20,D11 Female,11,10,player_vs_player,fists,10.0,D6 Female,39,21,14
12,8,181,2,D2 Female,2,6,player_vs_player,spear,16.0,D9 Female,29,51,13
12,8,187,22,D12 Female,12,9,natural_causes,dehydration,,,108,79,12
12,10,224,7,D4 Male,4,8,player_vs_player,knife,21.0,D11 Male,53,98,11
12,10,232,21,D11 Male,11,5,player_vs_player,rock,19.0,D10 Male,60,96,10
12,10,236,15,D8 Male,8,8,natural_causes,dehydration,,,21,62,9
12,12,280,8,D5 Female,5,4,player_vs_player,spear,16.0,D9 Female,34,68,8
12,13,290,19,D10 Male,10,5,natural_causes,untreated wound,,,60,84,7
12,15,347,0,D1 Female,1,3,player_vs_player,knife,6.0,D4 Female,50,52,6
12,16,369,10,D6 Female,6,7,player_vs_player,spear,16.0,D9 Female,45,54,5
12,16,372,23,D12 Male,12,6,player_vs_player,spear,12.0,D7 Female,77,66,4
12,17,392,6,D4 Female,4,8,player_vs_player,spear,16.0,D9 Female,64,42,3
12,19,436,12,D7 Female,7,6,gamemaker,arena hazard,,,71,60,2
13,2,34,6,D4 Female,4,7,player_vs_player,fists,3.0,D2 Male,37,0,24
13,3,49,12,D7 Female,7,7,player_vs_player,fists,16.0,D9 Female,79,3,23
13,3,53,23,D12 Male,12,10,player_vs_player,fists,16.0,D9 Female,78,0,22
13,3,57,21,D11 Male,11,7,player_vs_player,fists,19.0,D10 Male,119,44,21
13,3,61,22,D12 Female,12,4,player_vs_player,fists,2.0,D2 Female,6,78,20
13,4,72,10,D6 Female,6,8,natural_causes,dehydration,,,0,110,19
13,5,106,4,D3 Female,3,6,player_vs_player,fists,18.0,D10 Female,85,75,18
13,5,108,9,D5 Male,5,8,player_vs_player,rock,8.0,D5 Female,54,119,17
13,6,124,13,D7 Male,7,3,natural_causes,dehydration,,,53,74,16
13,7,150,20,D11 Female,11,3,player_vs_player,knife,11.0,D6 Male,28,73,15
13,7,160,0,D1 Female,1,9,natural_causes,dehydration,,,93,48,14
13,8,175,18,D10 Female,10,9,player_vs_player,fists,14.0,D8 Female,69,81,13
13,8,175,19,D10 Male,10,7,natural_causes,dehydration,,,91,51,12
13,9,204,5,D3 Male,3,6,player_vs_player,rock,8.0,D5 Female,70,75,11
13,10,234,8,D5 Female,5,4,player_vs_player,fists,17.0,D9 Male,71,77,10
13,11,263,14,D8 Female,8,4,player_vs_player,knife,7.0,D4 Male,56,66,9
13,12,269,3,D2 Male,2,7,player_vs_player,spear,2.0,D2 Female,44,37,8
13,12,287,16,D9 Female,9,7,player_vs_player,spear,2.0,D2 Female,56,38,7
13,14,319,17,D9 Male,9,6,player_vs_player,bow,7.0,D4 Male,74,72,6
13,14,327,2,D2 Female,2,3,player_vs_player,sword,15.0,D8 Male,54,48,5
13,14,331,1,D1 Male,1,8,player_vs_player,bow,7.0,D4 Male,62,69,4
13,15,350,11,D6 Male,6,8,player_vs_player,bow,7.0,D4 Male,60,63,3
13,17,391,15,D8 Male,8,10,player_vs_player,bow,7.0,D4 Male,60,58,2
14,2,27,6,D4 Female,4,6,player_vs_player,fists,11.0,D6 Male,119,36,24
14,2,32,14,D8 Female,8,9,player_vs_player,fists,23.0,D12 Male,60,113,23
14,2,43,7,D4 Male,4,10,player_vs_player,fists,4.0,D3 Female,15,22,22
14,3,57,10,D6 Female,6,1,player_vs_player,fists,4.0,D3 Female,15,24,21
14,3,62,12,D7 Female,7,8,player_vs_player,fists,1.0,D1 Male,96,19,20
14,3,69,22,D12 Female,12,5,player_vs_player,fists,18.0,D10 Female,83,117,19
14,4,72,8,D5 Female,5,9,player_vs_player,fists,9.0,D5 Male,86,54,18
14,4,72,16,D9 Female,9,5,natural_causes,dehydration,,,89,85,17
14,4,76,17,D9 Male,9,2,player_vs_player,fists,4.0,D3 Female,5,30,16
14,7,159,19,D10 Male,10,9,natural_causes,dehydration,,,10,82,15
14,7,163,21,D11 Male,11,4,player_vs_player,spear,23.0,D12 Male,61,102,14
14,8,180,11,D6 Male,6,7,natural_causes,dehydration,,,106,48,13
14,9,204,20,D11 Female,11,10,natural_causes,dehydration,,,87,56,12
14,10,217,9,D5 Male,5,6,player_vs_player,knife,13.0,D7 Male,87,92,11
14,10,217,13,D7 Male,7,9,natural_causes,untreated wound,,,87,90,10
14,10,225,2,D2 Female,2,3,player_vs_player,knife,3.0,D2 Male,31,60,9
14,10,227,15,D8 Male,8,10,natural_causes,untreated wound,,,60,23,8
14,11,248,3,D2 Male,2,8,player_vs_player,spear,4.0,D3 Female,34,53,7
14,12,268,18,D10 Female,10,5,player_vs_player,bow,5.0,D3 Male,77,73,6
14,14,335,23,D12 Male,12,5,player_vs_player,spear,0.0,D1 Female,61,80,5
14,14,335,4,D3 Female,3,8,player_vs_player,bow,5.0,D3 Male,47,53,4
14,15,338,1,D1 Male,1,7,player_vs_player,bow,5.0,D3 Male,48,48,3
14,17,405,0,D1 Female,1,3,player_vs_player,bow,5.0,D3 Male,63,62,2
15,2,41,12,D7 Female,7,8,player_vs_player,fists,8.0,D5 Female,24,0,24
15,2,42,13,D7 Male,7,6,player_vs_player,fists,5.0,D3 Male,93,111,23
15,2,43,6,D4 Female,4,8,player_vs_player,fists,21.0,D11 Male,0,48,22
15,2,46,21,D11 Male,11,4,player_vs_player,fists,18.0,D10 Female,0,48,21
15,2,47,0,D1 Female,1,4,player_vs_player,fists,20.0,D11 Female,22,106,20
15,3,56,11,D6 Male,6,6,player_vs_player,fists,23.0,D12 Male,119,89,19
15,3,60,23,D12 Male,12,7,player_vs_player,fists,3.0,D2 Male,117,90,18
15,4,72,17,D9 Male,9,8,natural_causes,dehydration,,,19,7,17
15,4,74,2,D2 Female,2,8,player_vs_player,fists,4.0,D3 Female,12,95,16
15,4,77,7,D4 Male,4,7,player_vs_player,rock,19.0,D10 Male,77,0,15
15,5,112,19,D10 Male,10,8,natural_causes,untreated wound,,,78,10,14
15,5,115,9,D5 Male,5,12,natural_causes,dehydration,,,47,1,13
15,6,124,1,D1 Male,1,11,player_vs_player,fists,16.0,D9 Female,106,18,12
15,7,152,8,D5 Female,5,12,natural_causes,untreated wound,,,23,16,11
15,8,178,14,D8 Female,8,4,player_vs_player,knife,18.0,D10 Female,21,71,10
15,9,197,20,D11 Female,11,5,player_vs_player,knife,18.0,D10 Female,30,79,9
15,9,204,4,D3 Female,3,4,natural_causes,untreated wound,,,38,78,8
15,10,221,16,D9 Female,9,7,player_vs_player,spear,3.0,D2 Male,84,23,7
15,10,221,15,D8 Male,8,5,player_vs_player,bow,10.0,D6 Female,68,84,6
15,12,269,3,D2 Male,2,9,gamemaker,arena hazard,,,79,25,5
15,15,336,18,D10 Female,10,2,player_vs_player,bow,10.0,D6 Female,54,65,4
15,17,384,5,D3 Male,3,9,player_vs_player,bow,10.0,D6 Female,64,60,3
15,17,387,22,D12 Female,12,7,gamemaker,arena hazard,,,60,48,2
16,2,44,15,D8 Male,8,7,player_vs_player,fists,16.0,D9 Female,32,2,24
16,2,46,17,D9 Male,9,4,player_vs_player,fists,1.0,D1 Male,0,43,23
16,3,68,21,D11 Male,11,7,player_vs_player,fists,12.0,D7 Female,68,1,22
16,4,72,16,D9 Female,9,7,natural_causes,dehydration,,,41,0,21
16,4,90,9,D5 Male,5,6,player_vs_player,fists,0.0,D1 Female,108,61,20
16,4,94,23,D12 Male,12,5,player_vs_player,fists,4.0,D3 Female,21,79,19
16,6,120,14,D8 Female,8,6,player_vs_player,fists,19.0,D10 Male,112,97,18
16,6,132,11,D6 Male,6,5,player_vs_player,rock,3.0,D2 Male,72,98,17
16,6,135,22,D12 Female,12,8,player_vs_player,fists,4.0,D3 Female,28,84,16
16,6,135,7,D4 Male,4,8,natural_causes,untreated wound,,,55,95,15
16,6,136,2,D2 Female,2,6,natural_causes,dehydration,,,104,3,14
16,6,143,12,D7 Female,7,10,natural_causes,dehydration,,,99,3,13
16,8,170,1,D1 Male,1,3,natural_causes,untreated wound,,,17,49,12
16,9,194,4,D3 Female,3,7,player_vs_player,knife,18.0,D10 Female,13,78,11
16,9,196,0,D1 Female,1,8,player_vs_player,spear,20.0,D11 Female,115,61,10
16,10,231,19,D10 Male,10,6,player_vs_player,spear,3.0,D2 Male,90,76,9
16,11,251,20,D11 Female,11,6,natural_causes,untreated wound,,,101,61,8
16,11,258,18,D10 Female,10,5,player_vs_player,spear,6.0,D4 Female,14,74,7
16,13,291,10,D6 Female,6,10,natural_causes,dehydration,,,60,13,6
16,13,306,13,D7 Male,7,10,gamemaker,arena hazard,,,60,20,5
16,17,388,3,D2 Male,2,8,player_vs_player,sword,5.0,D3 Male,69,60,4
16,17,389,6,D4 Female,4,5,player_vs_player,spear,8.0,D5 Female,53,62,3
16,18,422,8,D5 Female,5,4,player_vs_player,bow,5.0,D3 Male,55,60,2
17,2,41,0,D1 Female,1,6,player_vs_player,fists,18.0,D10 Female,119,72,24
17,5,96,17,D9 Male,9,9,player_vs_player,fists,2.0,D2 Female,26,24,23
17,5,107,22,D12 Female,12,6,player_vs_player,fists,15.0,D8 Male,60,115,22
17,5,108,2,D2 Female,2,1,natural_causes,dehydration,,,21,24,21
17,5,108,3,D2 Male,2,3,natural_causes,dehydration,,,36,90,20
17,5,111,6,D4 Female,4,9,player_vs_player,fists,5.0,D3 Male,103,110,19
17,5,111,5,D3 Male,3,5,player_vs_player,fists,6.0,D4 Female,104,110,18
17,6,120,19,D10 Male,10,9,player_vs_player,fists,10.0,D6 Female,30,40,17
17,6,123,14,D8 Female,8,1,player_vs_player,fists,9.0,D5 Male,52,30,16
17,7,167,16,D9 Female,9,9,player_vs_player,knife,7.0,D4 Male,39,86,15
17,8,172,18,D10 Female,10,10,natural_causes,untreated wound,,,100,30,14
17,8,175,13,D7 Male,7,10,natural_causes,dehydration,,,77,44,13
17,10,233,21,D11 Male,11,10,player_vs_player,knife,4.0,D3 Female,96,61,12
17,10,234,23,D12 Male,12,8,player_vs_player,knife,9.0,D5 Male,66,34,11
17,11,243,7,D4 Male,4,2,player_vs_player,spear,15.0,D8 Male,42,75,10
17,11,260,4,D3 Female,3,7,natural_causes,dehydration,,,100,52,9
17,12,276,9,D5 Male,5,10,player_vs_player,knife,11.0,D6 Male,64,41,8
17,13,290,10,D6 Female,6,10,player_vs_player,bow,20.0,D11 Female,43,59,7
17,13,294,12,D7 Female,7,6,natural_causes,untreated wound,,,94,61,6
17,14,315,1,D1 Male,1,8,gamemaker,arena hazard,,,60,17,5
17,17,389,20,D11 Female,11,3,player_vs_player,sword,8.0,D5 Female,52,48,4
17,17,389,8,D5 Female,5,9,player_vs_player,bow,15.0,D8 Male,51,49,3
17,17,405,15,D8 Male,8,4,player_vs_player,spear,11.0,D6 Male,61,42,2
18,3,65,14,D8 Female,8,6,player_vs_player,fists,0.0,D1 Female,106,74,24
18,3,67,23,D12 Male,12,8,player_vs_player,fists,3.0,D2 Male,82,5,23
18,3,69,4,D3 Female,3,7,player_vs_player,fists,16.0,D9 Female,108,26,22
18,3,71,10,D6 Female,6,7,player_vs_player,fists,16.0,D9 Female,108,27,21
18,4,72,7,D4 Male,4,8,natural_causes,dehydration,,,51,10,20
18,4,72,15,D8 Male,8,6,natural_causes,dehydration,,,107,108,19
18,4,74,9,D5 Male,5,4,player_vs_player,fists,18.0,D10 Female,42,72,18
18,4,81,16,D9 Female,9,10,natural_causes,untreated wound,,,108,25,17
18,4,83,13,D7 Male,7,8,player_vs_player,fists,2.0,D2 Female,72,10,16
18,4,84,11,D6 Male,6,6,player_vs_player,fists,0.0,D1 Female,119,83,15
18,6,135,1,D1 Male,1,5,natural_causes,dehydration,,,65,114,14
18,6,136,6,D4 Female,4,3,player_vs_player,fists,22.0,D12 Female,13,85,13
18,6,136,2,D2 Female,2,7,natural_causes,untreated wound,,,83,9,12
18,6,139,20,D11 Female,11,4,player_vs_player,spear,18.0,D10 Female,26,75,11
18,7,157,17,D9 Male,9,3,player_vs_player,fists,5.0,D3 Male,10,41,10
18,7,167,21,D11 Male,11,9,player_vs_player,spear,18.0,D10 Female,29,87,9
18,7,167,5,D3 Male,3,11,player_vs_player,rock,8.0,D5 Female,12,41,8
18,8,181,0,D1 Female,1,9,player_vs_player,fists,12.0,D7 Female,117,76,7
18,11,261,8,D5 Female,5,3,player_vs_player,spear,22.0,D12 Female,29,55,6
18,13,300,18,D10 Female,10,9,player_vs_player,spear,22.0,D12 Female,35,61,5
18,13,300,22,D12 Female,12,9,player_vs_player,spear,18.0,D10 Female,34,61,4
18,15,351,19,D10 Male,10,4,gamemaker,arena hazard,,,51,75,3
18,16,371,3,D2 Male,2,10,natural_causes,dehydration,,,60,44,2
19,2,35,17,D9 Male,9,4,player_vs_player,fists,6.0,D4 Female,49,110,24
19,2,36,14,D8 Female,8,4,player_vs_player,fists,5.0,D3 Male,99,119,23
19,3,52,11,D6 Male,6,2,player_vs_player,fists,18.0,D10 Female,8,35,22
19,3,57,12,D7 Female,7,6,player_vs_player,fists,19.0,D10 Male,74,3,21
19,3,64,21,D11 Male,11,4,player_vs_player,fists,7.0,D4 Male,3,62,20
19,3,70,9,D5 Male,5,7,player_vs_player,fists,10.0,D6 Female,43,19,19
19,4,72,15,D8 Male,8,4,natural_causes,dehydration,,,88,101,18
19,4,91,2,D2 Female,2,3,player_vs_player,fists,7.0,D4 Male,20,80,17
19,5,96,0,D1 Female,1,4,player_vs_player,spear,13.0,D7 Male,95,80,16
19,5,100,23,D12 Male,12,6,player_vs_player,fists,3.0,D2 Male,89,12,15
19,5,108,5,D3 Male,3,8,natural_causes,dehydration,,,88,108,14
19,6,136,19,D10 Male,10,6,player_vs_player,rock,22.0,D12 Female,79,14,13
19,6,142,20,D11 Female,11,4,player_vs_player,fists,8.0,D5 Female,32,89,12
19,7,150,3,D2 Male,2,8,player_vs_player,rock,22.0,D12 Female,77,5,11
19,7,154,4,D3 Female,3,8,player_vs_player,spear,13.0,D7 Male,119,66,10
19,7,161,16,D9 Female,9,3,player_vs_player,fists,18.0,D10 Female,0,46,9
19,9,213,6,D4 Female,4,8,player_vs_player,spear,8.0,D5 Female,53,90,8
19,10,224,18,D10 Female,10,10,natural_causes,dehydration,,,5,45,7
19,14,317,10,D6 Female,6,6,player_vs_player,spear,7.0,D4 Male,54,52,6
19,15,346,1,D1 Male,1,5,player_vs_player,spear,13.0,D7 Male,73,48,5
19,16,365,13,D7 Male,7,4,player_vs_player,bow,7.0,D4 Male,72,53,4
19,16,373,7,D4 Male,4,7,player_vs_player,sword,8.0,D5 Female,65,51,3
19,18,427,8,D5 Female,5,8,player_vs_player,knife,22.0,D12 Female,60,57,2
20,2,47,14,D8 Female,8,1,player_vs_player,fists,0.0,D1 Female,16,25,24
20,3,57,4,D3 Female,3,6,player_vs_player,fists,23.0,D12 Male,107,75,23
20,3,61,2,D2 Female,2,6,player_vs_player,fists,21.0,D11 Male,119,43,22
20,3,71,5,D3 Male,3,7,player_vs_player,fists,11.0,D6 Male,33,3,21
20,4,72,3,D2 Male,2,3,player_vs_player,fists,20.0,D11 Female,33,99,20
20,4,72,1,D1 Male,1,7,natural_causes,dehydration,,,11,56,19
20,4,72,12,D7 Female,7,3,natural_causes,dehydration,,,11,92,18
20,4,94,10,D6 Female,6,5,player_vs_player,fists,18.0,D10 Female,86,102,17
20,6,135,7,D4 Male,4,8,player_vs_player,rock,23.0,D12 Male,94,90,16
20,6,138,6,D4 Female,4,6,player_vs_player,rock,23.0,D12 Male,95,91,15
20,6,138,16,D9 Female,9,7,player_vs_player,rock,13.0,D7 Male,65,0,14
20,7,146,18,D10 Female,10,8,player_vs_player,knife,22.0,D12 Female,84,103,13
20,7,148,11,D6 Male,6,7,player_vs_player,fists,15.0,D8 Male,41,1,12
20,8,182,15,D8 Male,8,10,natural_causes,untreated wound,,,49,11,11
20,11,249,13,D7 Male,7,7,natural_causes,dehydration,,,60,19,10
20,13,298,21,D11 Male,11,7,player_vs_player,spear,23.0,D12 Male,85,56,9
20,14,316,8,D5 Female,5,3,player_vs_player,sword,9.0,D5 Male,37,54,8
20,14,319,19,D10 Male,10,4,natural_causes,dehydration,,,78,56,7
20,14,326,22,D12 Female,12,5,natural_causes,dehydration,,,54,57,6
20,15,344,20,D11 Female,11,8,natural_causes,dehydration,,,60,91,5
20,15,352,23,D12 Male,12,9,player_vs_player,knife,17.0,D9 Male,89,70,4
20,15,356,17,D9 Male,9,10,gamemaker,arena hazard,,,90,68,3
20,18,415,9,D5 Male,5,1,player_vs_player,spear,0.0,D1 Female,51,62,2
20,18,415,0,D1 Female,1,12,player_vs_player,sword,9.0,D5 Male,51,60,1
21,3,55,11,D6 Male,6,8,player_vs_player,fists,3.0,D2 Male,49,22,24
21,3,55,7,D4 Male,4,6,player_vs_player,fists,4.0,D3 Female,111,22,23
21,4,77,3,D2 Male,2,9,natural_causes,untreated wound,,,55,28,22
21,4,79,1,D1 Male,1,1,player_vs_player,fists,0.0,D1 Female,17,33,21
21,5,118,14,D8 Female,8,3,player_vs_player,fists,8.0,D5 Female,2,37,20
21,6,128,12,D7 Female,7,6,player_vs_player,fists,20.0,D11 Female,89,96,19
21,6,128,6,D4 Female,4,8,natural_causes,dehydration,,,18,108,18
21,6,129,5,D3 Male,3,6,player_vs_player,fists,15.0,D8 Male,87,23,17
21,6,131,9,D5 Male,5,8,player_vs_player,rock,17.0,D9 Male,28,74,16
21,6,139,13,D7 Male,7,4,natural_causes,dehydration,,,18,106,15
21,7,151,4,D3 Female,3,9,player_vs_player,fists,15.0,D8 Male,87,28,14
21,7,162,20,D11 Female,11,9,player_vs_player,spear,23.0,D12 Male,96,78,13
21,7,166,15,D8 Male,8,7,natural_causes,dehydration,,,87,19,12
21,8,171,22,D12 Female,12,9,player_vs_player,spear,23.0,D12 Male,92,82,11
21,9,205,16,D9 Female,9,2,player_vs_player,fists,0.0,D1 Female,22,21,10
21,9,207,19,D10 Male,10,5,player_vs_player,bow,10.0,D6 Female,58,76,9
21,11,242,21,D11 Male,11,6,player_vs_player,bow,10.0,D6 Female,72,72,8
21,12,279,17,D9 Male,9,3,natural_causes,dehydration,,,19,60,7
21,13,298,8,D5 Female,5,8,natural_causes,dehydration,,,31,47,6
21,14,332,0,D1 Female,1,9,player_vs_player,bow,18.0,D10 Female,47,40,5
21,17,388,23,D12 Male,12,6,player_vs_player,bow,10.0,D6 Female,67,60,4
21,17,394,2,D2 Female,2,3,player_vs_player,bow,18.0,D10 Female,58,69,3
21,17,404,18,D10 Female,10,8,player_vs_player,bow,10.0,D6 Female,59,67,2
22,2,44,16,D9 Female,9,6,player_vs_player,fists,11.0,D6 Male,114,66,24
22,3,63,23,D12 Male,12,4,player_vs_player,fists,14.0,D8 Female,17,77,23
22,4,72,10,D6 Female,6,4,natural_causes,dehydration,,,2,102,22
22,5,106,17,D9 Male,9,3,player_vs_player,fists,12.0,D7 Female,20,62,21
22,5,108,7,D4 Male,4,8,player_vs_player,fists,11.0,D6 Male,89,64,20
22,5,111,20,D11 Female,11,5,player_vs_player,fists,18.0,D10 Female,93,66,19
22,5,112,9,D5 Male,5,9,player_vs_player,fists,3.0,D2 Male,80,11,18
22,5,114,11,D6 Male,6,9,player_vs_player,fists,18.0,D10 Female,94,67,17
22,5,118,5,D3 Male,3,9,player_vs_player,knife,6.0,D4 Female,83,32,16
22,6,137,8,D5 Female,5,8,natural_causes,dehydration,,,34,85,15
22,7,149,3,D2 Male,2,6,natural_causes,untreated wound,,,80,6,14
22,7,167,21,D11 Male,11,5,player_vs_player,rock,1.0,D1 Male,29,87,13
22,7,167,0,D1 Female,1,6,player_vs_player,knife,6.0,D4 Female,102,30,12
22,8,174,4,D3 Female,3,8,natural_causes,dehydration,,,106,57,11
22,8,187,14,D8 Female,8,8,natural_causes,untreated wound,,,28,72,10
22,9,211,15,D8 Male,8,6,player_vs_player,spear,19.0,D10 Male,82,37,9
22,13,291,13,D7 Male,7,7,player_vs_player,spear,12.0,D7 Female,48,29,8
22,13,307,12,D7 Female,7,2,player_vs_player,knife,22.0,D12 Female,60,42,7
22,16,373,6,D4 Female,4,6,player_vs_player,knife,22.0,D12 Female,60,37,6
22,17,388,18,D10 Female,10,6,natural_causes,dehydration,,,79,70,5
22,18,428,2,D2 Female,2,5,player_vs_player,sword,1.0,D1 Male,61,72,4
22,18,430,22,D12 Female,12,10,player_vs_player,spear,19.0,D10 Male,60,44,3
22,19,448,19,D10 Male,10,7,natural_causes,dehydration,,,60,41,2
23,2,31,12,D7 Female,7,5,player_vs_player,fists,2.0,D2 Female,93,119,24
23,2,36,1,D1 Male,1,10,player_vs_player,fists,10.0,D6 Female,114,21,23
23,2,43,10,D6 Female,6,6,player_vs_player,fists,21.0,D11 Male,112,22,22
23,3,48,22,D12 Female,12,6,player_vs_player,fists,7.0,D4 Male,113,72,21
23,3,61,0,D1 Female,1,6,player_vs_player,fists,13.0,D7 Male,80,33,20
23,3,64,15,D8 Male,8,5,player_vs_player,fists,18.0,D10 Female,43,104,19
23,3,68,23,D12 Male,12,7,player_vs_player,fists,5.0,D3 Male,53,6,18
23,4,72,14,D8 Female,8,5,natural_causes,dehydration,,,88,110,17
23,4,74,20,D11 Female,11,5,player_vs_player,fists,19.0,D10 Male,13,85,16
23,4,74,16,D9 Female,9,5,player_vs_player,fists,18.0,D10 Female,41,104,15
23,4,79,18,D10 Female,10,8,natural_causes,untreated wound,,,43,104,14
23,5,96,6,D4 Female,4,4,player_vs_player,fists,19.0,D10 Male,9,88,13
23,7,160,7,D4 Male,4,10,player_vs_player,knife,9.0,D5 Male,94,50,12
23,7,165,11,D6 Male,6,3,player_vs_player,knife,8.0,D5 Female,31,35,11
23,8,172,17,D9 Male,9,4,player_vs_player,fists,4.0,D3 Female,28,31,10
23,8,174,8,D5 Female,5,6,player_vs_player,fists,4.0,D3 Female,29,31,9
23,11,250,5,D3 Male,3,7,player_vs_player,bow,3.0,D2 Male,48,30,8
23,11,257,21,D11 Male,11,6,player_vs_player,knife,13.0,D7 Male,55,20,7
23,14,317,19,D10 Male,10,8,natural_causes,dehydration,,,39,76,6
23,14,323,13,D7 Male,7,11,player_vs_player,bow,3.0,D2 Male,60,35,5
23,15,357,3,D2 Male,2,7,player_vs_player,bow,4.0,D3 Female,60,46,4
23,17,391,4,D3 Female,3,11,player_vs_player,spear,9.0,D5 Male,64,58,3
23,17,395,9,D5 Male,5,5,player_vs_player,sword,2.0,D2 Female,64,60,2
24,2,35,6,D4 Female,4,6,player_vs_player,fists,23.0,D12 Male,94,8,24
24,2,42,19,D10 Male,10,1,player_vs_player,fists,4.0,D3 Female,4,22,23
24,2,44,1,D1 Male,1,7,player_vs_player,fists,7.0,D4 Male,17,1,22
24,3,67,16,D9 Female,9,2,player_vs_player,fists,14.0,D8 Female,4,104,21
24,4,72,7,D4 Male,4,7,natural_causes,dehydration,,,23,0,20
24,4,73,0,D1 Female,1,2,player_vs_player,fists,22.0,D12 Female,68,96,19
24,4,83,8,D5 Female,5,3,player_vs_player,fists,11.0,D6 Male,71,99,18
24,4,88,4,D3 Female,3,10,player_vs_player,fists,10.0,D6 Female,0,50,17
24,5,113,10,D6 Female,6,1,player_vs_player,fists,2.0,D2 Female,0,52,16
24,5,117,9,D5 Male,5,6,player_vs_player,fists,15.0,D8 Male,107,33,15
24,6,120,15,D8 Male,8,9,player_vs_player,fists,18.0,D10 Female,107,31,14
24,6,122,11,D6 Male,6,8,player_vs_player,fists,22.0,D12 Female,57,80,13
24,6,125,2,D2 Female,2,1,player_vs_player,knife,20.0,D11 Female,0,53,12
24,6,133,3,D2 Male,2,8,player_vs_player,fists,21.0,D11 Male,72,81,11
24,7,147,5,D3 Male,3,4,player_vs_player,spear,21.0,D11 Male,65,79,10
24,9,205,22,D12 Female,12,4,natural_causes,untreated wound,,,58,56,9
24,9,206,13,D7 Male,7,5,natural_causes,dehydration,,,115,69,8
24,9,215,18,D10 Female,10,6,player_vs_player,knife,17.0,D9 Male,102,27,7
24,11,247,20,D11 Female,11,8,gamemaker,arena hazard,,,9,54,6
24,12,275,23,D12 Male,12,7,player_vs_player,knife,17.0,D9 Male,81,30,5
24,13,309,17,D9 Male,9,9,player_vs_player,sword,12.0,D7 Female,74,39,4
24,16,365,14,D8 Female,8,8,player_vs_player,bow,21.0,D11 Male,60,58,3
24,17,393,21,D11 Male,11,5,player_vs_player,sword,12.0,D7 Female,61,70,2
25,2,40,17,D9 Male,9,3,player_vs_player,fists,14.0,D8 Female,2,26,24
25,2,42,20,D11 Female,11,5,player_vs_player,fists,12.0,D7 Female,53,102,23
25,2,44,19,D10 Male,10,7,player_vs_player,fists,5.0,D3 Male,96,36,22
25,3,58,6,D4 Female,4,5,player_vs_player,fists,9.0,D5 Male,89,118,21
25,3,70,21,D11 Male,11,8,player_vs_player,fists,23.0,D12 Male,37,20,20
25,4,76,15,D8 Male,8,8,player_vs_player,fists,23.0,D12 Male,37,21,19
25,4,83,10,D6 Female,6,7,player_vs_player,fists,1.0,D1 Male,58,6,18
25,4,88,22,D12 Female,12,5,player_vs_player,fists,12.0,D7 Female,38,119,17
25,5,115,0,D1 Female,1,10,player_vs_player,rock,5.0,D3 Male,97,6,16
25,7,148,23,D12 Male,12,11,player_vs_player,fists,1.0,D1 Male,70,2,15
25,8,169,12,D7 Female,7,9,natural_causes,untreated wound,,,54,114,14
25,8,183,1,D1 Male,1,7,player_vs_player,fists,2.0,D2 Female,57,8,13
25,8,184,18,D10 Female,10,4,natural_causes,untreated wound,,,22,77,12
25,9,203,7,D4 Male,4,8,player_vs_player,sword,8.0,D5 Female,26,71,11
25,10,216,13,D7 Male,7,7,player_vs_player,spear,11.0,D6 Male,83,25,10
25,11,252,4,D3 Female,3,8,player_vs_player,sword,8.0,D5 Female,11,60,9
25,11,255,11,D6 Male,6,6,player_vs_player,knife,5.0,D3 Male,61,48,8
25,13,305,2,D2 Female,2,12,player_vs_player,spear,5.0,D3 Male,52,31,7
25,13,309,9,D5 Male,5,5,natural_causes,dehydration,,,54,98,6
25,14,318,14,D8 Female,8,3,player_vs_player,bow,16.0,D9 Female,50,52,5
25,17,393,8,D5 Female,5,3,player_vs_player,bow,16.0,D9 Female,49,60,4
25,18,427,5,D3 Male,3,10,player_vs_player,bow,16.0,D9 Female,54,57,3
25,19,442,16,D9 Female,9,6,player_vs_player,sword,3.0,D2 Male,58,59,2
26,2,47,1,D1 Male,1,3,player_vs_player,fists,18.0,D10 Female,12,82,24
26,3,64,5,D3 Male,3,6,player_vs_player,fists,4.0,D3 Female,101,41,23
26,3,66,19,D10 Male,10,6,player_vs_player,fists,3.0,D2 Male,94,87,22
26,3,70,7,D4 Male,4,5,player_vs_player,rock,12.0,D7 Female,75,112,21
26,3,71,21,D11 Male,11,10,player_vs_player,fists,14.0,D8 Female,119,12,20
26,4,78,15,D8 Male,8,4,player_vs_player,fists,18.0,D10 Female,0,98,19
26,4,85,18,D10 Female,10,8,natural_causes,untreated wound,,,1,98,18
26,4,90,23,D12 Male,12,8,player_vs_player,fists,0.0,D1 Female,37,1,17
26,4,90,9,D5 Male,5,7,player_vs_player,fists,16.0,D9 Female,51,0,16
26,5,107,0,D1 Female,1,10,natural_causes,dehydration,,,26,7,15
26,5,109,22,D12 Female,12,10,player_vs_player,fists,3.0,D2 Male,90,74,14
26,5,118,6,D4 Female,4,6,player_vs_player,fists,3.0,D2 Male,83,74,13
26,6,137,20,D11 Female,11,3,natural_causes,dehydration,,,26,60,12
26,7,151,11,D6 Male,6,2,player_vs_player,knife,2.0,D2 Female,26,60,11
26,7,156,3,D2 Male,2,9,player_vs_player,spear,13.0,D7 Male,81,67,10
26,7,166,10,D6 Female,6,7,natural_causes,dehydration,,,53,13,9
26,7,167,14,D8 Female,8,7,natural_causes,dehydration,,,85,8,8
26,11,262,2,D2 Female,2,4,player_vs_player,fists,8.0,D5 Female,18,60,7
26,13,304,12,D7 Female,7,9,natural_causes,dehydration,,,72,96,6
26,15,351,8,D5 Female,5,8,player_vs_player,rock,17.0,D9 Male,37,60,5
26,18,415,13,D7 Male,7,6,player_vs_player,bow,4.0,D3 Female,64,62,4
26,18,416,17,D9 Male,9,5,player_vs_player,sword,16.0,D9 Female,52,59,3
26,19,455,4,D3 Female,3,6,player_vs_player,sword,16.0,D9 Female,62,60,2
27,3,55,8,D5 Female,5,3,player_vs_player,fists,3.0,D2 Male,11,65,24
27,3,59,2,D2 Female,2,9,player_vs_player,fists,0.0,D1 Female,94,113,23
27,4,72,13,D7 Male,7,7,player_vs_player,fists,11.0,D6 Male,63,4,22
27,4,72,16,D9 Female,9,2,player_vs_player,fists,10.0,D6 Female,3,22,21
27,4,72,11,D6 Male,6,7,natural_causes,dehydration,,,63,4,20
27,4,72,17,D9 Male,9,7,natural_causes,dehydration,,,62,7,19
27,4,73,6,D4 Female,4,5,player_vs_player,fists,14.0,D8 Female,68,104,18
27,4,92,9,D5 Male,5,6,player_vs_player,fists,0.0,D1 Female,107,118,17
27,5,114,22,D12 Female,12,4,player_vs_player,rock,4.0,D3 Female,15,80,16
27,6,141,7,D4 Male,4,6,player_vs_player,knife,20.0,D11 Female,52,87,15
27,6,143,23,D12 Male,12,6,player_vs_player,fists,0.0,D1 Female,77,119,14
27,7,163,20,D11 Female,11,10,natural_causes,dehydration,,,59,102,13
27,8,180,15,D8 Male,8,10,natural_causes,dehydration,,,104,18,12
27,11,259,12,D7 Female,7,10,natural_causes,dehydration,,,60,16,11
27,12,266,21,D11 Male,11,4,natural_causes,dehydration,,,52,103,10
27,12,276,5,D3 Male,3,7,player_vs_player,bow,3.0,D2 Male,50,28,9
27,13,294,1,D1 Male,1,8,player_vs_player,spear,4.0,D3 Female,24,83,8
27,14,315,10,D6 Female,6,11,natural_causes,dehydration,,,28,31,7
27,15,345,14,D8 Female,8,9,gamemaker,arena hazard,,,74,100,6
27,17,406,18,D10 Female,10,7,natural_causes,dehydration,,,69,48,5
27,18,414,0,D1 Female,1,5,player_vs_player,bow,3.0,D2 Male,53,58,4
27,18,430,4,D3 Female,3,3,player_vs_player,bow,3.0,D2 Male,45,56,3
27,19,433,3,D2 Male,2,7,player_vs_player,spear,19.0,D10 Male,48,56,2
28,2,41,17,D9 Male,9,4,player_vs_player,fists,10.0,D6 Female,26,109,24
28,3,49,19,D10 Male,10,3,player_vs_player,fists,21.0,D11 Male,1,18,23
28,3,64,14,D8 Female,8,6,player_vs_player,rock,3.0,D2 Male,119,55,22
28,3,67,16,D9 Female,9,8,player_vs_player,fists,8.0,D5 Female,39,18,21
28,3,68,12,D7 Female,7,3,player_vs_player,fists,21.0,D11 Male,11,22,20
28,4,72,13,D7 Male,7,8,natural_causes,dehydration,,,8,90,19
28,4,72,22,D12 Female,12,9,natural_causes,dehydration,,,83,114,18
28,4,80,7,D4 Male,4,6,player_vs_player,fists,20.0,D11 Female,84,1,17
28,5,104,1,D1 Male,1,5,player_vs_player,fists,6.0,D4 Female,50,115,16
28,5,107,4,D3 Female,3,5,player_vs_player,fists,6.0,D4 Female,51,114,15
28,6,122,5,D3 Male,3,3,player_vs_player,fists,2.0,D2 Female,0,83,14
28,6,135,6,D4 Female,4,5,natural_causes,untreated wound,,,61,113,13
28,7,157,20,D11 Female,11,7,player_vs_player,rock,9.0,D5 Male,59,0,12
28,7,160,2,D2 Female,2,3,player_vs_player,fists,10.0,D6 Female,0,93,11
28,8,171,18,D10 Female,10,6,player_vs_player,knife,15.0,D8 Male,95,55,10
28,8,191,8,D5 Female,5,7,natural_causes,untreated wound,,,32,25,9
28,9,203,3,D2 Male,2,9,player_vs_player,fists,11.0,D6 Male,111,63,8
28,11,254,11,D6 Male,6,6,natural_causes,untreated wound,,,99,60,7
28,14,313,23,D12 Male,12,10,player_vs_player,knife,15.0,D8 Male,88,23,6
28,14,330,10,D6 Female,6,8,natural_causes,dehydration,,,11,77,5
28,19,433,9,D5 Male,5,10,player_vs_player,knife,21.0,D11 Male,61,44,4
28,21,482,21,D11 Male,11,11,gamemaker,arena hazard,,,60,50,3
28,21,503,15,D8 Male,8,6,player_vs_player,spear,0.0,D1 Female,60,54,2
29,2,47,11,D6 Male,6,6,player_vs_player,fists,18.0,D10 Female,117,49,24
29,3,55,10,D6 Female,6,3,player_vs_player,fists,0.0,D1 Female,8,85,23
29,3,68,3,D2 Male,2,9,player_vs_player,fists,14.0,D8 Female,91,82,22
29,4,72,2,D2 Female,2,10,natural_causes,dehydration,,,37,0,21
29,4,82,1,D1 Male,1,2,player_vs_player,fists,20.0,D11 Female,14,46,20
29,5,114,18,D10 Female,10,10,player_vs_player,fists,7.0,D4 Male,112,54,19
29,6,125,19,D10 Male,10,4,natural_causes,untreated wound,,,36,110,18
29,6,133,7,D4 Male,4,6,player_vs_player,fists,16.0,D9 Female,108,67,17
29,7,149,14,D8 Female,8,5,player_vs_player,sword,5.0,D3 Male,72,60,16
29,7,156,13,D7 Male,7,7,natural_causes,dehydration,,,55,32,15
29,7,163,8,D5 Female,5,6,player_vs_player,sword,5.0,D3 Male,80,61,14
29,9,199,0,D1 Female,1,8,player_vs_player,fists,17.0,D9 Male,27,82,13
29,9,213,9,D5 Male,5,7,natural_causes,dehydration,,,21,16,12
29,10,222,21,D11 Male,11,4,player_vs_player,spear,15.0,D8 Male,38,72,11
29,12,277,17,D9 Male,9,9,natural_causes,untreated wound,,,50,67,10
29,12,286,16,D9 Female,9,7,player_vs_player,sword,5.0,D3 Male,100,60,9
29,13,299,22,D12 Female,12,8,player_vs_player,spear,12.0,D7 Female,69,20,8
29,14,319,20,D11 Female,11,12,player_vs_player,spear,4.0,D3 Female,19,47,7
29,14,331,23,D12 Male,12,5,gamemaker,arena hazard,,,72,105,6
29,18,414,12,D7 Female,7,3,natural_causes,dehydration,,,53,39,5
29,19,448,4,D3 Female,3,10,player_vs_player,bow,15.0,D8 Male,60,48,4
29,20,460,5,D3 Male,3,4,player_vs_player,bow,15.0,D8 Male,66,60,3
29,21,480,15,D8 Male,8,5,player_vs_player,bow,6.0,D4 Female,49,60,2
30,3,52,5,D3 Male,3,6,player_vs_player,fists,1.0,D1 Male,119,49,24
30,3,55,16,D9 Female,9,5,player_vs_player,fists,14.0,D8 Female,22,101,23
30,3,58,9,D5 Male,5,4,player_vs_player,fists,6.0,D4 Female,9,77,22
30,3,69,2,D2 Female,2,7,player_vs_player,fists,3.0,D2 Male,54,0,21
30,4,72,4,D3 Female,3,7,player_vs_player,fists,17.0,D9 Male,67,41,20
30,4,72,11,D6 Male,6,5,natural_causes,dehydration,,,65,105,19
30,4,72,23,D12 Male,12,9,natural_causes,dehydration,,,79,107,18
30,4,73,3,D2 Male,2,10,player_vs_player,fists,21.0,D11 Male,54,1,17
30,4,82,6,D4 Female,4,4,player_vs_player,fists,15.0,D8 Male,10,82,16
30,4,95,10,D6 Female,6,5,player_vs_player,fists,8.0,D5 Female,76,92,15
30,6,132,15,D8 Male,8,8,player_vs_player,fists,14.0,D8 Female,35,94,14
30,6,142,14,D8 Female,8,8,natural_causes,untreated wound,,,35,89,13
30,7,158,12,D7 Female,7,9,player_vs_player,knife,20.0,D11 Female,98,87,12
30,7,165,1,D1 Male,1,9,player_vs_player,spear,19.0,D10 Male,96,66,11
30,8,178,7,D4 Male,4,10,player_vs_player,rock,21.0,D11 Male,62,11,10
30,8,191,0,D1 Female,1,6,player_vs_player,rock,21.0,D11 Male,71,9,9
30,10,235,13,D7 Male,7,4,player_vs_player,knife,22.0,D12 Female,6,51,8
30,13,304,20,D11 Female,11,6,player_vs_player,spear,19.0,D10 Male,80,61,7
30,14,326,21,D11 Male,11,8,player_vs_player,knife,18.0,D10 Female,72,34,6
30,14,326,8,D5 Female,5,5,natural_causes,dehydration,,,65,99,5
30,17,386,19,D10 Male,10,6,player_vs_player,spear,17.0,D9 Male,80,60,4
30,18,411,22,D12 Female,12,2,natural_causes,dehydration,,,35,60,3
30,18,415,18,D10 Female,10,11,gamemaker,arena hazard,,,59,36,2
31,2,31,18,D10 Female,10,6,player_vs_player,fists,20.0,D11 Female,77,0,24
31,3,53,17,D9 Male,9,5,player_vs_player,fists,19.0,D10 Male,112,98,23
31,3,53,3,D2 Male,2,9,player_vs_player,fists,22.0,D12 Female,109,9,22
31,3,66,5,D3 Male,3,4,player_vs_player,fists,9.0,D5 Male,54,91,21
31,4,72,8,D5 Female,5,8,natural_causes,dehydration,,,105,99,20
31,4,72,13,D7 Male,7,4,natural_causes,dehydration,,,21,93,19
31,4,72,19,D10 Male,10,5,natural_causes,dehydration,,,98,94,18
31,4,73,22,D12 Female,12,6,player_vs_player,fists,21.0,D11 Male,114,4,17
31,4,85,14,D8 Female,8,3,player_vs_player,fists,12.0,D7 Female,33,43,16
31,5,106,10,D6 Female,6,3,player_vs_player,fists,16.0,D9 Female,0,69,15
31,7,144,23,D12 Male,12,12,player_vs_player,sword,12.0,D7 Female,41,51,14
31,8,174,12,D7 Female,7,2,natural_causes,untreated wound,,,42,53,13
31,8,177,4,D3 Female,3,4,player_vs_player,fists,9.0,D5 Male,103,75,12
31,8,178,9,D5 Male,5,8,player_vs_player,rock,7.0,D4 Male,103,75,11
31,8,187,16,D9 Female,9,8,player_vs_player,rock,15.0,D8 Male,28,71,10
31,9,203,11,D6 Male,6,3,player_vs_player,rock,15.0,D8 Male,39,81,9
31,10,225,6,D4 Female,4,6,player_vs_player,rock,20.0,D11 Female,54,2,8
31,13,301,20,D11 Female,11,10,natural_causes,dehydration,,,60,21,7
31,15,340,21,D11 Male,11,6,player_vs_player,spear,0.0,D1 Female,60,33,6
31,16,369,0,D1 Female,1,5,natural_causes,dehydration,,,66,36,5
31,17,384,1,D1 Male,1,6,player_vs_player,knife,15.0,D8 Male,51,59,4
31,17,388,15,D8 Male,8,7,player_vs_player,spear,7.0,D4 Male,50,59,3
31,18,430,2,D2 Female,2,4,player_vs_player,spear,7.0,D4 Male,60,63,2
32,2,38,16,D9 Female,9,4,player_vs_player,fists,12.0,D7 Female,20,106,24
32,2,47,20,D11 Female,11,2,player_vs_player,fists,5.0,D3 Male,0,48,23
32,3,53,22,D12 Female,12,5,player_vs_player,fists,18.0,D10 Female,64,98,22
32,3,65,8,D5 Female,5,11,player_vs_player,fists,2.0,D2 Female,16,10,21
32,3,67,19,D10 Male,10,4,player_vs_player,fists,0.0,D1 Female,13,57,20
32,4,72,12,D7 Female,7,4,natural_causes,untreated wound,,,34,104,19
32,4,75,1,D1 Male,1,6,player_vs_player,fists,3.0,D2 Male,63,13,18
32,5,106,18,D10 Female,10,5,player_vs_player,knife,17.0,D9 Male,47,80,17
32,6,124,14,D8 Female,8,5,player_vs_player,fists,11.0,D6 Male,107,77,16
32,8,174,7,D4 Male,4,5,natural_causes,dehydration,,,97,22,15
32,8,176,15,D8 Male,8,5,player_vs_player,fists,11.0,D6 Male,106,57,14
32,9,215,3,D2 Male,2,8,player_vs_player,spear,0.0,D1 Female,72,49,13
32,10,223,9,D5 Male,5,7,player_vs_player,knife,17.0,D9 Male,26,65,12
32,10,228,23,D12 Male,12,7,player_vs_player,knife,17.0,D9 Male,24,63,11
32,10,228,2,D2 Female,2,1,player_vs_player,rock,4.0,D3 Female,33,40,10
32,10,235,11,D6 Male,6,8,natural_causes,untreated wound,,,102,60,9
32,12,265,17,D9 Male,9,8,natural_causes,dehydration,,,23,52,8
32,13,293,13,D7 Male,7,8,player_vs_player,knife,21.0,D11 Male,87,73,7
32,13,302,4,D3 Female,3,6,player_vs_player,sword,0.0,D1 Female,56,35,6
32,13,303,6,D4 Female,4,8,player_vs_player,rock,10.0,D6 Female,71,36,5
32,14,334,0,D1 Female,1,3,player_vs_player,sword,5.0,D3 Male,65,42,4
32,14,334,21,D11 Male,11,8,natural_causes,dehydration,,,78,76,3
32,16,368,5,D3 Male,3,7,player_vs_player,sword,10.0,D6 Female,59,53,2
33,2,47,13,D7 Male,7,5,player_vs_player,fists,1.0,D1 Male,89,116,24
33,3,51,18,D10 Female,10,6,player_vs_player,fists,16.0,D9 Female,53,7,23
33,3,54,16,D9 Female,9,6,player_vs_player,fists,3.0,D2 Male,52,6,22
33,3,57,20,D11 Female,11,5,player_vs_player,fists,6.0,D4 Female,49,105,21
33,3,67,23,D12 Male,12,3,player_vs_player,fists,19.0,D10 Male,11,28,20
33,3,68,5,D3 Male,3,3,player_vs_player,fists,10.0,D6 Female,5,51,19
33,4,72,9,D5 Male,5,5,natural_causes,dehydration,,,117,86,18
33,4,79,14,D8 Female,8,5,player_vs_player,fists,8.0,D5 Female,66,101,17
33,5,115,10,D6 Female,6,6,player_vs_player,fists,15.0,D8 Male,5,55,16
33,6,130,3,D2 Male,2,8,player_vs_player,fists,22.0,D12 Female,30,24,15
33,8,190,2,D2 Female,2,5,player_vs_player,knife,7.0,D4 Male,64,37,14
33,9,207,15,D8 Male,8,4,player_vs_player,fists,0.0,D1 Female,16,66,13
33,9,215,8,D5 Female,5,7,player_vs_player,fists,1.0,D1 Male,61,49,12
33,10,219,7,D4 Male,4,5,player_vs_player,fists,1.0,D1 Male,62,50,11
33,10,220,19,D10 Male,10,12,natural_causes,dehydration,,,7,54,10
33,10,231,4,D3 Female,3,5,player_vs_player,fists,1.0,D1 Male,61,52,9
33,11,247,21,D11 Male,11,4,player_vs_player,knife,6.0,D4 Female,25,64,8
33,12,273,0,D1 Female,1,6,gamemaker,arena hazard,,,7,59,7
33,13,294,6,D4 Female,4,4,natural_causes,untreated wound,,,27,61,6
33,14,332,11,D6 Male,6,5,player_vs_player,knife,17.0,D9 Male,91,70,5
33,15,348,12,D7 Female,7,8,player_vs_player,spear,22.0,D12 Female,61,27,4
33,19,434,17,D9 Male,9,8,player_vs_player,bow,1.0,D1 Male,62,60,3
33,19,445,22,D12 Female,12,6,natural_causes,untreated wound,,,60,52,2
34,2,37,18,D10 Female,10,7,player_vs_player,fists,0.0,D1 Female,26,3,24
34,2,45,11,D6 Male,6,3,player_vs_player,fists,13.0,D7 Male,4,77,23
34,3,59,5,D3 Male,3,8,player_vs_player,fists,6.0,D4 Female,110,53,22
34,3,65,22,D12 Female,12,4,player_vs_player,fists,10.0,D6 Female,32,96,21
34,4,87,1,D1 Male,1,5,player_vs_player,fists,9.0,D5 Male,86,1,20
34,5,119,17,D9 Male,9,8,player_vs_player,fists,15.0,D8 Male,91,76,19
34,6,134,7,D4 Male,4,4,player_vs_player,knife,23.0,D12 Male,70,119,18
34,7,144,13,D7 Male,7,7,player_vs_player,knife,3.0,D2 Male,4,57,17
34,8,172,6,D4 Female,4,5,natural_causes,dehydration,,,105,46,16
34,8,185,10,D6 Female,6,7,player_vs_player,spear,21.0,D11 Male,41,80,15
34,8,185,15,D8 Male,8,5,player_vs_player,rock,12.0,D7 Female,102,76,14
34,9,192,16,D9 Female,9,6,player_vs_player,fists,19.0,D10 Male,52,37,13
34,10,220,9,D5 Male,5,9,natural_causes,dehydration,,,90,15,12
34,10,221,20,D11 Female,11,1,player_vs_player,knife,4.0,D3 Female,48,9,11
34,11,260,19,D10 Male,10,7,player_vs_player,bow,8.0,D5 Female,73,44,10
34,11,263,0,D1 Female,1,10,player_vs_player,sword,14.0,D8 Female,69,25,9
34,12,280,4,D3 Female,3,5,player_vs_player,sword,14.0,D8 Female,65,22,8
34,13,301,12,D7 Female,7,5,player_vs_player,bow,8.0,D5 Female,71,58,7
34,15,353,3,D2 Male,2,3,player_vs_player,rock,2.0,D2 Female,36,60,6
34,16,367,14,D8 Female,8,5,player_vs_player,bow,21.0,D11 Male,71,38,5
34,18,415,21,D11 Male,11,4,player_vs_player,bow,8.0,D5 Female,60,49,4
34,19,446,23,D12 Male,12,8,player_vs_player,bow,8.0,D5 Female,50,57,3
34,19,450,2,D2 Female,2,1,player_vs_player,bow,8.0,D5 Female,52,59,2
35,2,46,19,D10 Male,10,6,player_vs_player,fists,16.0,D9 Female,99,77,24
35,3,52,8,D5 Female,5,4,player_vs_player,fists,1.0,D1 Male,10,111,23
35,3,63,17,D9 Male,9,7,player_vs_player,fists,15.0,D8 Male,52,0,22
35,3,68,7,D4 Male,4,6,player_vs_player,fists,4.0,D3 Female,107,14,21
35,3,71,16,D9 Female,9,9,player_vs_player,fists,20.0,D11 Female,107,78,20
35,4,72,10,D6 Female,6,12,natural_causes,dehydration,,,12,7,19
35,4,72,13,D7 Male,7,6,natural_causes,dehydration,,,116,51,18
35,4,74,0,D1 Female,1,6,player_vs_player,fists,14.0,D8 Female,83,28,17
35,4,74,3,D2 Male,2,3,player_vs_player,fists,11.0,D6 Male,13,71,16
35,4,82,9,D5 Male,5,5,player_vs_player,fists,23.0,D12 Male,90,109,15
35,6,126,2,D2 Female,2,8,player_vs_player,fists,21.0,D11 Male,110,95,14
35,7,157,6,D4 Female,4,3,natural_causes,dehydration,,,3,37,13
35,8,177,11,D6 Male,6,7,natural_causes,dehydration,,,7,44,12
35,9,206,15,D8 Male,8,7,player_vs_player,fists,5.0,D3 Male,37,15,11
35,10,238,18,D10 Female,10,3,natural_causes,dehydration,,,34,29,10
35,11,240,21,D11 Male,11,6,player_vs_player,rock,20.0,D11 Female,81,91,9
35,11,241,5,D3 Male,3,6,natural_causes,dehydration,,,37,22,8
35,11,242,4,D3 Female,3,9,player_vs_player,spear,14.0,D8 Female,76,24,7
35,12,269,20,D11 Female,11,6,player_vs_player,knife,23.0,D12 Male,71,75,6
35,13,288,23,D12 Male,12,8,natural_causes,dehydration,,,74,83,5
35,15,342,1,D1 Male,1,7,player_vs_player,spear,14.0,D8 Female,60,59,4
35,16,361,12,D7 Female,7,4,gamemaker,arena hazard,,,56,43,3
35,18,416,22,D12 Female,12,5,player_vs_player,spear,14.0,D8 Female,60,61,2
36,2,27,22,D12 Female,12,8,player_vs_player,fists,8.0,D5 Female,53,0,24
36,3,51,0,D1 Female,1,3,player_vs_player,fists,11.0,D6 Male,6,41,23
36,3,70,6,D4 Female,4,4,player_vs_player,fists,1.0,D1 Male,21,109,22
36,3,71,21,D11 Male,11,7,player_vs_player,fists,10.0,D6 Female,107,35,21
36,4,72,11,D6 Male,6,8,natural_causes,dehydration,,,1,37,20
36,4,72,17,D9 Male,9,4,natural_causes,dehydration,,,5,66,19
36,4,72,18,D10 Female,10,4,natural_causes,dehydration,,,5,60,18
36,4,72,19,D10 Male,10,2,natural_causes,dehydration,,,1,38,17
36,5,101,8,D5 Female,5,10,natural_causes,untreated wound,,,63,24,16
36,5,106,7,D4 Male,4,6,player_vs_player,rock,5.0,D3 Male,98,75,15
36,5,112,20,D11 Female,11,9,player_vs_player,rock,5.0,D3 Male,96,75,14
36,6,133,12,D7 Female,7,8,player_vs_player,fists,13.0,D7 Male,49,10,13
36,6,135,4,D3 Female,3,8,player_vs_player,fists,1.0,D1 Male,15,113,12
36,6,135,16,D9 Female,9,5,player_vs_player,knife,14.0,D8 Female,55,93,11
36,7,147,5,D3 Male,3,6,natural_causes,untreated wound,,,95,74,10
36,9,215,3,D2 Male,2,12,player_vs_player,knife,2.0,D2 Female,54,15,9
36,10,230,1,D1 Male,1,8,gamemaker,arena hazard,,,41,108,8
36,11,241,2,D2 Female,2,7,player_vs_player,rock,13.0,D7 Male,41,13,7
36,11,252,13,D7 Male,7,7,gamemaker,arena hazard,,,44,11,6
36,11,260,14,D8 Female,8,6,natural_causes,dehydration,,,40,106,5
36,12,271,15,D8 Male,8,7,player_vs_player,knife,9.0,D5 Male,60,10,4
36,17,398,9,D5 Male,5,9,player_vs_player,bow,10.0,D6 Female,60,57,3
36,17,403,23,D12 Male,12,5,player_vs_player,bow,10.0,D6 Female,55,62,2
37,2,26,1,D1 Male,1,6,player_vs_player,fists,17.0,D9 Male,93,4,24
37,2,33,21,D11 Male,11,6,player_vs_player,fists,2.0,D2 Female,119,68,23
37,2,37,15,D8 Male,8,7,player_vs_player,fists,16.0,D9 Female,39,7,22
37,3,68,6,D4 Female,4,4,player_vs_player,fists,5.0,D3 Male,32,119,21
37,4,72,4,D3 Female,3,4,natural_causes,dehydration,,,70,78,20
37,4,72,5,D3 Male,3,4,natural_causes,dehydration,,,33,118,19
37,4,72,12,D7 Female,7,10,natural_causes,dehydration,,,59,87,18
37,4,72,23,D12 Male,12,6,natural_causes,dehydration,,,112,110,17
37,4,73,10,D6 Female,6,4,player_vs_player,fists,18.0,D10 Female,10,92,16
37,4,75,2,D2 Female,2,10,player_vs_player,fists,19.0,D10 Male,119,63,15
37,4,76,18,D10 Female,10,8,player_vs_player,fists,11.0,D6 Male,10,92,14
37,5,108,7,D4 Male,4,10,natural_causes,dehydration,,,110,100,13
37,6,127,20,D11 Female,11,3,player_vs_player,fists,14.0,D8 Female,9,61,12
37,8,178,9,D5 Male,5,6,player_vs_player,spear,22.0,D12 Female,101,60,11
37,8,184,19,D10 Male,10,6,player_vs_player,spear,22.0,D12 Female,107,59,10
37,8,191,17,D9 Male,9,7,player_vs_player,fists,16.0,D9 Female,67,21,9
37,9,208,11,D6 Male,6,9,player_vs_player,spear,8.0,D5 Female,51,85,8
37,9,213,0,D1 Female,1,3,player_vs_player,spear,13.0,D7 Male,27,30,7
37,13,306,14,D8 Female,8,12,player_vs_player,spear,8.0,D5 Female,46,60,6
37,15,340,16,D9 Female,9,11,player_vs_player,spear,8.0,D5 Female,55,66,5
37,15,341,8,D5 Female,5,4,player_vs_player,sword,22.0,D12 Female,54,64,4
37,15,355,3,D2 Male,2,5,player_vs_player,spear,13.0,D7 Male,65,60,3
37,15,357,13,D7 Male,7,7,player_vs_player,sword,22.0,D12 Female,64,60,2
38,3,50,12,D7 Female,7,5,player_vs_player,fists,15.0,D8 Male,105,20,24
38,3,57,20,D11 Female,11,5,player_vs_player,fists,22.0,D12 Female,119,75,23
38,3,59,7,D4 Male,4,3,player_vs_player,fists,0.0,D1 Female,0,67,22
38,4,81,3,D2 Male,2,4,player_vs_player,fists,9.0,D5 Male,81,119,21
38,4,93,22,D12 Female,12,5,natural_causes,untreated wound,,,114,66,20
38,5,98,5,D3 Male,3,4,player_vs_player,fists,19.0,D10 Male,25,119,19
38,7,158,18,D10 Female,10,7,player_vs_player,rock,8.0,D5 Female,49,4,18
38,8,170,10,D6 Female,6,12,gamemaker,arena hazard,,,17,12,17
38,8,180,1,D1 Male,1,11,player_vs_player,knife,13.0,D7 Male,102,14,16
38,8,187,16,D9 Female,9,2,player_vs_player,knife,14.0,D8 Female,34,45,15
38,8,191,2,D2 Female,2,12,player_vs_player,knife,14.0,D8 Female,33,42,14
38,10,228,23,D12 Male,12,5,player_vs_player,knife,9.0,D5 Male,102,56,13
38,11,258,8,D5 Female,5,7,player_vs_player,rock,11.0,D6 Male,61,15,12
38,11,263,19,D10 Male,10,8,player_vs_player,spear,4.0,D3 Female,26,89,11
38,12,271,0,D1 Female,1,7,player_vs_player,spear,17.0,D9 Male,20,63,10
38,12,286,15,D8 Male,8,5,player_vs_player,knife,9.0,D5 Male,96,64,9
38,13,288,11,D6 Male,6,7,player_vs_player,rock,21.0,D11 Male,55,23,8
38,15,344,4,D3 Female,3,3,natural_causes,dehydration,,,32,73,7
38,15,345,9,D5 Male,5,9,player_vs_player,spear,6.0,D4 Female,84,58,6
38,15,345,14,D8 Female,8,4,player_vs_player,knife,13.0,D7 Male,54,42,5
38,16,374,21,D11 Male,11,6,natural_causes,dehydration,,,54,36,4
38,17,394,17,D9 Male,9,3,player_vs_player,spear,13.0,D7 Male,46,61,3
38,19,442,6,D4 Female,4,9,natural_causes,dehydration,,,63,48,2
39,3,52,4,D3 Female,3,8,player_vs_player,fists,23.0,D12 Male,49,108,24
39,4,72,0,D1 Female,1,5,natural_causes,dehydration,,,24,105,23
39,4,72,14,D8 Female,8,6,natural_causes,dehydration,,,56,116,22
39,4,77,15,D8 Male,8,7,player_vs_player,fists,3.0,D2 Male,85,0,21
39,4,84,1,D1 Male,1,5,player_vs_player,spear,6.0,D4 Female,41,70,20
39,4,85,7,D4 Male,4,8,natural_causes,dehydration,,,18,104,19
39,4,91,8,D5 Female,5,6,player_vs_player,fists,9.0,D5 Male,119,58,18
39,6,124,2,D2 Female,2,9,player_vs_player,fists,22.0,D12 Female,63,41,17
39,6,138,20,D11 Female,11,4,player_vs_player,fists,13.0,D7 Male,18,15,16
39,7,144,22,D12 Female,12,8,player_vs_player,knife,16.0,D9 Female,62,30,15
39,8,169,17,D9 Male,9,4,player_vs_player,fists,13.0,D7 Male,24,31,14
39,8,177,23,D12 Male,12,6,player_vs_player,knife,11.0,D6 Male,48,99,13
39,8,178,18,D10 Female,10,11,player_vs_player,knife,19.0,D10 Male,29,14,12
39,8,190,9,D5 Male,5,6,player_vs_player,fists,5.0,D3 Male,113,60,11
39,10,234,3,D2 Male,2,9,player_vs_player,knife,16.0,D9 Female,60,17,10
39,10,236,10,D6 Female,6,6,player_vs_player,fists,5.0,D3 Male,95,61,9
39,12,281,16,D9 Female,9,7,natural_causes,untreated wound,,,60,30,8
39,13,299,13,D7 Male,7,8,player_vs_player,spear,6.0,D4 Female,23,54,7
39,13,308,21,D11 Male,11,7,player_vs_player,knife,19.0,D10 Male,74,31,6
39,14,315,5,D3 Male,3,9,player_vs_player,spear,12.0,D7 Female,91,52,5
39,15,351,6,D4 Female,4,4,player_vs_player,sword,11.0,D6 Male,38,61,4
39,16,378,19,D10 Male,10,8,natural_causes,untreated wound,,,60,36,3
39,18,428,12,D7 Female,7,9,player_vs_player,bow,11.0,D6 Male,62,60,2
40,2,45,17,D9 Male,9,9,player_vs_player,fists,18.0,D10 Female,102,2,24
40,2,46,13,D7 Male,7,3,player_vs_player,fists,7.0,D4 Male,22,96,23
40,4,72,5,D3 Male,3,7,natural_causes,dehydration,,,20,1,22
40,4,72,12,D7 Female,7,7,natural_causes,dehydration,,,21,2,21
40,4,73,4,D3 Female,3,1,player_vs_player,rock,1.0,D1 Male,3,43,20
40,4,78,15,D8 Male,8,8,player_vs_player,fists,8.0,D5 Female,91,110,19
40,4,84,8,D5 Female,5,5,player_vs_player,fists,11.0,D6 Male,92,113,18
40,4,88,22,D12 Female,12,4,player_vs_player,fists,10.0,D6 Female,15,104,17
40,4,93,16,D9 Female,9,7,player_vs_player,fists,14.0,D8 Female,75,15,16
40,5,106,20,D11 Female,11,6,player_vs_player,fists,9.0,D5 Male,99,34,15
40,5,108,6,D4 Female,4,11,natural_causes,dehydration,,,26,0,14
40,5,110,9,D5 Male,5,8,player_vs_player,fists,19.0,D10 Male,96,34,13
40,5,115,19,D10 Male,10,7,natural_causes,dehydration,,,98,34,12
40,6,134,18,D10 Female,10,7,natural_causes,dehydration,,,64,23,11
40,6,140,14,D8 Female,8,11,natural_causes,dehydration,,,64,25,10
40,6,143,10,D6 Female,6,5,player_vs_player,rock,7.0,D4 Male,38,106,9
40,8,191,7,D4 Male,4,3,player_vs_player,fists,2.0,D2 Female,29,96,8
40,10,239,1,D1 Male,1,1,player_vs_player,bow,3.0,D2 Male,50,71,7
40,12,271,3,D2 Male,2,5,player_vs_player,bow,11.0,D6 Male,47,75,6
40,15,336,0,D1 Female,1,5,player_vs_player,sword,23.0,D12 Male,72,67,5
40,15,339,21,D11 Male,11,8,player_vs_player,knife,2.0,D2 Female,62,43,4
40,17,384,2,D2 Female,2,7,gamemaker,arena hazard,,,60,45,3
40,17,385,23,D12 Male,12,6,player_vs_player,bow,11.0,D6 Male,68,61,2
41,3,48,10,D6 Female,6,2,player_vs_player,fists,15.0,D8 Male,0,71,24
41,3,71,22,D12 Female,12,1,player_vs_player,fists,4.0,D3 Female,24,24,23
41,3,71,7,D4 Male,4,5,player_vs_player,fists,13.0,D7 Male,106,63,22
41,4,72,18,D10 Female,10,9,natural_causes,dehydration,,,17,103,21
41,4,86,16,D9 Female,9,5,player_vs_player,fists,20.0,D11 Female,103,115,20
41,4,95,13,D7 Male,7,6,player_vs_player,rock,1.0,D1 Male,112,63,19
41,5,96,21,D11 Male,11,7,player_vs_player,fists,23.0,D12 Male,99,7,18
41,5,107,6,D4 Female,4,1,player_vs_player,fists,15.0,D8 Male,0,56,17
41,5,107,14,D8 Female,8,9,player_vs_player,rock,9.0,D5 Male,34,91,16
41,5,118,3,D2 Male,2,7,player_vs_player,rock,17.0,D9 Male,47,30,15
41,5,119,8,D5 Female,5,6,player_vs_player,fists,0.0,D1 Female,108,56,14
41,6,124,19,D10 Male,10,4,player_vs_player,rock,9.0,D5 Male,47,83,13
41,7,152,0,D1 Female,1,9,player_vs_player,rock,1.0,D1 Male,116,28,12
41,7,160,4,D3 Female,3,12,player_vs_player,spear,17.0,D9 Male,54,33,11
41,8,178,23,D12 Male,12,12,player_vs_player,knife,2.0,D2 Female,91,29,10
41,9,196,20,D11 Female,11,5,player_vs_player,knife,5.0,D3 Male,62,90,9
41,11,246,12,D7 Female,7,4,player_vs_player,knife,5.0,D3 Male,60,112,8
41,11,262,1,D1 Male,1,9,player_vs_player,knife,11.0,D6 Male,89,24,7
41,14,326,15,D8 Male,8,8,natural_causes,dehydration,,,19,60,6
41,14,328,11,D6 Male,6,6,natural_causes,untreated wound,,,79,34,5
41,18,419,2,D2 Female,2,6,player_vs_player,sword,17.0,D9 Male,60,51,4
41,18,423,9,D5 Male,5,4,natural_causes,dehydration,,,71,67,3
41,18,431,5,D3 Male,3,9,natural_causes,dehydration,,,52,52,2
42,2,46,11,D6 Male,6,5,player_vs_player,fists,13.0,D7 Male,36,119,24
42,3,64,13,D7 Male,7,9,player_vs_player,fists,19.0,D10 Male,41,118,23
42,3,66,0,D1 Female,1,2,player_vs_player,fists,20.0,D11 Female,8,69,22
42,3,70,21,D11 Male,11,8,player_vs_player,fists,23.0,D12 Male,52,0,21
42,4,72,8,D5 Female,5,9,natural_causes,dehydration,,,91,113,20
42,5,104,15,D8 Male,8,7,player_vs_player,fists,22.0,D12 Female,75,13,19
42,5,112,22,D12 Female,12,7,player_vs_player,fists,9.0,D5 Male,80,12,18
42,6,122,14,D8 Female,8,6,player_vs_player,fists,17.0,D9 Male,99,92,17
42,6,135,5,D3 Male,3,10,player_vs_player,rock,10.0,D6 Female,30,29,16
42,7,144,6,D4 Female,4,7,player_vs_player,rock,10.0,D6 Female,36,33,15
42,8,176,20,D11 Female,11,8,player_vs_player,knife,12.0,D7 Female,1,60,14
42,8,185,4,D3 Female,3,4,player_vs_player,fists,16.0,D9 Female,12,45,13
42,8,190,9,D5 Male,5,7,player_vs_player,fists,3.0,D2 Male,82,12,12
42,10,237,16,D9 Female,9,9,player_vs_player,knife,12.0,D7 Female,15,60,11
42,11,241,2,D2 Female,2,5,player_vs_player,spear,7.0,D4 Male,41,84,10
42,11,249,12,D7 Female,7,2,player_vs_player,spear,18.0,D10 Female,10,60,9
42,11,257,19,D10 Male,10,5,player_vs_player,knife,1.0,D1 Male,59,109,8
42,12,276,3,D2 Male,2,9,player_vs_player,rock,23.0,D12 Male,51,13,7
42,14,331,1,D1 Male,1,5,natural_causes,untreated wound,,,60,89,6
42,14,331,23,D12 Male,12,8,gamemaker,arena hazard,,,60,21,5
42,15,355,18,D10 Female,10,2,player_vs_player,spear,7.0,D4 Male,24,53,4
42,17,395,7,D4 Male,4,9,player_vs_player,sword,10.0,D6 Female,36,60,3
42,19,436,10,D6 Female,6,10,natural_causes,dehydration,,,40,58,2
43,3,64,15,D8 Male,8,5,player_vs_player,fists,16.0,D9 Female,102,111,24
43,4,73,18,D10 Female,10,7,player_vs_player,fists,2.0,D2 Female,41,31,23
43,4,85,17,D9 Male,9,6,player_vs_player,fists,14.0,D8 Female,115,41,22
43,5,116,4,D3 Female,3,3,player_vs_player,fists,8.0,D5 Female,28,87,21
43,5,116,14,D8 Female,8,8,natural_causes,untreated wound,,,112,51,20
43,5,118,3,D2 Male,2,6,player_vs_player,fists,1.0,D1 Male,81,47,19
43,6,123,19,D10 Male,10,7,player_vs_player,fists,7.0,D4 Male,40,25,18
43,6,125,12,D7 Female,7,3,player_vs_player,fists,11.0,D6 Male,5,85,17
43,7,144,7,D4 Male,4,9,natural_causes,dehydration,,,40,21,16
43,7,151,6,D4 Female,4,5,natural_causes,dehydration,,,107,72,15
43,7,154,8,D5 Female,5,7,player_vs_player,knife,10.0,D6 Female,38,77,14
43,7,159,11,D6 Male,6,7,natural_causes,untreated wound,,,23,79,13
43,9,208,5,D3 Male,3,7,player_vs_player,bow,20.0,D11 Female,72,82,12
43,10,219,22,D12 Female,12,8,player_vs_player,bow,20.0,D11 Female,76,67,11
43,10,231,9,D5 Male,5,6,natural_causes,dehydration,,,107,36,10
43,10,233,21,D11 Male,11,9,player_vs_player,spear,1.0,D1 Male,57,9,9
43,11,242,13,D7 Male,7,1,player_vs_player,spear,10.0,D6 Female,33,57,8
43,11,247,16,D9 Female,9,4,player_vs_player,bow,20.0,D11 Female,73,72,7
43,12,265,23,D12 Male,12,3,player_vs_player,spear,10.0,D6 Female,14,74,6
43,12,267,0,D1 Female,1,5,player_vs_player,bow,20.0,D11 Female,83,68,5
43,12,280,1,D1 Male,1,6,natural_causes,dehydration,,,58,8,4
43,13,302,20,D11 Female,11,4,natural_causes,untreated wound,,,86,77,3
43,15,352,2,D2 Female,2,12,natural_causes,dehydration,,,62,27,2
44,2,41,4,D3 Female,3,1,player_vs_player,fists,20.0,D11 Female,0,23,24
44,3,65,9,D5 Male,5,9,player_vs_player,knife,21.0,D11 Male,101,45,23
44,3,67,5,D3 Male,3,5,player_vs_player,rock,13.0,D7 Male,107,80,22
44,4,72,23,D12 Male,12,9,natural_causes,dehydration,,,5,115,21
44,4,75,15,D8 Male,8,5,player_vs_player,fists,11.0,D6 Male,89,119,20
44,4,82,2,D2 Female,2,7,player_vs_player,fists,1.0,D1 Male,38,1,19
44,4,82,12,D7 Female,7,3,player_vs_player,fists,0.0,D1 Female,21,72,18
44,5,103,22,D12 Female,12,9,natural_causes,dehydration,,,44,81,17
44,5,105,1,D1 Male,1,8,player_vs_player,fists,8.0,D5 Female,39,0,16
44,5,119,0,D1 Female,1,8,player_vs_player,spear,18.0,D10 Female,30,60,15
44,6,140,6,D4 Female,4,10,player_vs_player,fists,10.0,D6 Female,64,12,14
44,6,141,21,D11 Male,11,6,natural_causes,dehydration,,,113,31,13
44,7,146,3,D2 Male,2,12,player_vs_player,spear,18.0,D10 Female,22,42,12
44,7,164,20,D11 Female,11,2,player_vs_player,spear,18.0,D10 Female,12,51,11
44,11,250,14,D8 Female,8,10,natural_causes,dehydration,,,102,25,10
44,11,252,10,D6 Female,6,7,player_vs_player,fists,8.0,D5 Female,61,56,9
44,12,279,7,D4 Male,4,3,player_vs_player,sword,8.0,D5 Female,41,60,8
44,13,298,16,D9 Female,9,9,player_vs_player,spear,11.0,D6 Male,67,79,7
44,13,311,18,D10 Female,10,2,player_vs_player,spear,19.0,D10 Male,23,49,6
44,13,311,13,D7 Male,7,5,player_vs_player,spear,11.0,D6 Male,74,85,5
44,16,372,19,D10 Male,10,4,player_vs_player,bow,8.0,D5 Female,38,60,4
44,17,402,11,D6 Male,6,4,gamemaker,arena hazard,,,60,86,3
44,19,452,8,D5 Female,5,6,player_vs_player,sword,17.0,D9 Male,59,58,2
45,2,37,18,D10 Female,10,9,player_vs_player,fists,17.0,D9 Male,107,5,24
45,2,43,8,D5 Female,5,6,player_vs_player,fists,10.0,D6 Female,19,6,23
45,3,53,11,D6 Male,6,9,player_vs_player,fists,10.0,D6 Female,20,6,22
45,3,58,4,D3 Female,3,1,player_vs_player,fists,6.0,D4 Female,14,59,21
45,4,72,20,D11 Female,11,4,natural_causes,dehydration,,,50,91,20
45,4,72,21,D11 Male,11,3,natural_causes,dehydration,,,6,64,19
45,4,72,22,D12 Female,12,4,natural_causes,dehydration,,,49,91,18
45,4,77,3,D2 Male,2,5,player_vs_player,fists,2.0,D2 Female,119,57,17
45,4,89,2,D2 Female,2,5,player_vs_player,fists,14.0,D8 Female,118,52,16
45,5,98,5,D3 Male,3,1,player_vs_player,fists,6.0,D4 Female,1,68,15
45,5,108,17,D9 Male,9,6,natural_causes,dehydration,,,107,22,14
45,5,113,6,D4 Female,4,7,player_vs_player,fists,7.0,D4 Male,0,65,13
45,6,120,1,D1 Male,1,4,player_vs_player,fists,13.0,D7 Male,56,91,12
45,9,214,7,D4 Male,4,2,natural_causes,dehydration,,,10,60,11
45,10,231,14,D8 Female,8,5,player_vs_player,bow,12.0,D7 Female,79,75,10
45,10,232,19,D10 Male,10,5,natural_causes,dehydration,,,92,71,9
45,12,277,10,D6 Female,6,7,player_vs_player,rock,15.0,D8 Male,24,59,8
45,14,325,13,D7 Male,7,8,natural_causes,dehydration,,,34,53,7
45,14,327,15,D8 Male,8,9,player_vs_player,bow,16.0,D9 Female,35,60,6
45,17,385,23,D12 Male,12,6,player_vs_player,bow,12.0,D7 Female,61,52,5
45,17,388,0,D1 Female,1,7,player_vs_player,bow,16.0,D9 Female,61,62,4
45,17,395,9,D5 Male,5,6,player_vs_player,bow,16.0,D9 Female,53,55,3
45,17,405,16,D9 Female,9,8,player_vs_player,bow,12.0,D7 Female,63,61,2
46,3,52,3,D2 Male,2,5,player_vs_player,fists,13.0,D7 Male,71,96,24
46,3,56,9,D5 Male,5,8,player_vs_player,fists,11.0,D6 Male,37,0,23
46,3,59,17,D9 Male,9,4,player_vs_player,fists,16.0,D9 Female,8,74,22
46,3,61,10,D6 Female,6,10,player_vs_player,fists,12.0,D7 Female,119,100,21
46,3,66,20,D11 Female,11,7,player_vs_player,fists,19.0,D10 Male,78,0,20
46,3,71,22,D12 Female,12,10,player_vs_player,fists,4.0,D3 Female,17,19,19
46,4,74,23,D12 Male,12,4,player_vs_player,fists,4.0,D3 Female,15,19,18
46,4,79,7,D4 Male,4,10,player_vs_player,fists,2.0,D2 Female,109,60,17
46,5,98,5,D3 Male,3,5,player_vs_player,fists,13.0,D7 Male,51,88,16
46,5,99,2,D2 Female,2,6,player_vs_player,fists,0.0,D1 Female,108,62,15
46,5,104,14,D8 Female,8,11,player_vs_player,fists,11.0,D6 Male,67,1,14
46,5,109,6,D4 Female,4,5,natural_causes,untreated wound,,,32,117,13
46,6,122,0,D1 Female,1,6,player_vs_player,fists,8.0,D5 Female,119,50,12
46,6,122,19,D10 Male,10,11,player_vs_player,fists,11.0,D6 Male,70,2,11
46,7,158,16,D9 Female,9,5,natural_causes,dehydration,,,8,86,10
46,8,188,1,D1 Male,1,3,player_vs_player,fists,4.0,D3 Female,40,58,9
46,12,266,21,D11 Male,11,7,natural_causes,untreated wound,,,61,32,8
46,12,279,11,D6 Male,6,9,player_vs_player,knife,18.0,D10 Female,69,39,7
46,13,290,8,D5 Female,5,6,natural_causes,dehydration,,,94,60,6
46,14,331,12,D7 Female,7,6,player_vs_player,spear,13.0,D7 Male,71,78,5
46,16,366,18,D10 Female,10,7,natural_causes,dehydration,,,60,36,4
46,17,405,4,D3 Female,3,12,natural_causes,dehydration,,,60,50,3
46,18,414,13,D7 Male,7,10,natural_causes,dehydration,,,58,60,2
47,2,43,5,D3 Male,3,11,player_vs_player,fists,6.0,D4 Female,74,5,24
47,3,50,8,D5 Female,5,5,player_vs_player,fists,9.0,D5 Male,24,99,23
47,4,72,18,D10 Female,10,7,natural_causes,dehydration,,,116,36,22
47,4,81,13,D7 Male,7,6,player_vs_player,fists,0.0,D1 Female,119,60,21
47,4,92,4,D3 Female,3,10,player_vs_player,fists,1.0,D1 Male,119,50,20
47,5,103,12,D7 Female,7,9,player_vs_player,fists,16.0,D9 Female,112,118,19
47,5,106,2,D2 Female,2,5,player_vs_player,fists,9.0,D5 Male,38,97,18
47,7,149,7,D4 Male,4,2,player_vs_player,rock,10.0,D6 Female,12,42,17
47,7,167,19,D10 Male,10,4,player_vs_player,fists,3.0,D2 Male,20,9,16
47,7,167,6,D4 Female,4,7,natural_causes,untreated wound,,,65,12,15
47,8,174,0,D1 Female,1,9,player_vs_player,fists,1.0,D1 Male,103,69,14
47,8,190,14,D8 Female,8,8,player_vs_player,fists,20.0,D11 Female,1,29,13
47,10,237,21,D11 Male,11,6,player_vs_player,knife,23.0,D12 Male,105,44,12
47,11,258,10,D6 Female,6,8,natural_causes,dehydration,,,9,32,11
47,12,266,1,D1 Male,1,6,player_vs_player,knife,23.0,D12 Male,90,35,10
47,12,268,20,D11 Female,11,8,natural_causes,dehydration,,,8,34,9
47,14,325,16,D9 Female,9,6,natural_causes,dehydration,,,86,96,8
47,14,329,22,D12 Female,12,9,player_vs_player,knife,9.0,D5 Male,60,98,7
47,17,405,9,D5 Male,5,8,player_vs_player,rock,11.0,D6 Male,60,81,6
47,17,405,15,D8 Male,8,7,natural_causes,dehydration,,,62,35,5
47,19,435,11,D6 Male,6,4,gamemaker,arena hazard,,,60,81,4
47,19,452,17,D9 Male,9,4,player_vs_player,spear,3.0,D2 Male,54,59,3
47,20,463,23,D12 Male,12,6,player_vs_player,spear,3.0,D2 Male,60,59,2
48,2,47,0,D1 Female,1,6,player_vs_player,fists,20.0,D11 Female,98,10,24
48,3,49,20,D11 Female,11,7,player_vs_player,fists,12.0,D7 Female,98,10,23
48,3,52,3,D2 Male,2,7,player_vs_player,fists,13.0,D7 Male,106,104,22
48,3,56,18,D10 Female,10,5,player_vs_player,fists,2.0,D2 Female,78,99,21
48,3,57,8,D5 Female,5,4,player_vs_player,fists,10.0,D6 Female,19,95,20
48,4,72,12,D7 Female,7,6,natural_causes,dehydration,,,109,9,19
48,4,81,7,D4 Male,4,7,player_vs_player,fists,5.0,D3 Male,34,107,18
48,4,92,21,D11 Male,11,3,player_vs_player,knife,14.0,D8 Female,21,82,17
48,4,92,14,D8 Female,8,7,player_vs_player,fists,21.0,D11 Male,20,82,16
48,5,101,23,D12 Male,12,2,player_vs_player,fists,6.0,D4 Female,4,52,15
48,5,106,11,D6 Male,6,4,natural_causes,untreated wound,,,15,70,14
48,6,134,1,D1 Male,1,8,player_vs_player,fists,17.0,D9 Male,60,46,13
48,8,169,9,D5 Male,5,8,natural_causes,dehydration,,,102,10,12
48,8,181,2,D2 Female,2,4,player_vs_player,knife,4.0,D3 Female,31,93,11
48,9,203,10,D6 Female,6,7,player_vs_player,fists,6.0,D4 Female,21,89,10
48,10,231,6,D4 Female,4,2,natural_causes,untreated wound,,,13,80,9
48,11,242,4,D3 Female,3,5,player_vs_player,knife,5.0,D3 Male,65,84,8
48,11,258,17,D9 Male,9,7,natural_causes,untreated wound,,,62,40,7
48,12,285,22,D12 Female,12,6,player_vs_player,spear,13.0,D7 Male,85,55,6
48,15,341,5,D3 Male,3,4,player_vs_player,bow,16.0,D9 Female,59,70,5
48,15,354,19,D10 Male,10,9,player_vs_player,spear,15.0,D8 Male,42,62,4
48,17,402,13,D7 Male,7,5,player_vs_player,bow,16.0,D9 Female,71,60,3
48,19,440,15,D8 Male,8,7,player_vs_player,bow,16.0,D9 Female,59,55,2
49,2,36,16,D9 Female,9,6,player_vs_player,fists,0.0,D1 Female,97,119,24
49,2,42,11,D6 Male,6,12,player_vs_player,fists,5.0,D3 Male,66,7,23
49,3,61,8,D5 Female,5,4,player_vs_player,fists,7.0,D4 Male,2,24,22
49,3,63,20,D11 Female,11,5,player_vs_player,fists,17.0,D9 Male,2,66,21
49,3,68,23,D12 Male,12,6,player_vs_player,fists,6.0,D4 Female,43,97,20
49,3,69,4,D3 Female,3,8,player_vs_player,fists,21.0,D11 Male,62,22,19
49,4,72,12,D7 Female,7,10,natural_causes,dehydration,,,107,53,18
49,4,73,14,D8 Female,8,5,player_vs_player,fists,17.0,D9 Male,3,72,17
49,5,102,5,D3 Male,3,8,player_vs_player,fists,13.0,D7 Male,66,24,16
49,5,106,21,D11 Male,11,9,natural_causes,untreated wound,,,63,13,15
49,6,128,17,D9 Male,9,9,player_vs_player,rock,3.0,D2 Male,12,67,14
49,6,131,15,D8 Male,8,6,player_vs_player,fists,19.0,D10 Male,107,55,13
49,8,184,2,D2 Female,2,5,natural_causes,dehydration,,,27,107,12
49,8,187,22,D12 Female,12,8,natural_causes,dehydration,,,91,13,11
49,9,192,10,D6 Female,6,9,natural_causes,dehydration,,,25,105,10
49,9,213,0,D1 Female,1,9,player_vs_player,fists,18.0,D10 Female,109,42,9
49,11,243,1,D1 Male,1,7,player_vs_player,fists,19.0,D10 Male,42,40,8
49,11,244,19,D10 Male,10,7,player_vs_player,knife,13.0,D7 Male,42,39,7
49,11,258,9,D5 Male,5,10,player_vs_player,bow,6.0,D4 Female,58,37,6
49,12,264,3,D2 Male,2,4,player_vs_player,knife,7.0,D4 Male,22,61,5
49,13,299,7,D4 Male,4,12,natural_causes,dehydration,,,16,59,4
49,15,359,18,D10 Female,10,6,natural_causes,dehydration,,,71,61,3
49,17,391,13,D7 Male,7,8,player_vs_player,bow,6.0,D4 Female,51,55,2
50,2,40,13,D7 Male,7,10,player_vs_player,fists,5.0,D3 Male,57,6,24
50,2,44,6,D4 Female,4,5,player_vs_player,fists,4.0,D3 Female,77,108,23
50,3,54,22,D12 Female,12,6,player_vs_player,fists,3.0,D2 Male,104,74,22
50,3,59,3,D2 Male,2,9,natural_causes,untreated wound,,,104,74,21
50,3,68,10,D6 Female,6,7,player_vs_player,fists,15.0,D8 Male,113,26,20
50,3,70,14,D8 Female,8,3,player_vs_player,fists,18.0,D10 Female,12,87,19
50,4,72,0,D1 Female,1,10,natural_causes,dehydration,,,36,1,18
50,4,72,20,D11 Female,11,8,natural_causes,dehydration,,,34,7,17
50,4,76,5,D3 Male,3,7,player_vs_player,fists,23.0,D12 Male,68,4,16
50,5,102,19,D10 Male,10,6,natural_causes,untreated wound,,,104,73,15
50,6,131,4,D3 Female,3,8,player_vs_player,fists,1.0,D1 Male,70,117,14
50,6,136,17,D9 Male,9,4,player_vs_player,fists,7.0,D4 Male,37,112,13
50,7,151,7,D4 Male,4,8,natural_causes,dehydration,,,35,110,12
50,7,159,16,D9 Female,9,2,natural_causes,dehydration,,,33,7,11
50,8,174,23,D12 Male,12,8,natural_causes,untreated wound,,,56,12,10
50,10,224,8,D5 Female,5,6,player_vs_player,sword,9.0,D5 Male,70,75,9
50,11,242,11,D6 Male,6,9,player_vs_player,spear,2.0,D2 Female,103,51,8
50,13,301,15,D8 Male,8,10,player_vs_player,knife,12.0,D7 Female,67,35,7
50,16,363,2,D2 Female,2,5,player_vs_player,spear,1.0,D1 Male,72,60,6
50,16,365,12,D7 Female,7,8,player_vs_player,sword,9.0,D5 Male,58,44,5
50,16,369,21,D11 Male,11,3,player_vs_player,spear,18.0,D10 Female,67,68,4
50,17,384,18,D10 Female,10,4,player_vs_player,bow,1.0,D1 Male,56,75,3
50,19,438,9,D5 Male,5,7,player_vs_player,bow,1.0,D1 Male,60,56,2
51,2,39,3,D2 Male,2,4,player_vs_player,fists,17.0,D9 Male,73,119,24
51,2,44,16,D9 Female,9,10,player_vs_player,fists,2.0,D2 Female,59,0,23
51,3,54,13,D7 Male,7,3,player_vs_player,fists,19.0,D10 Male,2,40,22
51,3,59,19,D10 Male,10,2,player_vs_player,fists,22.0,D12 Female,0,40,21
51,3,62,18,D10 Female,10,6,player_vs_player,fists,11.0,D6 Male,108,40,20
51,3,67,6,D4 Female,4,4,player_vs_player,fists,21.0,D11 Male,9,100,19
51,4,72,7,D4 Male,4,3,natural_causes,dehydration,,,21,65,18
51,4,88,2,D2 Female,2,6,player_vs_player,fists,8.0,D5 Female,68,3,17
51,5,101,23,D12 Male,12,8,player_vs_player,fists,5.0,D3 Male,47,95,16
51,5,113,12,D7 Female,7,6,player_vs_player,fists,11.0,D6 Male,98,21,15
51,6,130,5,D3 Male,3,4,natural_causes,untreated wound,,,43,85,14
51,6,134,21,D11 Male,11,7,natural_causes,dehydration,,,2,55,13
51,6,138,9,D5 Male,5,4,natural_causes,dehydration,,,0,50,12
51,10,216,8,D5 Female,5,6,player_vs_player,fists,0.0,D1 Female,63,27,11
51,10,235,14,D8 Female,8,5,natural_causes,dehydration,,,102,54,10
51,12,264,1,D1 Male,1,6,player_vs_player,bow,4.0,D3 Female,60,57,9
51,12,273,17,D9 Male,9,5,player_vs_player,bow,4.0,D3 Female,60,67,8
51,13,299,10,D6 Female,6,6,natural_causes,dehydration,,,75,17,7
51,14,318,20,D11 Female,11,8,natural_causes,dehydration,,,99,60,6
51,16,380,22,D12 Female,12,7,player_vs_player,knife,0.0,D1 Female,57,47,5
51,17,394,0,D1 Female,1,11,natural_causes,untreated wound,,,54,47,4
51,19,438,11,D6 Male,6,8,player_vs_player,bow,4.0,D3 Female,60,53,3
51,20,465,15,D8 Male,8,5,gamemaker,arena hazard,,,60,70,2
52,3,49,16,D9 Female,9,6,player_vs_player,fists,22.0,D12 Female,119,87,24
52,3,51,5,D3 Male,3,6,player_vs_player,fists,8.0,D5 Female,111,41,23
52,3,70,20,D11 Female,11,7,player_vs_player,fists,17.0,D9 Male,97,27,22
52,4,72,8,D5 Female,5,6,natural_causes,dehydration,,,117,33,21
52,4,72,14,D8 Female,8,5,natural_causes,dehydration,,,41,110,20
52,4,82,21,D11 Male,11,5,player_vs_player,fists,9.0,D5 Male,1,70,19
52,5,96,7,D4 Male,4,7,player_vs_player,fists,15.0,D8 Male,0,106,18
52,5,108,12,D7 Female,7,11,natural_causes,dehydration,,,36,42,17
52,6,138,18,D10 Female,10,4,player_vs_player,knife,11.0,D6 Male,35,39,16
52,7,148,0,D1 Female,1,7,player_vs_player,fists,2.0,D2 Female,110,100,15
52,8,168,3,D2 Male,2,4,player_vs_player,knife,11.0,D6 Male,19,38,14
52,8,181,2,D2 Female,2,5,player_vs_player,fists,22.0,D12 Female,112,98,13
52,8,188,4,D3 Female,3,9,player_vs_player,spear,13.0,D7 Male,65,19,12
52,9,194,17,D9 Male,9,7,natural_causes,untreated wound,,,97,21,11
52,10,226,23,D12 Male,12,6,player_vs_player,fists,22.0,D12 Female,98,102,10
52,11,246,6,D4 Female,4,9,player_vs_player,spear,13.0,D7 Male,61,11,9
52,13,297,15,D8 Male,8,5,player_vs_player,spear,11.0,D6 Male,25,43,8
52,15,340,22,D12 Female,12,9,player_vs_player,spear,1.0,D1 Male,94,68,7
52,18,414,11,D6 Male,6,7,player_vs_player,sword,9.0,D5 Male,52,54,6
52,18,418,19,D10 Male,10,5,player_vs_player,bow,10.0,D6 Female,57,69,5
52,18,430,13,D7 Male,7,7,natural_causes,dehydration,,,62,57,4
52,19,435,10,D6 Female,6,5,player_vs_player,spear,1.0,D1 Male,58,74,3
52,19,435,9,D5 Male,5,7,natural_causes,dehydration,,,62,57,2
53,3,49,9,D5 Male,5,7,player_vs_player,fists,6.0,D4 Female,47,10,24
53,3,60,4,D3 Female,3,6,player_vs_player,fists,21.0,D11 Male,87,9,23
53,4,72,15,D8 Male,8,2,player_vs_player,fists,8.0,D5 Female,0,70,22
53,4,72,2,D2 Female,2,7,natural_causes,dehydration,,,43,4,21
53,5,97,23,D12 Male,12,2,player_vs_player,fists,1.0,D1 Male,25,19,20
53,5,103,21,D11 Male,11,7,player_vs_player,fists,3.0,D2 Male,78,0,19
53,5,109,7,D4 Male,4,6,player_vs_player,fists,5.0,D3 Male,119,40,18
53,5,111,18,D10 Female,10,5,player_vs_player,fists,17.0,D9 Male,65,118,17
53,7,146,11,D6 Male,6,6,player_vs_player,fists,5.0,D3 Male,95,29,16
53,7,156,1,D1 Male,1,12,natural_causes,dehydration,,,43,24,15
53,7,157,8,D5 Female,5,3,natural_causes,dehydration,,,3,76,14
53,8,169,14,D8 Female,8,9,player_vs_player,bow,13.0,D7 Male,59,89,13
53,8,189,17,D9 Male,9,5,player_vs_player,fists,10.0,D6 Female,55,106,12
53,9,209,19,D10 Male,10,4,player_vs_player,fists,12.0,D7 Female,51,76,11
53,10,222,10,D6 Female,6,9,player_vs_player,spear,20.0,D11 Female,59,100,10
53,10,232,20,D11 Female,11,6,player_vs_player,bow,13.0,D7 Male,69,106,9
53,10,233,22,D12 Female,12,8,player_vs_player,bow,12.0,D7 Female,54,57,8
53,10,238,5,D3 Male,3,9,natural_causes,untreated wound,,,90,28,7
53,11,248,16,D9 Female,9,2,player_vs_player,fists,6.0,D4 Female,13,28,6
53,13,305,0,D1 Female,1,5,natural_causes,dehydration,,,55,19,5
53,17,400,3,D2 Male,2,9,player_vs_player,bow,12.0,D7 Female,60,52,4
53,19,434,13,D7 Male,7,4,player_vs_player,bow,12.0,D7 Female,55,60,3
53,19,449,12,D7 Female,7,8,player_vs_player,rock,6.0,D4 Female,59,60,2
54,2,32,6,D4 Female,4,6,player_vs_player,fists,5.0,D3 Male,77,115,24
54,2,43,20,D11 Female,11,9,player_vs_player,fists,0.0,D1 Female,115,84,23
54,3,48,3,D2 Male,2,6,player_vs_player,fists,0.0,D1 Female,119,87,22
54,3,69,22,D12 Female,12,7,player_vs_player,fists,21.0,D11 Male,107,53,21
54,3,71,4,D3 Female,3,6,player_vs_player,fists,5.0,D3 Male,81,118,20
54,4,72,2,D2 Female,2,7,natural_causes,dehydration,,,59,0,19
54,4,72,10,D6 Female,6,3,natural_causes,dehydration,,,35,18,18
54,4,72,17,D9 Male,9,4,natural_causes,dehydration,,,13,80,17
54,4,72,18,D10 Female,10,5,natural_causes,dehydration,,,13,82,16
54,4,72,23,D12 Male,12,4,natural_causes,dehydration,,,2,44,15
54,4,86,13,D7 Male,7,8,player_vs_player,fists,16.0,D9 Female,8,118,14
54,4,90,21,D11 Male,11,7,natural_causes,untreated wound,,,106,50,13
54,8,171,14,D8 Female,8,7,player_vs_player,rock,12.0,D7 Female,78,14,12
54,8,172,0,D1 Female,1,6,player_vs_player,rock,9.0,D5 Male,74,56,11
54,8,176,11,D6 Male,6,6,player_vs_player,rock,5.0,D3 Male,61,103,10
54,11,262,15,D8 Male,8,8,natural_causes,dehydration,,,42,60,9
54,12,268,12,D7 Female,7,10,player_vs_player,sword,7.0,D4 Male,65,37,8
54,13,288,19,D10 Male,10,8,player_vs_player,fists,8.0,D5 Female,88,54,7
54,15,337,1,D1 Male,1,7,player_vs_player,bow,9.0,D5 Male,48,60,6
54,15,343,7,D4 Male,4,11,natural_causes,dehydration,,,60,41,5
54,15,352,8,D5 Female,5,12,player_vs_player,spear,5.0,D3 Male,69,51,4
54,17,387,5,D3 Male,3,8,natural_causes,dehydration,,,75,56,3
54,17,403,9,D5 Male,5,9,natural_causes,dehydration,,,56,58,2
55,2,46,17,D9 Male,9,5,player_vs_player,fists,4.0,D3 Female,1,62,24
55,3,49,22,D12 Female,12,8,player_vs_player,fists,18.0,D10 Female,67,0,23
55,3,55,3,D2 Male,2,6,player_vs_player,fists,11.0,D6 Male,110,90,22
55,3,57,11,D6 Male,6,6,player_vs_player,fists,6.0,D4 Female,111,90,21
55,4,75,2,D2 Female,2,8,player_vs_player,fists,7.0,D4 Male,17,106,20
55,5,97,23,D12 Male,12,7,natural_causes,dehydration,,,111,50,19
55,5,99,18,D10 Female,10,10,player_vs_player,fists,21.0,D11 Male,76,10,18
55,5,108,10,D6 Female,6,7,natural_causes,dehydration,,,105,15,17
55,5,108,20,D11 Female,11,10,natural_causes,dehydration,,,106,9,16
55,5,115,5,D3 Male,3,9,natural_causes,dehydration,,,111,46,15
55,7,144,19,D10 Male,10,4,natural_causes,dehydration,,,50,24,14
55,7,155,7,D4 Male,4,5,player_vs_player,fists,8.0,D5 Female,16,95,13
55,7,162,6,D4 Female,4,9,player_vs_player,rock,14.0,D8 Female,100,77,12
55,7,166,15,D8 Male,8,8,player_vs_player,knife,21.0,D11 Male,52,23,11
55,8,187,12,D7 Female,7,6,player_vs_player,rock,14.0,D8 Female,104,83,10
55,10,223,8,D5 Female,5,5,player_vs_player,fists,9.0,D5 Male,14,73,9
55,10,228,21,D11 Male,11,8,player_vs_player,spear,13.0,D7 Male,59,21,8
55,13,294,4,D3 Female,3,8,player_vs_player,spear,13.0,D7 Male,46,29,7
55,13,305,16,D9 Female,9,5,player_vs_player,spear,13.0,D7 Male,34,35,6
55,16,381,0,D1 Female,1,6,natural_causes,dehydration,,,67,40,5
55,17,388,9,D5 Male,5,5,player_vs_player,sword,1.0,D1 Male,52,61,4
55,17,406,13,D7 Male,7,10,natural_causes,dehydration,,,43,68,3
55,17,407,1,D1 Male,1,8,natural_causes,dehydration,,,52,77,2
56,3,60,15,D8 Male,8,8,player_vs_player,fists,14.0,D8 Female,39,21,24
56,4,76,8,D5 Female,5,4,player_vs_player,fists,22.0,D12 Female,1,93,23
56,4,77,14,D8 Female,8,10,player_vs_player,fists,10.0,D6 Female,49,19,22
56,4,81,5,D3 Male,3,9,player_vs_player,fists,2.0,D2 Female,114,41,21
56,4,85,22,D12 Female,12,4,player_vs_player,fists,3.0,D2 Male,0,92,20
56,5,112,1,D1 Male,1,5,player_vs_player,fists,13.0,D7 Male,101,59,19
56,6,122,13,D7 Male,7,6,player_vs_player,fists,20.0,D11 Female,105,60,18
56,6,123,2,D2 Female,2,6,natural_causes,untreated wound,,,108,43,17
56,6,125,18,D10 Female,10,3,player_vs_player,fists,6.0,D4 Female,1,66,16
56,6,129,10,D6 Female,6,7,player_vs_player,fists,9.0,D5 Male,62,6,15
56,7,149,4,D3 Female,3,5,player_vs_player,spear,19.0,D10 Male,81,93,14
56,7,152,7,D4 Male,4,4,player_vs_player,fists,3.0,D2 Male,2,84,13
56,7,165,3,D2 Male,2,8,gamemaker,arena hazard,,,0,83,12
56,9,196,23,D12 Male,12,9,player_vs_player,spear,0.0,D1 Female,61,105,11
56,10,231,21,D11 Male,11,6,natural_causes,dehydration,,,93,84,10
56,11,244,19,D10 Male,10,5,natural_causes,dehydration,,,88,59,9
56,11,251,17,D9 Male,9,2,natural_causes,dehydration,,,58,23,8
56,12,265,6,D4 Female,4,8,natural_causes,dehydration,,,54,24,7
56,12,281,20,D11 Female,11,9,player_vs_player,fists,12.0,D7 Female,66,40,6
56,12,286,11,D6 Male,6,7,player_vs_player,knife,9.0,D5 Male,74,34,5
56,13,300,12,D7 Female,7,9,player_vs_player,knife,9.0,D5 Male,75,40,4
56,14,324,16,D9 Female,9,7,player_vs_player,knife,9.0,D5 Male,86,46,3
56,19,443,9,D5 Male,5,10,natural_causes,dehydration,,,53,58,2
57,3,59,1,D1 Male,1,8,player_vs_player,fists,13.0,D7 Male,36,111,24
57,3,61,5,D3 Male,3,2,player_vs_player,fists,20.0,D11 Female,3,33,23
57,3,63,8,D5 Female,5,8,player_vs_player,fists,2.0,D2 Female,19,67,22
57,3,69,2,D2 Female,2,3,natural_causes,untreated wound,,,23,64,21
57,4,72,6,D4 Female,4,3,natural_causes,dehydration,,,29,64,20
57,4,86,9,D5 Male,5,7,player_vs_player,fists,15.0,D8 Male,69,12,19
57,4,87,18,D10 Female,10,6,player_vs_player,fists,11.0,D6 Male,90,60,18
57,4,89,3,D2 Male,2,5,player_vs_player,fists,19.0,D10 Male,98,119,17
57,5,113,20,D11 Female,11,3,player_vs_player,fists,10.0,D6 Female,0,47,16
57,6,132,17,D9 Male,9,7,player_vs_player,fists,15.0,D8 Male,63,26,15
57,7,146,15,D8 Male,8,8,player_vs_player,knife,12.0,D7 Female,66,28,14
57,7,148,0,D1 Female,1,9,player_vs_player,knife,12.0,D7 Female,66,27,13
57,8,175,19,D10 Male,10,9,player_vs_player,rock,7.0,D4 Male,80,119,12
57,9,215,22,D12 Female,12,7,player_vs_player,spear,11.0,D6 Male,96,45,11
57,10,225,10,D6 Female,6,11,player_vs_player,knife,23.0,D12 Male,24,53,10
57,13,293,4,D3 Female,3,8,player_vs_player,spear,23.0,D12 Male,31,60,9
57,15,347,12,D7 Female,7,10,player_vs_player,spear,23.0,D12 Male,44,60,8
57,15,350,21,D11 Male,11,6,player_vs_player,spear,11.0,D6 Male,81,63,7
57,15,357,7,D4 Male,4,5,player_vs_player,sword,13.0,D7 Male,77,78,6
57,17,392,16,D9 Female,9,7,player_vs_player,spear,14.0,D8 Female,53,53,5
57,18,411,11,D6 Male,6,9,player_vs_player,sword,13.0,D7 Male,60,69,4
57,19,432,14,D8 Female,8,6,gamemaker,arena hazard,,,64,46,3
57,20,477,23,D12 Male,12,5,player_vs_player,sword,13.0,D7 Male,60,57,2
58,3,49,3,D2 Male,2,8,player_vs_player,fists,4.0,D3 Female,76,14,24
58,4,72,10,D6 Female,6,9,natural_causes,dehydration,,,5,102,23
58,4,72,12,D7 Female,7,12,natural_causes,dehydration,,,16,23,22
58,4,72,14,D8 Female,8,10,natural_causes,dehydration,,,98,74,21
58,4,72,18,D10 Female,10,10,natural_causes,dehydration,,,103,104,20
58,4,72,20,D11 Female,11,5,natural_causes,dehydration,,,5,105,19
58,4,72,23,D12 Male,12,8,natural_causes,dehydration,,,118,82,18
58,5,108,2,D2 Female,2,7,natural_causes,dehydration,,,118,78,17
58,5,108,7,D4 Male,4,7,natural_causes,dehydration,,,118,78,16
58,5,108,17,D9 Male,9,11,natural_causes,dehydration,,,109,12,15
58,5,115,16,D9 Female,9,9,natural_causes,dehydration,,,26,0,14
58,6,126,8,D5 Female,5,8,player_vs_player,fists,11.0,D6 Male,119,47,13
58,6,130,4,D3 Female,3,8,natural_causes,dehydration,,,107,10,12
58,6,142,5,D3 Male,3,5,player_vs_player,rock,13.0,D7 Male,25,98,11
58,6,143,9,D5 Male,5,9,player_vs_player,rock,13.0,D7 Male,25,97,10
58,7,150,0,D1 Female,1,9,player_vs_player,fists,1.0,D1 Male,53,78,9
58,11,249,22,D12 Female,12,9,player_vs_player,spear,1.0,D1 Male,44,60,8
58,11,260,11,D6 Male,6,10,player_vs_player,spear,19.0,D10 Male,87,58,7
58,12,274,15,D8 Male,8,2,player_vs_player,spear,1.0,D1 Male,22,60,6
58,14,325,13,D7 Male,7,5,player_vs_player,spear,1.0,D1 Male,41,66,5
58,17,388,21,D11 Male,11,6,player_vs_player,spear,19.0,D10 Male,58,56,4
58,17,389,1,D1 Male,1,6,player_vs_player,spear,19.0,D10 Male,58,57,3
58,17,390,6,D4 Female,4,1,player_vs_player,spear,19.0,D10 Male,60,55,2
59,2,39,8,D5 Female,5,7,player_vs_player,fists,7.0,D4 Male,100,103,24
59,3,48,1,D1 Male,1,8,player_vs_player,fists,14.0,D8 Female,7,99,23
59,3,48,6,D4 Female,4,6,player_vs_player,fists,0.0,D1 Female,76,116,22
59,3,69,10,D6 Female,6,8,player_vs_player,fists,9.0,D5 Male,27,14,21
59,3,71,9,D5 Male,5,8,player_vs_player,fists,20.0,D11 Female,28,15,20
59,4,72,13,D7 Male,7,1,natural_causes,dehydration,,,20,15,19
59,4,87,2,D2 Female,2,4,player_vs_player,rock,11.0,D6 Male,14,102,18
59,4,87,5,D3 Male,3,10,player_vs_player,fists,18.0,D10 Female,110,0,17
59,5,104,14,D8 Female,8,4,player_vs_player,rock,11.0,D6 Male,4,103,16
59,5,112,17,D9 Male,9,2,player_vs_player,fists,3.0,D2 Male,24,28,15
59,5,115,0,D1 Female,1,8,natural_causes,dehydration,,,89,107,14
59,6,122,21,D11 Male,11,9,player_vs_player,knife,4.0,D3 Female,104,93,13
59,6,127,3,D2 Male,2,8,natural_causes,dehydration,,,34,29,12
59,7,153,12,D7 Female,7,8,player_vs_player,fists,19.0,D10 Male,58,7,11
59,8,187,20,D11 Female,11,12,natural_causes,untreated wound,,,37,24,10
59,9,194,11,D6 Male,6,6,natural_causes,dehydration,,,7,89,9
59,9,201,18,D10 Female,10,8,player_vs_player,knife,22.0,D12 Female,74,28,8
59,11,242,23,D12 Male,12,7,player_vs_player,knife,4.0,D3 Female,77,103,7
59,12,269,19,D10 Male,10,11,player_vs_player,knife,22.0,D12 Female,48,27,6
59,13,295,22,D12 Female,12,8,player_vs_player,bow,15.0,D8 Male,40,34,5
59,15,348,7,D4 Male,4,7,player_vs_player,bow,15.0,D8 Male,61,50,4
59,16,383,15,D8 Male,8,8,player_vs_player,bow,16.0,D9 Female,62,51,3
59,17,397,16,D9 Female,9,4,player_vs_player,bow,4.0,D3 Female,59,60,2
60,2,33,11,D6 Male,6,6,player_vs_player,fists,9.0,D5 Male,94,1,24
60,2,43,7,D4 Male,4,5,player_vs_player,fists,20.0,D11 Female,98,47,23
60,3,49,23,D12 Male,12,7,player_vs_player,fists,21.0,D11 Male,11,67,22
60,3,59,4,D3 Female,3,6,player_vs_player,fists,5.0,D3 Male,44,5,21
60,3,59,9,D5 Male,5,6,player_vs_player,fists,6.0,D4 Female,76,5,20
60,3,67,1,D1 Male,1,6,player_vs_player,fists,0.0,D1 Female,29,0,19
60,5,104,22,D12 Female,12,4,player_vs_player,knife,15.0,D8 Male,48,101,18
60,5,107,17,D9 Male,9,4,player_vs_player,fists,10.0,D6 Female,75,105,17
60,6,131,21,D11 Male,11,2,natural_causes,dehydration,,,44,57,16
60,6,132,16,D9 Female,9,5,player_vs_player,sword,20.0,D11 Female,75,61,15
60,6,133,8,D5 Female,5,1,natural_causes,dehydration,,,42,58,14
60,7,159,0,D1 Female,1,10,player_vs_player,knife,6.0,D4 Female,65,7,13
60,8,183,6,D4 Female,4,9,natural_causes,dehydration,,,60,10,12
60,9,192,13,D7 Male,7,3,player_vs_player,fists,3.0,D2 Male,19,60,11
60,9,197,5,D3 Male,3,9,natural_causes,untreated wound,,,49,39,10
60,9,203,18,D10 Female,10,5,player_vs_player,sword,20.0,D11 Female,84,62,9
60,9,206,10,D6 Female,6,4,player_vs_player,knife,15.0,D8 Male,75,89,8
60,10,223,14,D8 Female,8,8,player_vs_player,sword,20.0,D11 Female,95,75,7
60,11,262,15,D8 Male,8,8,player_vs_player,sword,20.0,D11 Female,65,88,6
60,13,293,12,D7 Female,7,1,player_vs_player,spear,3.0,D2 Male,55,43,5
60,14,330,20,D11 Female,11,9,player_vs_player,bow,19.0,D10 Male,55,54,4
60,15,336,3,D2 Male,2,7,player_vs_player,bow,19.0,D10 Male,59,56,3
60,15,337,19,D10 Male,10,6,natural_causes,untreated wound,,,58,55,2
61,2,34,5,D3 Male,3,3,player_vs_player,fists,22.0,D12 Female,5,40,24
61,2,35,4,D3 Female,3,6,player_vs_player,fists,6.0,D4 Female,84,1,23
61,3,64,12,D7 Female,7,4,player_vs_player,fists,17.0,D9 Male,47,106,22
61,3,69,22,D12 Female,12,8,natural_causes,untreated wound,,,13,48,21
61,4,77,8,D5 Female,5,5,player_vs_player,fists,2.0,D2 Female,119,66,20
61,4,90,3,D2 Male,2,6,player_vs_player,fists,14.0,D8 Female,57,7,19
61,5,108,14,D8 Female,8,7,natural_causes,dehydration,,,67,4,18
61,6,124,16,D9 Female,9,4,player_vs_player,knife,18.0,D10 Female,52,84,17
61,6,127,7,D4 Male,4,4,player_vs_player,knife,20.0,D11 Female,88,106,16
61,7,150,17,D9 Male,9,8,natural_causes,dehydration,,,48,82,15
61,7,160,9,D5 Male,5,9,player_vs_player,fists,6.0,D4 Female,105,20,14
61,9,198,15,D8 Male,8,2,player_vs_player,fists,0.0,D1 Female,43,44,13
61,9,215,1,D1 Male,1,10,natural_causes,dehydration,,,65,3,12
61,11,258,0,D1 Female,1,12,player_vs_player,sword,23.0,D12 Male,29,37,11
61,13,294,21,D11 Male,11,4,player_vs_player,bow,19.0,D10 Male,47,60,10
61,14,325,11,D6 Male,6,6,player_vs_player,sword,10.0,D6 Female,70,63,9
61,14,327,20,D11 Female,11,5,player_vs_player,sword,10.0,D6 Female,68,61,8
61,16,366,2,D2 Female,2,8,player_vs_player,bow,19.0,D10 Male,62,76,7
61,16,366,13,D7 Male,7,5,natural_causes,dehydration,,,77,46,6
61,16,368,6,D4 Female,4,6,player_vs_player,sword,10.0,D6 Female,77,60,5
61,16,369,19,D10 Male,10,6,player_vs_player,sword,23.0,D12 Male,60,74,4
61,17,405,18,D10 Female,10,8,player_vs_player,bow,23.0,D12 Male,52,60,3
61,18,415,23,D12 Male,12,4,player_vs_player,sword,10.0,D6 Female,59,59,2
62,2,36,19,D10 Male,10,2,player_vs_player,fists,21.0,D11 Male,5,28,24
62,2,47,5,D3 Male,3,7,player_vs_player,fists,6.0,D4 Female,69,1,23
62,3,63,15,D8 Male,8,3,player_vs_player,fists,13.0,D7 Male,5,69,22
62,4,72,20,D11 Female,11,9,natural_causes,dehydration,,,110,89,21
62,4,80,13,D7 Male,7,8,player_vs_player,fists,23.0,D12 Male,6,76,20
62,4,90,17,D9 Male,9,8,player_vs_player,fists,6.0,D4 Female,40,13,19
62,4,95,7,D4 Male,4,8,player_vs_player,knife,0.0,D1 Female,46,113,18
62,5,98,9,D5 Male,5,6,player_vs_player,fists,3.0,D2 Male,110,84,17
62,5,108,11,D6 Male,6,7,natural_causes,dehydration,,,64,4,16
62,6,123,18,D10 Female,10,6,player_vs_player,knife,0.0,D1 Female,58,89,15
62,6,129,23,D12 Male,12,4,natural_causes,untreated wound,,,7,78,14
62,7,147,22,D12 Female,12,9,natural_causes,dehydration,,,107,91,13
62,7,165,0,D1 Female,1,4,natural_causes,dehydration,,,78,105,12
62,8,170,12,D7 Female,7,5,natural_causes,dehydration,,,75,89,11
62,9,199,8,D5 Female,5,8,player_vs_player,spear,4.0,D3 Female,17,110,10
62,9,213,10,D6 Female,6,7,player_vs_player,fists,6.0,D4 Female,61,1,9
62,12,279,6,D4 Female,4,10,natural_causes,dehydration,,,57,7,8
62,12,287,14,D8 Female,8,9,natural_causes,dehydration,,,61,9,7
62,15,341,16,D9 Female,9,8,player_vs_player,spear,21.0,D11 Male,32,45,6
62,18,424,21,D11 Male,11,3,player_vs_player,sword,4.0,D3 Female,50,59,5
62,18,429,1,D1 Male,1,11,player_vs_player,bow,2.0,D2 Female,61,47,4
62,19,452,2,D2 Female,2,6,player_vs_player,sword,4.0,D3 Female,63,46,3
62,21,496,3,D2 Male,2,6,player_vs_player,sword,4.0,D3 Female,60,61,2
63,2,29,20,D11 Female,11,7,player_vs_player,fists,11.0,D6 Male,119,68,24
63,2,44,4,D3 Female,3,4,player_vs_player,fists,1.0,D1 Male,6,91,23
63,3,57,15,D8 Male,8,3,player_vs_player,fists,8.0,D5 Female,18,35,22
63,4,72,16,D9 Female,9,5,natural_causes,dehydration,,,33,102,21
63,4,72,22,D12 Female,12,6,natural_causes,dehydration,,,104,119,20
63,4,89,13,D7 Male,7,6,player_vs_player,fists,11.0,D6 Male,111,68,19
63,4,90,19,D10 Male,10,4,player_vs_player,fists,3.0,D2 Male,22,73,18
63,4,92,7,D4 Male,4,7,natural_causes,dehydration,,,106,57,17
63,5,101,5,D3 Male,3,7,player_vs_player,fists,10.0,D6 Female,92,33,16
63,5,108,17,D9 Male,9,9,natural_causes,dehydration,,,114,82,15
63,5,112,14,D8 Female,8,3,player_vs_player,fists,8.0,D5 Female,3,34,14
63,5,114,10,D6 Female,6,9,player_vs_player,knife,0.0,D1 Female,100,32,13
63,5,115,11,D6 Male,6,9,natural_causes,dehydration,,,111,54,12
63,5,115,21,D11 Male,11,9,natural_causes,dehydration,,,51,73,11
63,7,157,6,D4 Female,4,8,player_vs_player,knife,12.0,D7 Female,83,20,10
63,8,168,1,D1 Male,1,8,natural_causes,untreated wound,,,10,74,9
63,10,223,12,D7 Female,7,8,player_vs_player,spear,2.0,D2 Female,68,23,8
63,12,266,2,D2 Female,2,10,gamemaker,arena hazard,,,53,12,7
63,12,283,0,D1 Female,1,7,natural_causes,dehydration,,,104,54,6
63,12,287,23,D12 Male,12,8,player_vs_player,sword,9.0,D5 Male,55,15,5
63,15,352,8,D5 Female,5,11,player_vs_player,bow,3.0,D2 Male,61,50,4
63,17,407,9,D5 Male,5,5,player_vs_player,bow,3.0,D2 Male,60,48,3
63,20,462,18,D10 Female,10,5,player_vs_player,bow,3.0,D2 Male,57,62,2
64,2,36,12,D7 Female,7,4,player_vs_player,fists,13.0,D7 Male,45,100,24
64,3,51,19,D10 Male,10,6,player_vs_player,fists,21.0,D11 Male,114,77,23
64,3,52,14,D8 Female,8,7,player_vs_player,fists,15.0,D8 Male,62,10,22
64,3,52,6,D4 Female,4,6,player_vs_player,fists,3.0,D2 Male,83,2,21
64,3,56,16,D9 Female,9,6,player_vs_player,fists,17.0,D9 Male,119,32,20
64,3,60,22,D12 Female,12,1,player_vs_player,fists,0.0,D1 Female,0,24,19
64,4,72,2,D2 Female,2,8,natural_causes,dehydration,,,35,52,18
64,4,72,20,D11 Female,11,2,natural_causes,dehydration,,,5,79,17
64,4,77,21,D11 Male,11,6,natural_causes,untreated wound,,,119,91,16
64,4,78,7,D4 Male,4,10,natural_causes,untreated wound,,,117,87,15
64,4,82,9,D5 Male,5,2,natural_causes,dehydration,,,5,85,14
64,5,99,17,D9 Male,9,6,player_vs_player,fists,4.0,D3 Female,119,63,13
64,5,101,10,D6 Female,6,3,natural_causes,dehydration,,,42,83,12
64,7,156,0,D1 Female,1,1,player_vs_player,fists,1.0,D1 Male,14,33,11
64,7,157,23,D12 Male,12,6,player_vs_player,bow,13.0,D7 Male,79,82,10
64,11,254,13,D7 Male,7,9,player_vs_player,knife,4.0,D3 Female,88,61,9
64,11,257,3,D2 Male,2,10,player_vs_player,spear,15.0,D8 Male,64,29,8
64,12,281,8,D5 Female,5,6,player_vs_player,spear,15.0,D8 Male,77,44,7
64,13,302,1,D1 Male,1,10,player_vs_player,bow,18.0,D10 Female,48,26,6
64,16,370,15,D8 Male,8,8,player_vs_player,bow,18.0,D10 Female,62,46,5
64,17,391,4,D3 Female,3,10,player_vs_player,sword,11.0,D6 Male,72,54,4
64,18,421,11,D6 Male,6,9,natural_causes,untreated wound,,,68,56,3
64,20,459,5,D3 Male,3,5,player_vs_player,bow,18.0,D10 Female,60,63,2
65,2,43,23,D12 Male,12,4,player_vs_player,fists,6.0,D4 Female,0,23,24
65,3,62,3,D2 Male,2,4,player_vs_player,fists,9.0,D5 Male,14,83,23
65,4,76,8,D5 Female,5,6,player_vs_player,fists,11.0,D6 Male,119,22,22
65,4,87,19,D10 Male,10,10,player_vs_player,fists,9.0,D5 Male,0,80,21
65,4,94,7,D4 Male,4,7,player_vs_player,fists,13.0,D7 Male,1,9,20
65,5,105,5,D3 Male,3,5,player_vs_player,fists,10.0,D6 Female,80,119,19
65,5,107,4,D3 Female,3,6,player_vs_player,fists,16.0,D9 Female,93,17,18
65,5,108,13,D7 Male,7,8,natural_causes,dehydration,,,5,4,17
65,5,113,22,D12 Female,12,6,player_vs_player,fists,2.0,D2 Female,110,105,16
65,6,130,12,D7 Female,7,4,player_vs_player,spear,15.0,D8 Male,38,58,15
65,8,181,20,D11 Female,11,5,player_vs_player,spear,15.0,D8 Male,8,88,14
65,8,182,14,D8 Female,8,4,player_vs_player,spear,15.0,D8 Male,8,88,13
65,9,192,21,D11 Male,11,7,player_vs_player,fists,16.0,D9 Female,71,0,12
65,9,196,9,D5 Male,5,8,player_vs_player,spear,15.0,D8 Male,0,87,11
65,9,208,1,D1 Male,1,5,natural_causes,untreated wound,,,49,69,10
65,10,219,10,D6 Female,6,10,player_vs_player,bow,17.0,D9 Male,60,85,9
65,11,249,11,D6 Male,6,6,player_vs_player,knife,18.0,D10 Female,96,66,8
65,12,266,16,D9 Female,9,11,player_vs_player,knife,0.0,D1 Female,60,27,7
65,14,334,2,D2 Female,2,10,player_vs_player,knife,18.0,D10 Female,95,60,6
65,16,372,15,D8 Male,8,5,player_vs_player,spear,6.0,D4 Female,30,60,5
65,19,434,18,D10 Female,10,11,player_vs_player,bow,0.0,D1 Female,70,61,4
65,20,474,6,D4 Female,4,12,player_vs_player,bow,17.0,D9 Male,60,60,3
65,21,480,17,D9 Male,9,6,player_vs_player,bow,0.0,D1 Female,59,60,2
66,3,55,23,D12 Male,12,7,player_vs_player,fists,2.0,D2 Female,100,44,24
66,3,62,20,D11 Female,11,7,player_vs_player,fists,0.0,D1 Female,102,7,23
66,3,66,1,D1 Male,1,4,player_vs_player,fists,16.0,D9 Female,34,93,22
66,3,67,8,D5 Female,5,2,player_vs_player,fists,5.0,D3 Male,0,23,21
66,4,72,11,D6 Male,6,7,player_vs_player,fists,17.0,D9 Male,0,28,20
66,4,75,21,D11 Male,11,7,player_vs_player,fists,0.0,D1 Female,101,17,19
66,4,80,15,D8 Male,8,6,player_vs_player,fists,12.0,D7 Female,101,60,18
66,4,82,9,D5 Male,5,5,player_vs_player,fists,14.0,D8 Female,79,109,17
66,4,83,14,D8 Female,8,5,player_vs_player,knife,3.0,D2 Male,79,109,16
66,4,86,7,D4 Male,4,5,player_vs_player,knife,3.0,D2 Male,79,105,15
66,4,93,17,D9 Male,9,4,player_vs_player,fists,5.0,D3 Male,15,41,14
66,5,111,12,D7 Female,7,9,natural_causes,untreated wound,,,102,58,13
66,5,113,19,D10 Male,10,7,player_vs_player,rock,6.0,D4 Female,60,0,12
66,5,116,5,D3 Male,3,11,natural_causes,dehydration,,,13,29,11
66,6,121,10,D6 Female,6,7,player_vs_player,fists,13.0,D7 Male,18,94,10
66,7,151,2,D2 Female,2,6,player_vs_player,rock,0.0,D1 Female,87,43,9
66,7,158,13,D7 Male,7,4,natural_causes,untreated wound,,,12,92,8
66,8,180,18,D10 Female,10,7,natural_causes,dehydration,,,6,21,7
66,11,246,0,D1 Female,1,9,player_vs_player,rock,6.0,D4 Female,74,22,6
66,12,279,4,D3 Female,3,4,natural_causes,dehydration,,,18,76,5
66,16,370,3,D2 Male,2,7,player_vs_player,knife,22.0,D12 Female,66,60,4
66,17,384,6,D4 Female,4,10,player_vs_player,bow,16.0,D9 Female,63,51,3
66,17,405,22,D12 Female,12,8,player_vs_player,bow,16.0,D9 Female,71,64,2
67,2,34,11,D6 Male,6,5,player_vs_player,fists,9.0,D5 Male,77,119,24
67,2,42,3,D2 Male,2,4,player_vs_player,fists,15.0,D8 Male,10,115,23
67,3,55,9,D5 Male,5,5,natural_causes,untreated wound,,,81,110,22
67,3,61,19,D10 Male,10,3,player_vs_player,fists,21.0,D11 Male,11,27,21
67,3,62,18,D10 Female,10,6,player_vs_player,fists,6.0,D4 Female,105,80,20
67,3,71,5,D3 Male,3,4,player_vs_player,fists,4.0,D3 Female,6,81,19
67,4,79,13,D7 Male,7,4,player_vs_player,fists,16.0,D9 Female,0,56,18
67,5,99,1,D1 Male,1,6,player_vs_player,fists,10.0,D6 Female,119,40,17
67,5,103,8,D5 Female,5,7,player_vs_player,fists,2.0,D2 Female,40,15,16
67,6,137,14,D8 Female,8,7,player_vs_player,spear,0.0,D1 Female,73,34,15
67,7,153,16,D9 Female,9,8,natural_causes,dehydration,,,23,63,14
67,7,163,6,D4 Female,4,5,player_vs_player,fists,20.0,D11 Female,106,66,13
67,9,215,22,D12 Female,12,5,player_vs_player,knife,23.0,D12 Male,47,113,12
67,10,216,2,D2 Female,2,10,player_vs_player,knife,7.0,D4 Male,16,38,11
67,10,222,23,D12 Male,12,9,natural_causes,dehydration,,,48,116,10
67,12,285,10,D6 Female,6,10,player_vs_player,spear,17.0,D9 Male,89,75,9
67,12,286,12,D7 Female,7,7,player_vs_player,bow,21.0,D11 Male,67,40,8
67,13,299,7,D4 Male,4,7,player_vs_player,sword,4.0,D3 Female,21,44,7
67,14,313,15,D8 Male,8,8,player_vs_player,bow,0.0,D1 Female,36,72,6
67,14,322,4,D3 Female,3,4,natural_causes,dehydration,,,21,44,5
67,16,377,17,D9 Male,9,10,player_vs_player,spear,20.0,D11 Female,84,63,4
67,17,389,20,D11 Female,11,9,player_vs_player,bow,21.0,D11 Male,88,60,3
67,20,460,0,D1 Female,1,6,player_vs_player,bow,21.0,D11 Male,57,60,2
68,3,53,15,D8 Male,8,7,player_vs_player,fists,16.0,D9 Female,78,4,24
68,3,68,21,D11 Male,11,6,player_vs_player,fists,18.0,D10 Female,98,108,23
68,5,98,10,D6 Female,6,7,player_vs_player,fists,13.0,D7 Male,41,22,22
68,5,116,6,D4 Female,4,6,player_vs_player,fists,9.0,D5 Male,101,53,21
68,5,118,12,D7 Female,7,5,player_vs_player,fists,2.0,D2 Female,92,77,20
68,6,126,22,D12 Female,12,5,player_vs_player,fists,18.0,D10 Female,83,97,19
68,6,129,20,D11 Female,11,2,player_vs_player,fists,17.0,D9 Male,0,54,18
68,6,133,4,D3 Female,3,7,player_vs_player,fists,23.0,D12 Male,20,37,17
68,6,142,11,D6 Male,6,8,player_vs_player,knife,8.0,D5 Female,42,97,16
68,7,144,19,D10 Male,10,4,natural_causes,dehydration,,,8,100,15
68,7,163,14,D8 Female,8,6,player_vs_player,rock,1.0,D1 Male,77,54,14
68,7,167,18,D10 Female,10,6,natural_causes,untreated wound,,,73,87,13
68,9,214,13,D7 Male,7,7,player_vs_player,sword,0.0,D1 Female,33,51,12
68,10,230,0,D1 Female,1,9,player_vs_player,spear,7.0,D4 Male,34,51,11
68,11,253,17,D9 Male,9,10,natural_causes,untreated wound,,,17,55,10
68,11,261,23,D12 Male,12,4,player_vs_player,spear,7.0,D4 Male,44,47,9
68,15,341,5,D3 Male,3,3,player_vs_player,spear,2.0,D2 Female,55,32,8
68,15,358,9,D5 Male,5,9,player_vs_player,bow,16.0,D9 Female,72,67,7
68,16,365,3,D2 Male,2,4,player_vs_player,bow,7.0,D4 Male,26,63,6
68,18,429,1,D1 Male,1,8,player_vs_player,bow,7.0,D4 Male,54,52,5
68,19,442,2,D2 Female,2,8,gamemaker,arena hazard,,,66,41,4
68,20,474,7,D4 Male,4,8,gamemaker,arena hazard,,,60,46,3
68,21,484,8,D5 Female,5,4,player_vs_player,bow,16.0,D9 Female,60,64,2
69,2,40,10,D6 Female,6,8,player_vs_player,fists,21.0,D11 Male,66,11,24
69,2,43,2,D2 Female,2,12,player_vs_player,fists,23.0,D12 Male,0,15,23
69,3,63,15,D8 Male,8,6,player_vs_player,fists,16.0,D9 Female,78,105,22
69,3,70,22,D12 Female,12,5,player_vs_player,fists,17.0,D9 Male,8,83,21
69,4,73,21,D11 Male,11,10,natural_causes,untreated wound,,,57,10,20
69,4,95,14,D8 Female,8,7,player_vs_player,fists,0.0,D1 Female,102,57,19
69,5,98,18,D10 Female,10,4,player_vs_player,fists,20.0,D11 Female,35,47,18
69,5,108,5,D3 Male,3,6,player_vs_player,knife,8.0,D5 Female,119,59,17
69,6,131,13,D7 Male,7,5,player_vs_player,fists,3.0,D2 Male,10,77,16
69,7,145,20,D11 Female,11,4,player_vs_player,sword,4.0,D3 Female,24,33,15
69,7,166,4,D3 Female,3,4,natural_causes,dehydration,,,32,35,14
69,8,171,3,D2 Male,2,5,natural_causes,untreated wound,,,13,72,13
69,8,177,16,D9 Female,9,6,player_vs_player,spear,11.0,D6 Male,82,92,12
69,9,200,1,D1 Male,1,6,player_vs_player,knife,8.0,D5 Female,82,55,11
69,10,238,17,D9 Male,9,9,player_vs_player,spear,19.0,D10 Male,18,65,10
69,11,245,12,D7 Female,7,6,player_vs_player,fists,9.0,D5 Male,88,18,9
69,11,252,8,D5 Female,5,9,player_vs_player,sword,0.0,D1 Female,62,48,8
69,11,252,0,D1 Female,1,9,player_vs_player,sword,8.0,D5 Female,64,48,7
69,13,298,7,D4 Male,4,8,player_vs_player,spear,6.0,D4 Female,48,13,6
69,15,343,23,D12 Male,12,9,player_vs_player,spear,9.0,D5 Male,67,27,5
69,18,427,19,D10 Male,10,9,gamemaker,arena hazard,,,35,57,4
69,18,428,6,D4 Female,4,7,player_vs_player,spear,9.0,D5 Male,59,43,3
69,21,486,9,D5 Male,5,9,player_vs_player,sword,11.0,D6 Male,59,54,2
70,3,60,19,D10 Male,10,4,player_vs_player,fists,3.0,D2 Male,33,49,24
70,3,64,14,D8 Female,8,5,player_vs_player,fists,11.0,D6 Male,49,106,23
70,4,72,5,D3 Male,3,4,natural_causes,dehydration,,,22,67,22
70,4,72,6,D4 Female,4,9,natural_causes,dehydration,,,119,67,21
70,4,95,18,D10 Female,10,5,player_vs_player,fists,1.0,D1 Male,18,76,20
70,5,112,16,D9 Female,9,7,player_vs_player,fists,21.0,D11 Male,60,0,19
70,5,116,4,D3 Female,3,6,player_vs_player,fists,2.0,D2 Female,96,49,18
70,5,117,23,D12 Male,12,7,player_vs_player,fists,22.0,D12 Female,103,11,17
70,6,127,3,D2 Male,2,3,player_vs_player,fists,8.0,D5 Female,63,41,16
70,6,135,10,D6 Female,6,6,player_vs_player,knife,2.0,D2 Female,93,44,15
70,7,144,0,D1 Female,1,6,natural_causes,dehydration,,,88,9,14
70,7,144,22,D12 Female,12,10,natural_causes,dehydration,,,89,5,13
70,8,171,20,D11 Female,11,8,player_vs_player,fists,1.0,D1 Male,42,59,12
70,9,192,21,D11 Male,11,11,player_vs_player,spear,8.0,D5 Female,50,12,11
70,10,221,7,D4 Male,4,11,player_vs_player,spear,8.0,D5 Female,38,11,10
70,11,251,12,D7 Female,7,7,player_vs_player,spear,8.0,D5 Female,30,32,9
70,12,284,9,D5 Male,5,9,player_vs_player,sword,13.0,D7 Male,69,93,8
70,15,339,13,D7 Male,7,6,gamemaker,arena hazard,,,62,84,7
70,16,361,15,D8 Male,8,6,player_vs_player,spear,2.0,D2 Female,74,76,6
70,16,372,17,D9 Male,9,6,player_vs_player,spear,11.0,D6 Male,71,63,5
70,17,386,1,D1 Male,1,4,player_vs_player,spear,11.0,D6 Male,59,59,4
70,18,423,8,D5 Female,5,7,player_vs_player,bow,11.0,D6 Male,60,48,3
70,20,474,2,D2 Female,2,6,player_vs_player,bow,11.0,D6 Male,62,63,2
71,2,42,21,D11 Male,11,6,player_vs_player,fists,13.0,D7 Male,101,0,24
71,3,62,1,D1 Male,1,6,player_vs_player,fists,3.0,D2 Male,25,12,23
71,3,64,20,D11 Female,11,6,player_vs_player,rock,9.0,D5 Male,70,22,22
71,3,67,18,D10 Female,10,11,player_vs_player,fists,2.0,D2 Female,82,33,21
71,4,72,2,D2 Female,2,5,natural_causes,dehydration,,,78,32,20
71,4,89,9,D5 Male,5,12,natural_causes,dehydration,,,76,28,19
71,4,90,14,D8 Female,8,5,player_vs_player,knife,22.0,D12 Female,87,114,18
71,6,120,10,D6 Female,6,8,player_vs_player,rock,19.0,D10 Male,15,90,17
71,6,134,11,D6 Male,6,9,player_vs_player,spear,15.0,D8 Male,76,94,16
71,7,145,0,D1 Female,1,5,player_vs_player,rock,23.0,D12 Male,112,43,15
71,7,146,12,D7 Female,7,5,natural_causes,dehydration,,,86,72,14
71,7,151,6,D4 Female,4,5,natural_causes,dehydration,,,86,71,13
71,8,181,5,D3 Male,3,4,player_vs_player,fists,16.0,D9 Female,6,57,12
71,8,189,3,D2 Male,2,12,player_vs_player,knife,17.0,D9 Male,31,17,11
71,9,203,7,D4 Male,4,3,player_vs_player,fists,4.0,D3 Female,7,55,10
71,10,216,16,D9 Female,9,8,natural_causes,untreated wound,,,18,60,9
71,12,273,13,D7 Male,7,12,natural_causes,dehydration,,,99,41,8
71,12,284,8,D5 Female,5,6,natural_causes,dehydration,,,60,14,7
71,13,300,22,D12 Female,12,9,player_vs_player,spear,19.0,D10 Male,46,63,6
71,17,392,15,D8 Male,8,5,player_vs_player,bow,4.0,D3 Female,55,68,5
71,17,405,4,D3 Female,3,3,natural_causes,untreated wound,,,58,65,4
71,18,420,23,D12 Male,12,6,player_vs_player,bow,19.0,D10 Male,55,45,3
71,19,444,17,D9 Male,9,2,player_vs_player,bow,19.0,D10 Male,42,62,2
72,2,40,9,D5 Male,5,1,player_vs_player,fists,0.0,D1 Female,2,39,24
72,2,41,22,D12 Female,12,6,player_vs_player,fists,4.0,D3 Female,110,95,23
72,3,50,21,D11 Male,11,8,player_vs_player,fists,3.0,D2 Male,10,13,22
72,3,60,1,D1 Male,1,11,player_vs_player,fists,17.0,D9 Male,50,3,21
72,3,63,13,D7 Male,7,4,player_vs_player,fists,16.0,D9 Female,61,112,20
72,4,72,11,D6 Male,6,6,player_vs_player,fists,8.0,D5 Female,106,59,19
72,5,99,18,D10 Female,10,5,player_vs_player,knife,12.0,D7 Female,66,99,18
72,5,100,5,D3 Male,3,7,player_vs_player,fists,17.0,D9 Male,81,0,17
72,5,109,8,D5 Female,5,6,player_vs_player,fists,23.0,D12 Male,118,46,16
72,5,113,16,D9 Female,9,4,player_vs_player,knife,12.0,D7 Female,61,108,15
72,5,115,17,D9 Male,9,7,natural_causes,dehydration,,,84,8,14
72,5,118,19,D10 Male,10,6,player_vs_player,knife,4.0,D3 Female,90,61,13
72,7,160,10,D6 Female,6,10,player_vs_player,rock,7.0,D4 Male,82,8,12
72,8,172,14,D8 Female,8,3,player_vs_player,knife,15.0,D8 Male,32,54,11
72,8,178,23,D12 Male,12,10,player_vs_player,spear,4.0,D3 Female,111,50,10
72,8,190,15,D8 Male,8,8,player_vs_player,knife,20.0,D11 Female,30,61,9
72,9,197,20,D11 Female,11,4,player_vs_player,fists,6.0,D4 Female,29,59,8
72,12,271,12,D7 Female,7,5,gamemaker,arena hazard,,,63,98,7
72,14,318,4,D3 Female,3,9,natural_causes,dehydration,,,89,57,6
72,14,320,3,D2 Male,2,12,player_vs_player,rock,7.0,D4 Male,65,36,5
72,14,332,0,D1 Female,1,2,player_vs_player,bow,6.0,D4 Female,53,59,4
72,17,397,2,D2 Female,2,8,player_vs_player,bow,6.0,D4 Female,55,60,3
72,18,416,6,D4 Female,4,8,player_vs_player,sword,7.0,D4 Male,61,51,2
72,18,416,7,D4 Male,4,6,player_vs_player,bow,6.0,D4 Female,60,49,1
73,2,32,15,D8 Male,8,7,player_vs_player,fists,8.0,D5 Female,79,10,24
73,2,38,3,D2 Male,2,3,player_vs_player,fists,5.0,D3 Male,0,97,23
73,2,47,21,D11 Male,11,7,player_vs_player,fists,19.0,D10 Male,117,16,22
73,3,49,9,D5 Male,5,3,player_vs_player,fists,13.0,D7 Male,8,72,21
73,3,58,7,D4 Male,4,6,player_vs_player,fists,18.0,D10 Female,119,91,20
73,3,62,4,D3 Female,3,8,player_vs_player,fists,11.0,D6 Male,74,108,19
73,3,63,10,D6 Female,6,5,player_vs_player,fists,11.0,D6 Male,74,110,18
73,3,64,23,D12 Male,12,7,player_vs_player,fists,16.0,D9 Female,119,44,17
73,4,84,13,D7 Male,7,8,natural_causes,untreated wound,,,18,67,16
73,6,133,5,D3 Male,3,8,natural_causes,dehydration,,,4,99,15
73,6,142,20,D11 Female,11,8,player_vs_player,knife,2.0,D2 Female,41,31,14
73,8,172,22,D12 Female,12,2,player_vs_player,fists,0.0,D1 Female,65,43,13
73,9,197,16,D9 Female,9,9,player_vs_player,fists,1.0,D1 Male,93,60,12
73,10,231,14,D8 Female,8,1,natural_causes,dehydration,,,28,31,11
73,10,235,8,D5 Female,5,7,player_vs_player,fists,19.0,D10 Male,60,24,10
73,11,241,12,D7 Female,7,12,player_vs_player,sword,6.0,D4 Female,58,53,9
73,12,265,18,D10 Female,10,9,player_vs_player,rock,17.0,D9 Male,55,81,8
73,13,305,11,D6 Male,6,5,player_vs_player,spear,17.0,D9 Male,60,84,7
73,14,332,6,D4 Female,4,5,player_vs_player,sword,0.0,D1 Female,80,60,6
73,16,377,19,D10 Male,10,12,player_vs_player,spear,2.0,D2 Female,60,63,5
73,17,389,1,D1 Male,1,6,player_vs_player,sword,0.0,D1 Female,59,57,4
73,17,393,17,D9 Male,9,5,gamemaker,arena hazard,,,62,69,3
73,18,422,2,D2 Female,2,7,natural_causes,untreated wound,,,59,63,2
74,2,46,13,D7 Male,7,9,player_vs_player,fists,6.0,D4 Female,105,16,24
74,3,52,8,D5 Female,5,5,player_vs_player,fists,14.0,D8 Female,80,111,23
74,3,65,12,D7 Female,7,1,player_vs_player,fists,20.0,D11 Female,3,23,22
74,3,69,5,D3 Male,3,3,player_vs_player,fists,18.0,D10 Female,15,75,21
74,3,71,17,D9 Male,9,6,player_vs_player,fists,1.0,D1 Male,109,66,20
74,4,72,15,D8 Male,8,8,player_vs_player,fists,18.0,D10 Female,16,74,19
74,4,72,16,D9 Female,9,8,natural_causes,dehydration,,,6,71,18
74,4,72,22,D12 Female,12,3,natural_causes,dehydration,,,2,61,17
74,4,78,21,D11 Male,11,7,player_vs_player,fists,2.0,D2 Female,70,0,16
74,5,98,14,D8 Female,8,8,player_vs_player,fists,10.0,D6 Female,94,119,15
74,5,113,1,D1 Male,1,5,player_vs_player,fists,9.0,D5 Male,83,77,14
74,5,119,7,D4 Male,4,6,player_vs_player,fists,3.0,D2 Male,86,30,13
74,6,135,3,D2 Male,2,6,player_vs_player,fists,6.0,D4 Female,88,35,12
74,8,177,4,D3 Female,3,5,player_vs_player,spear,9.0,D5 Male,62,91,11
74,9,202,11,D6 Male,6,5,player_vs_player,spear,9.0,D5 Male,80,100,10
74,10,216,18,D10 Female,10,3,natural_causes,dehydration,,,19,78,9
74,10,228,2,D2 Female,2,9,player_vs_player,knife,6.0,D4 Female,68,19,8
74,12,285,19,D10 Male,10,7,player_vs_player,knife,6.0,D4 Female,60,22,7
74,13,289,0,D1 Female,1,3,natural_causes,dehydration,,,16,66,6
74,13,297,10,D6 Female,6,8,player_vs_player,spear,9.0,D5 Male,94,72,5
74,13,306,9,D5 Male,5,8,natural_causes,untreated wound,,,93,76,4
74,15,358,6,D4 Female,4,6,player_vs_player,rock,20.0,D11 Female,60,32,3
74,19,437,23,D12 Male,12,8,player_vs_player,knife,20.0,D11 Female,59,56,2
75,2,42,9,D5 Male,5,2,player_vs_player,fists,11.0,D6 Male,1,79,24
75,3,52,6,D4 Female,4,8,player_vs_player,fists,14.0,D8 Female,17,92,23
75,3,62,18,D10 Female,10,6,player_vs_player,fists,19.0,D10 Male,119,69,22
75,3,67,10,D6 Female,6,5,player_vs_player,fists,5.0,D3 Male,49,116,21
75,3,68,12,D7 Female,7,7,player_vs_player,fists,7.0,D4 Male,90,3,20
75,3,69,22,D12 Female,12,10,player_vs_player,fists,4.0,D3 Female,31,11,19
75,4,72,4,D3 Female,3,9,natural_causes,dehydration,,,31,15,18
75,4,72,21,D11 Male,11,6,natural_causes,dehydration,,,82,117,17
75,5,97,19,D10 Male,10,6,natural_causes,untreated wound,,,119,68,16
75,5,98,3,D2 Male,2,5,player_vs_player,fists,5.0,D3 Male,52,104,15
75,5,108,0,D1 Female,1,7,player_vs_player,fists,7.0,D4 Male,73,3,14
75,5,111,1,D1 Male,1,1,player_vs_player,fists,15.0,D8 Male,31,32,13
75,6,120,8,D5 Female,5,6,player_vs_player,knife,13.0,D7 Male,94,52,12
75,6,137,14,D8 Female,8,3,player_vs_player,rock,11.0,D6 Male,12,82,11
75,7,164,16,D9 Female,9,5,natural_causes,untreated wound,,,23,97,10
75,7,165,15,D8 Male,8,1,player_vs_player,knife,23.0,D12 Male,37,31,9
75,10,222,17,D9 Male,9,8,gamemaker,arena hazard,,,35,19,8
75,10,236,7,D4 Male,4,9,natural_causes,dehydration,,,63,31,7
75,11,240,23,D12 Male,12,8,natural_causes,dehydration,,,34,27,6
75,11,258,2,D2 Female,2,6,player_vs_player,knife,13.0,D7 Male,73,49,5
75,16,374,11,D6 Male,6,8,player_vs_player,sword,5.0,D3 Male,57,60,4
75,16,374,5,D3 Male,3,8,player_vs_player,spear,11.0,D6 Male,59,60,3
75,17,395,20,D11 Female,11,9,player_vs_player,knife,13.0,D7 Male,52,60,2
76,2,45,6,D4 Female,4,6,player_vs_player,fists,2.0,D2 Female,18,1,24
76,3,55,9,D5 Male,5,3,player_vs_player,fists,7.0,D4 Male,6,85,23
76,3,62,13,D7 Male,7,6,player_vs_player,fists,19.0,D10 Male,105,23,22
76,3,63,20,D11 Female,11,6,player_vs_player,fists,21.0,D11 Male,116,85,21
76,4,93,7,D4 Male,4,7,player_vs_player,fists,17.0,D9 Male,27,88,20
76,5,96,8,D5 Female,5,6,player_vs_player,fists,3.0,D2 Male,34,2,19
76,5,106,12,D7 Female,7,4,player_vs_player,fists,5.0,D3 Male,26,97,18
76,5,108,17,D9 Male,9,8,natural_causes,dehydration,,,26,98,17
76,5,119,18,D10 Female,10,9,player_vs_player,spear,15.0,D8 Male,69,90,16
76,5,119,15,D8 Male,8,5,player_vs_player,fists,18.0,D10 Female,69,88,15
76,6,131,4,D3 Female,3,2,player_vs_player,rock,23.0,D12 Male,1,28,14
76,7,144,0,D1 Female,1,5,player_vs_player,fists,21.0,D11 Male,112,77,13
76,7,147,23,D12 Male,12,3,natural_causes,dehydration,,,1,44,12
76,7,160,2,D2 Female,2,11,player_vs_player,fists,3.0,D2 Male,31,0,11
76,8,169,5,D3 Male,3,4,natural_causes,untreated wound,,,27,98,10
76,8,181,19,D10 Male,10,6,player_vs_player,fists,10.0,D6 Female,112,63,9
76,10,231,10,D6 Female,6,6,player_vs_player,fists,21.0,D11 Male,113,60,8
76,14,318,3,D2 Male,2,11,player_vs_player,bow,14.0,D8 Female,59,34,7
76,15,347,14,D8 Female,8,6,gamemaker,arena hazard,,,60,30,6
76,16,379,22,D12 Female,12,4,player_vs_player,bow,11.0,D6 Male,49,60,5
76,17,397,16,D9 Female,9,10,player_vs_player,spear,21.0,D11 Male,67,57,4
76,17,400,1,D1 Male,1,5,player_vs_player,bow,11.0,D6 Male,62,64,3
76,17,406,11,D6 Male,6,9,player_vs_player,spear,21.0,D11 Male,64,62,2
77,2,29,18,D10 Female,10,7,player_vs_player,fists,23.0,D12 Male,94,0,24
77,3,59,11,D6 Male,6,6,player_vs_player,fists,13.0,D7 Male,106,40,23
77,3,63,2,D2 Female,2,3,player_vs_player,fists,4.0,D3 Female,1,69,22
77,4,72,7,D4 Male,4,8,natural_causes,dehydration,,,14,10,21
77,4,88,14,D8 Female,8,9,player_vs_player,fists,15.0,D8 Male,39,98,20
77,4,93,8,D5 Female,5,4,player_vs_player,rock,5.0,D3 Male,88,87,19
77,5,96,13,D7 Male,7,6,player_vs_player,fists,20.0,D11 Female,118,46,18
77,5,105,15,D8 Male,8,4,natural_causes,untreated wound,,,40,92,17
77,5,112,1,D1 Male,1,5,player_vs_player,fists,16.0,D9 Female,95,75,16
77,5,114,9,D5 Male,5,3,player_vs_player,fists,6.0,D4 Female,11,54,15
77,6,125,12,D7 Female,7,4,natural_causes,untreated wound,,,44,77,14
77,7,165,3,D2 Male,2,12,player_vs_player,knife,10.0,D6 Female,25,20,13
77,7,165,4,D3 Female,3,8,player_vs_player,knife,17.0,D9 Male,14,61,12
77,7,166,6,D4 Female,4,2,natural_causes,untreated wound,,,19,42,11
77,8,176,5,D3 Male,3,4,player_vs_player,fists,22.0,D12 Female,41,92,10
77,9,213,23,D12 Male,12,8,player_vs_player,fists,19.0,D10 Male,51,15,9
77,10,222,20,D11 Female,11,11,natural_causes,dehydration,,,108,46,8
77,12,283,17,D9 Male,9,4,player_vs_player,knife,0.0,D1 Female,35,55,7
77,12,287,19,D10 Male,10,12,player_vs_player,spear,21.0,D11 Male,58,33,6
77,15,337,10,D6 Female,6,8,player_vs_player,spear,21.0,D11 Male,55,43,5
77,15,339,21,D11 Male,11,6,player_vs_player,spear,0.0,D1 Female,54,44,4
77,17,397,22,D12 Female,12,10,player_vs_player,bow,16.0,D9 Female,57,60,3
77,18,426,0,D1 Female,1,8,natural_causes,untreated wound,,,59,54,2
78,3,48,18,D10 Female,10,8,player_vs_player,fists,23.0,D12 Male,112,76,24
78,3,63,6,D4 Female,4,1,player_vs_player,fists,19.0,D10 Male,4,39,23
78,4,72,0,D1 Female,1,8,natural_causes,dehydration,,,91,21,22
78,4,72,21,D11 Male,11,11,natural_causes,dehydration,,,83,18,21
78,4,77,8,D5 Female,5,4,player_vs_player,fists,11.0,D6 Male,24,96,20
78,4,86,1,D1 Male,1,7,player_vs_player,fists,9.0,D5 Male,118,65,19
78,6,127,3,D2 Male,2,10,player_vs_player,rock,12.0,D7 Female,65,0,18
78,6,142,9,D5 Male,5,9,player_vs_player,fists,23.0,D12 Male,110,71,17
78,7,145,16,D9 Female,9,7,player_vs_player,fists,17.0,D9 Male,103,96,16
78,7,151,15,D8 Male,8,4,player_vs_player,fists,2.0,D2 Female,26,67,15
78,8,181,20,D11 Female,11,3,player_vs_player,fists,2.0,D2 Female,13,53,14
78,9,195,17,D9 Male,9,6,player_vs_player,spear,5.0,D3 Male,89,79,13
78,10,217,14,D8 Female,8,9,player_vs_player,knife,19.0,D10 Male,19,24,12
78,12,264,12,D7 Female,7,8,player_vs_player,knife,22.0,D12 Female,60,15,11
78,12,271,5,D3 Male,3,5,player_vs_player,rock,10.0,D6 Female,83,96,10
78,12,286,19,D10 Male,10,12,natural_causes,dehydration,,,24,27,9
78,13,295,4,D3 Female,3,8,player_vs_player,knife,23.0,D12 Male,104,43,8
78,14,314,2,D2 Female,2,1,player_vs_player,knife,11.0,D6 Male,63,70,7
78,14,327,7,D4 Male,4,8,player_vs_player,knife,23.0,D12 Male,84,18,6
78,16,376,11,D6 Male,6,9,player_vs_player,rock,10.0,D6 Female,88,74,5
78,17,391,10,D6 Female,6,9,natural_causes,dehydration,,,81,75,4
78,19,438,22,D12 Female,12,9,player_vs_player,knife,23.0,D12 Male,60,38,3
78,21,501,23,D12 Male,12,10,player_vs_player,sword,13.0,D7 Male,60,53,2
79,3,68,13,D7 Male,7,5,player_vs_player,fists,11.0,D6 Male,116,87,24
79,3,68,2,D2 Female,2,7,player_vs_player,rock,10.0,D6 Female,15,65,23
79,3,71,12,D7 Female,7,8,player_vs_player,spear,3.0,D2 Male,78,82,22
79,4,74,5,D3 Male,3,6,player_vs_player,rock,0.0,D1 Female,95,22,21
79,4,95,14,D8 Female,8,9,player_vs_player,spear,3.0,D2 Male,89,91,20
79,5,103,18,D10 Female,10,7,player_vs_player,fists,21.0,D11 Male,60,8,19
79,5,107,23,D12 Male,12,1,player_vs_player,fists,19.0,D10 Male,31,18,18
79,5,107,10,D6 Female,6,3,natural_causes,dehydration,,,13,67,17
79,5,108,16,D9 Female,9,3,natural_causes,dehydration,,,13,63,16
79,5,117,22,D12 Female,12,7,natural_causes,untreated wound,,,114,52,15
79,7,153,7,D4 Male,4,4,player_vs_player,spear,3.0,D2 Male,94,108,14
79,7,164,4,D3 Female,3,10,natural_causes,untreated wound,,,75,8,13
79,10,217,11,D6 Male,6,9,player_vs_player,spear,1.0,D1 Male,97,78,12
79,10,233,6,D4 Female,4,3,player_vs_player,spear,17.0,D9 Male,59,74,11
79,11,257,0,D1 Female,1,5,player_vs_player,sword,15.0,D8 Male,86,46,10
79,12,268,9,D5 Male,5,9,player_vs_player,sword,15.0,D8 Male,92,50,9
79,13,292,19,D10 Male,10,3,player_vs_player,fists,21.0,D11 Male,37,25,8
79,15,352,20,D11 Female,11,7,player_vs_player,fists,21.0,D11 Male,61,33,7
79,15,355,1,D1 Male,1,5,player_vs_player,spear,3.0,D2 Male,72,83,6
79,18,422,15,D8 Male,8,5,natural_causes,dehydration,,,66,45,5
79,18,430,8,D5 Female,5,3,player_vs_player,sword,17.0,D9 Male,52,56,4
79,18,430,17,D9 Male,9,8,player_vs_player,bow,8.0,D5 Female,52,58,3
79,19,449,3,D2 Male,2,3,gamemaker,arena hazard,,,77,60,2
80,2,42,6,D4 Female,4,5,player_vs_player,fists,0.0,D1 Female,119,25,24
80,3,55,4,D3 Female,3,7,player_vs_player,rock,14.0,D8 Female,50,93,23
80,4,72,1,D1 Male,1,4,player_vs_player,fists,19.0,D10 Male,91,69,22
80,4,79,22,D12 Female,12,7,player_vs_player,rock,11.0,D6 Male,45,0,21
80,4,80,13,D7 Male,7,4,player_vs_player,rock,14.0,D8 Female,41,77,20
80,4,89,16,D9 Female,9,2,player_vs_player,rock,14.0,D8 Female,37,71,19
80,4,95,17,D9 Male,9,7,player_vs_player,rock,14.0,D8 Female,34,69,18
80,5,96,19,D10 Male,10,8,player_vs_player,fists,12.0,D7 Female,79,58,17
80,5,107,20,D11 Female,11,2,player_vs_player,fists,15.0,D8 Male,31,34,16
80,7,149,12,D7 Female,7,5,natural_causes,untreated wound,,,72,65,15
80,7,160,3,D2 Male,2,4,player_vs_player,fists,23.0,D12 Male,119,79,14
80,8,171,8,D5 Female,5,5,player_vs_player,spear,10.0,D6 Female,103,69,13
80,8,178,21,D11 Male,11,6,player_vs_player,rock,11.0,D6 Male,53,6,12
80,12,267,23,D12 Male,12,8,player_vs_player,spear,10.0,D6 Female,97,60,11
80,12,286,7,D4 Male,4,7,player_vs_player,knife,2.0,D2 Female,43,50,10
80,13,297,14,D8 Female,8,4,player_vs_player,knife,2.0,D2 Female,34,55,9
80,13,301,11,D6 Male,6,6,player_vs_player,spear,5.0,D3 Male,47,21,8
80,14,325,9,D5 Male,5,4,player_vs_player,bow,15.0,D8 Male,88,81,7
80,16,374,0,D1 Female,1,8,player_vs_player,spear,10.0,D6 Female,85,52,6
80,18,411,10,D6 Female,6,9,player_vs_player,bow,15.0,D8 Male,79,65,5
80,19,455,5,D3 Male,3,5,natural_causes,dehydration,,,50,52,4
80,20,461,18,D10 Female,10,4,player_vs_player,bow,15.0,D8 Male,59,54,3
80,22,505,15,D8 Male,8,1,player_vs_player,knife,2.0,D2 Female,59,60,2
81,3,64,7,D4 Male,4,4,player_vs_player,fists,6.0,D4 Female,14,85,24
81,3,65,11,D6 Male,6,5,player_vs_player,fists,23.0,D12 Male,72,99,23
81,4,75,2,D2 Female,2,5,player_vs_player,fists,18.0,D10 Female,117,61,22
81,4,85,3,D2 Male,2,6,player_vs_player,fists,16.0,D9 Female,78,72,21
81,5,99,17,D9 Male,9,7,player_vs_player,fists,12.0,D7 Female,57,19,20
81,5,108,22,D12 Female,12,8,natural_causes,dehydration,,,18,88,19
81,5,115,20,D11 Female,11,10,natural_causes,dehydration,,,6,44,18
81,5,118,5,D3 Male,3,4,player_vs_player,fists,14.0,D8 Female,70,103,17
81,6,136,10,D6 Female,6,9,player_vs_player,fists,12.0,D7 Female,50,10,16
81,6,143,0,D1 Female,1,1,player_vs_player,fists,12.0,D7 Female,48,5,15
81,7,149,12,D7 Female,7,9,player_vs_player,fists,1.0,D1 Male,49,7,14
81,8,175,4,D3 Female,3,4,natural_causes,dehydration,,,43,69,13
81,8,189,6,D4 Female,4,4,natural_causes,dehydration,,,43,73,12
81,9,209,23,D12 Male,12,9,player_vs_player,sword,16.0,D9 Female,43,71,11
81,10,233,18,D10 Female,10,6,player_vs_player,spear,21.0,D11 Male,83,44,10
81,11,248,8,D5 Female,5,5,player_vs_player,bow,9.0,D5 Male,70,61,9
81,11,263,9,D5 Male,5,7,player_vs_player,sword,14.0,D8 Female,64,62,8
81,16,364,15,D8 Male,8,4,natural_causes,dehydration,,,32,47,7
81,17,384,1,D1 Male,1,7,player_vs_player,bow,14.0,D8 Female,54,36,6
81,17,386,19,D10 Male,10,9,player_vs_player,bow,14.0,D8 Female,58,36,5
81,19,453,13,D7 Male,7,7,player_vs_player,bow,14.0,D8 Female,64,57,4
81,21,482,14,D8 Female,8,8,player_vs_player,spear,21.0,D11 Male,60,65,3
81,21,495,21,D11 Male,11,7,player_vs_player,sword,16.0,D9 Female,60,62,2
82,2,34,7,D4 Male,4,9,player_vs_player,fists,19.0,D10 Male,75,0,24
82,3,48,16,D9 Female,9,9,player_vs_player,fists,12.0,D7 Female,119,54,23
82,4,72,6,D4 Female,4,8,natural_causes,dehydration,,,15,118,22
82,4,72,12,D7 Female,7,6,natural_causes,dehydration,,,118,67,21
82,4,72,22,D12 Female,12,5,natural_causes,dehydration,,,32,94,20
82,4,84,5,D3 Male,3,5,player_vs_player,spear,2.0,D2 Female,81,107,19
82,4,84,18,D10 Female,10,7,player_vs_player,fists,19.0,D10 Male,61,7,18
82,5,106,3,D2 Male,2,5,player_vs_player,spear,2.0,D2 Female,76,119,17
82,6,130,19,D10 Male,10,7,player_vs_player,rock,4.0,D3 Female,71,0,16
82,6,131,11,D6 Male,6,5,natural_causes,untreated wound,,,40,75,15
82,7,152,8,D5 Female,5,5,player_vs_player,spear,9.0,D5 Male,59,65,14
82,9,194,23,D12 Male,12,7,player_vs_player,rock,1.0,D1 Male,97,37,13
82,9,211,10,D6 Female,6,9,natural_causes,untreated wound,,,88,22,12
82,10,221,0,D1 Female,1,2,player_vs_player,spear,20.0,D11 Female,47,26,11
82,10,227,2,D2 Female,2,8,player_vs_player,sword,9.0,D5 Male,91,95,10
82,10,230,1,D1 Male,1,6,gamemaker,arena hazard,,,109,27,9
82,11,252,9,D5 Male,5,5,player_vs_player,sword,15.0,D8 Male,88,87,8
82,12,278,14,D8 Female,8,6,gamemaker,arena hazard,,,105,23,7
82,15,342,21,D11 Male,11,7,player_vs_player,knife,4.0,D3 Female,59,35,6
82,15,356,4,D3 Female,3,7,natural_causes,dehydration,,,50,32,5
82,18,411,20,D11 Female,11,4,player_vs_player,sword,13.0,D7 Male,60,45,4
82,20,464,13,D7 Male,7,8,player_vs_player,sword,17.0,D9 Male,60,56,3
82,20,465,17,D9 Male,9,9,player_vs_player,sword,15.0,D8 Male,60,58,2
83,2,41,3,D2 Male,2,6,player_vs_player,fists,22.0,D12 Female,93,9,24
83,2,45,2,D2 Female,2,5,player_vs_player,fists,15.0,D8 Male,119,83,23
83,3,57,16,D9 Female,9,8,player_vs_player,fists,14.0,D8 Female,119,69,22
83,3,71,11,D6 Male,6,7,player_vs_player,fists,4.0,D3 Female,20,0,21
83,4,72,9,D5 Male,5,7,natural_causes,dehydration,,,3,108,20
83,4,72,20,D11 Female,11,4,natural_causes,dehydration,,,29,55,19
83,4,73,19,D10 Male,10,4,player_vs_player,fists,10.0,D6 Female,26,56,18
83,4,78,15,D8 Male,8,6,player_vs_player,fists,14.0,D8 Female,108,78,17
83,4,95,0,D1 Female,1,7,player_vs_player,fists,18.0,D10 Female,94,97,16
83,5,96,13,D7 Male,7,5,natural_causes,dehydration,,,94,105,15
83,5,105,22,D12 Female,12,7,player_vs_player,fists,8.0,D5 Female,74,19,14
83,5,119,5,D3 Male,3,11,player_vs_player,knife,12.0,D7 Female,61,0,13
83,8,172,10,D6 Female,6,7,player_vs_player,bow,6.0,D4 Female,45,57,12
83,9,197,21,D11 Male,11,2,player_vs_player,fists,4.0,D3 Female,32,35,11
83,9,199,6,D4 Female,4,7,natural_causes,untreated wound,,,45,47,10
83,10,218,18,D10 Female,10,5,player_vs_player,spear,14.0,D8 Female,85,95,9
83,11,245,8,D5 Female,5,9,natural_causes,dehydration,,,42,11,8
83,11,249,23,D12 Male,12,5,player_vs_player,knife,4.0,D3 Female,57,51,7
83,11,252,12,D7 Female,7,7,natural_causes,dehydration,,,36,13,6
83,15,337,17,D9 Male,9,2,player_vs_player,bow,4.0,D3 Female,61,66,5
83,16,370,14,D8 Female,8,6,player_vs_player,bow,4.0,D3 Female,60,75,4
83,17,385,1,D1 Male,1,4,player_vs_player,bow,4.0,D3 Female,53,59,3
83,18,417,4,D3 Female,3,12,player_vs_player,sword,7.0,D4 Male,59,60,2
84,2,35,13,D7 Male,7,4,player_vs_player,fists,4.0,D3 Female,1,44,24
84,3,64,22,D12 Female,12,3,player_vs_player,fists,4.0,D3 Female,6,37,23
84,3,64,12,D7 Female,7,6,player_vs_player,fists,21.0,D11 Male,118,40,22
84,4,72,6,D4 Female,4,7,natural_causes,dehydration,,,106,8,21
84,4,72,7,D4 Male,4,8,natural_causes,dehydration,,,44,18,20
84,4,79,1,D1 Male,1,5,player_vs_player,fists,20.0,D11 Female,77,93,19
84,4,95,15,D8 Male,8,6,player_vs_player,fists,16.0,D9 Female,119,85,18
84,5,107,18,D10 Female,10,5,player_vs_player,fists,17.0,D9 Male,28,73,17
84,5,115,14,D8 Female,8,8,player_vs_player,rock,9.0,D5 Male,17,33,16
84,6,128,5,D3 Male,3,12,player_vs_player,rock,9.0,D5 Male,14,37,15
84,6,138,2,D2 Female,2,8,player_vs_player,spear,11.0,D6 Male,55,96,14
84,7,149,17,D9 Male,9,5,player_vs_player,knife,19.0,D10 Male,35,64,13
84,7,150,21,D11 Male,11,7,player_vs_player,fists,10.0,D6 Female,113,64,12
84,7,153,4,D3 Female,3,8,player_vs_player,rock,9.0,D5 Male,21,51,11
84,7,166,20,D11 Female,11,6,player_vs_player,fists,0.0,D1 Female,66,72,10
84,8,184,10,D6 Female,6,7,player_vs_player,fists,23.0,D12 Male,99,58,9
84,9,197,19,D10 Male,10,5,player_vs_player,rock,9.0,D5 Male,20,70,8
84,9,215,9,D5 Male,5,11,natural_causes,untreated wound,,,21,67,7
84,12,279,16,D9 Female,9,6,natural_causes,dehydration,,,108,69,6
84,14,318,23,D12 Male,12,10,player_vs_player,bow,8.0,D5 Female,100,60,5
84,16,382,11,D6 Male,6,5,player_vs_player,spear,0.0,D1 Female,58,78,4
84,19,437,0,D1 Female,1,8,player_vs_player,bow,8.0,D5 Female,59,66,3
84,20,461,3,D2 Male,2,8,natural_causes,dehydration,,,72,56,2
85,2,36,11,D6 Male,6,9,player_vs_player,fists,15.0,D8 Male,46,118,24
85,3,59,0,D1 Female,1,8,player_vs_player,fists,21.0,D11 Male,29,21,23
85,3,63,17,D9 Male,9,2,player_vs_player,fists,23.0,D12 Male,0,45,22
85,3,63,1,D1 Male,1,7,player_vs_player,fists,4.0,D3 Female,74,25,21
85,3,64,18,D10 Female,10,3,player_vs_player,fists,19.0,D10 Male,23,81,20
85,3,71,16,D9 Female,9,6,player_vs_player,rock,2.0,D2 Female,97,62,19
85,4,72,6,D4 Female,4,6,natural_causes,dehydration,,,108,13,18
85,4,72,14,D8 Female,8,6,natural_causes,dehydration,,,118,32,17
85,4,76,15,D8 Male,8,5,player_vs_player,fists,13.0,D7 Male,50,119,16
85,4,82,22,D12 Female,12,6,player_vs_player,rock,2.0,D2 Female,101,63,15
85,5,104,19,D10 Male,10,9,player_vs_player,rock,10.0,D6 Female,28,77,14
85,6,120,5,D3 Male,3,5,player_vs_player,knife,7.0,D4 Male,69,106,13
85,6,122,4,D3 Female,3,6,player_vs_player,fists,20.0,D11 Female,88,13,12
85,6,131,12,D7 Female,7,10,player_vs_player,fists,20.0,D11 Female,90,11,11
85,8,168,13,D7 Male,7,3,player_vs_player,knife,7.0,D4 Male,45,96,10
85,8,187,9,D5 Male,5,10,player_vs_player,knife,8.0,D5 Female,31,20,9
85,10,232,10,D6 Female,6,2,natural_causes,untreated wound,,,52,21,8
85,11,241,20,D11 Female,11,10,player_vs_player,spear,21.0,D11 Male,62,19,7
85,11,243,3,D2 Male,2,9,player_vs_player,knife,2.0,D2 Female,78,73,6
85,12,278,8,D5 Female,5,1,player_vs_player,spear,21.0,D11 Male,38,39,5
85,16,374,23,D12 Male,12,9,player_vs_player,spear,21.0,D11 Male,61,48,4
85,17,407,7,D4 Male,4,5,player_vs_player,bow,2.0,D2 Female,57,68,3
85,18,417,21,D11 Male,11,8,natural_causes,dehydration,,,60,48,2
86,2,31,10,D6 Female,6,5,player_vs_player,fists,7.0,D4 Male,84,119,24
86,2,37,8,D5 Female,5,4,player_vs_player,fists,4.0,D3 Female,23,102,23
86,2,43,12,D7 Female,7,6,player_vs_player,fists,2.0,D2 Female,87,12,22
86,3,62,17,D9 Male,9,4,player_vs_player,fists,14.0,D8 Female,0,56,21
86,3,69,11,D6 Male,6,2,player_vs_player,fists,5.0,D3 Male,23,21,20
86,4,72,9,D5 Male,5,7,natural_causes,dehydration,,,8,61,19
86,4,72,20,D11 Female,11,4,natural_causes,dehydration,,,19,23,18
86,5,108,13,D7 Male,7,6,player_vs_player,fists,1.0,D1 Male,91,42,17
86,5,111,4,D3 Female,3,7,player_vs_player,fists,3.0,D2 Male,38,119,16
86,7,149,18,D10 Female,10,9,player_vs_player,spear,6.0,D4 Female,95,73,15
86,7,152,21,D11 Male,11,6,player_vs_player,spear,6.0,D4 Female,96,76,14
86,8,176,2,D2 Female,2,6,player_vs_player,knife,1.0,D1 Male,88,36,13
86,8,179,1,D1 Male,1,9,player_vs_player,sword,0.0,D1 Female,87,34,12
86,8,185,15,D8 Male,8,12,player_vs_player,sword,0.0,D1 Female,87,31,11
86,8,186,14,D8 Female,8,4,natural_causes,untreated wound,,,8,62,10
86,9,202,22,D12 Female,12,9,player_vs_player,fists,7.0,D4 Male,87,63,9
86,11,261,3,D2 Male,2,4,player_vs_player,spear,23.0,D12 Male,56,78,8
86,12,267,19,D10 Male,10,6,gamemaker,arena hazard,,,94,30,7
86,14,315,5,D3 Male,3,12,player_vs_player,bow,16.0,D9 Female,42,40,6
86,15,343,6,D4 Female,4,5,gamemaker,arena hazard,,,93,67,5
86,16,372,0,D1 Female,1,6,player_vs_player,bow,16.0,D9 Female,60,42,4
86,17,388,7,D4 Male,4,5,player_vs_player,spear,23.0,D12 Male,69,59,3
86,18,428,16,D9 Female,9,7,player_vs_player,spear,23.0,D12 Male,60,57,2
87,3,59,5,D3 Male,3,10,player_vs_player,fists,19.0,D10 Male,101,58,24
87,3,63,13,D7 Male,7,6,player_vs_player,fists,11.0,D6 Male,5,97,23
87,3,64,20,D11 Female,11,3,player_vs_player,fists,4.0,D3 Female,15,102,22
87,4,73,11,D6 Male,6,2,player_vs_player,fists,23.0,D12 Male,7,95,21
87,4,82,10,D6 Female,6,5,player_vs_player,fists,1.0,D1 Male,118,15,20
87,4,84,12,D7 Female,7,8,natural_causes,untreated wound,,,65,99,19
87,4,94,7,D4 Male,4,5,player_vs_player,fists,16.0,D9 Female,46,3,18
87,5,97,8,D5 Female,5,5,natural_causes,dehydration,,,46,2,17
87,5,101,1,D1 Male,1,10,natural_causes,dehydration,,,110,13,16
87,5,108,3,D2 Male,2,4,natural_causes,dehydration,,,94,111,15
87,5,115,0,D1 Female,1,8,natural_causes,dehydration,,,94,106,14
87,6,132,19,D10 Male,10,5,player_vs_player,fists,22.0,D12 Female,118,73,13
87,7,151,6,D4 Female,4,4,player_vs_player,knife,18.0,D10 Female,87,67,12
87,9,198,16,D9 Female,9,6,player_vs_player,rock,15.0,D8 Male,63,31,11
87,9,212,4,D3 Female,3,7,natural_causes,dehydration,,,5,94,10
87,11,249,2,D2 Female,2,11,gamemaker,arena hazard,,,29,10,9
87,11,251,15,D8 Male,8,6,player_vs_player,bow,14.0,D8 Female,49,30,8
87,13,293,17,D9 Male,9,5,natural_causes,dehydration,,,106,50,7
87,14,323,9,D5 Male,5,1,player_vs_player,bow,14.0,D8 Female,36,36,6
87,15,337,23,D12 Male,12,3,player_vs_player,spear,21.0,D11 Male,27,60,5
87,18,410,18,D10 Female,10,3,player_vs_player,bow,14.0,D8 Female,60,54,4
87,18,413,21,D11 Male,11,2,player_vs_player,bow,14.0,D8 Female,54,60,3
87,19,433,22,D12 Female,12,5,player_vs_player,bow,14.0,D8 Female,71,61,2
88,2,43,16,D9 Female,9,4,player_vs_player,fists,20.0,D11 Female,25,116,24
88,3,49,10,D6 Female,6,2,player_vs_player,rock,9.0,D5 Male,2,71,23
88,3,52,17,D9 Male,9,1,player_vs_player,fists,15.0,D8 Male,6,16,22
88,4,72,4,D3 Female,3,5,natural_causes,dehydration,,,108,81,21
88,4,75,0,D1 Female,1,4,player_vs_player,fists,13.0,D7 Male,60,119,20
88,5,114,21,D11 Male,11,10,player_vs_player,knife,23.0,D12 Male,69,24,19
88,5,117,11,D6 Male,6,7,player_vs_player,fists,7.0,D4 Male,35,2,18
88,6,123,5,D3 Male,3,6,player_vs_player,fists,3.0,D2 Male,88,8,17
88,7,146,1,D1 Male,1,6,player_vs_player,knife,23.0,D12 Male,83,16,16
88,7,158,20,D11 Female,11,8,player_vs_player,spear,22.0,D12 Female,54,104,15
88,7,159,3,D2 Male,2,9,natural_causes,untreated wound,,,92,4,14
88,10,218,13,D7 Male,7,8,player_vs_player,spear,22.0,D12 Female,71,106,13
88,11,242,15,D8 Male,8,1,player_vs_player,spear,9.0,D5 Male,28,44,12
88,11,252,14,D8 Female,8,9,gamemaker,arena hazard,,,108,34,11
88,11,255,2,D2 Female,2,2,player_vs_player,sword,6.0,D4 Female,26,103,10
88,11,255,12,D7 Female,7,6,player_vs_player,knife,23.0,D12 Male,84,28,9
88,12,278,8,D5 Female,5,5,player_vs_player,rock,18.0,D10 Female,108,83,8
88,13,291,23,D12 Male,12,7,gamemaker,arena hazard,,,82,10,7
88,15,352,18,D10 Female,10,9,natural_causes,dehydration,,,92,62,6
88,17,386,22,D12 Female,12,5,player_vs_player,sword,6.0,D4 Female,61,87,5
88,19,442,19,D10 Male,10,7,player_vs_player,spear,7.0,D4 Male,60,50,4
88,20,465,6,D4 Female,4,4,player_vs_player,bow,9.0,D5 Male,60,68,3
88,21,497,7,D4 Male,4,12,player_vs_player,bow,9.0,D5 Male,60,55,2
89,2,28,21,D11 Male,11,10,player_vs_player,fists,23.0,D12 Male,73,7,24
89,2,43,1,D1 Male,1,9,player_vs_player,fists,15.0,D8 Male,106,12,23
89,2,46,19,D10 Male,10,5,player_vs_player,fists,7.0,D4 Male,1,74,22
89,3,69,0,D1 Female,1,7,player_vs_player,fists,17.0,D9 Male,95,72,21
89,3,70,7,D4 Male,4,7,player_vs_player,fists,13.0,D7 Male,0,81,20
89,4,87,8,D5 Female,5,5,player_vs_player,spear,4.0,D3 Female,52,83,19
89,4,91,15,D8 Male,8,6,player_vs_player,fists,14.0,D8 Female,114,4,18
89,5,115,16,D9 Female,9,6,natural_causes,dehydration,,,118,52,17
89,6,128,23,D12 Male,12,7,player_vs_player,fists,20.0,D11 Female,88,0,16
89,6,141,11,D6 Male,6,5,player_vs_player,fists,6.0,D4 Female,56,58,15
89,7,144,5,D3 Male,3,7,player_vs_player,spear,4.0,D3 Female,56,99,14
89,7,144,2,D2 Female,2,5,natural_causes,dehydration,,,95,72,13
89,7,148,20,D11 Female,11,7,player_vs_player,fists,14.0,D8 Female,88,9,12
89,8,184,10,D6 Female,6,5,player_vs_player,spear,4.0,D3 Female,71,116,11
89,8,187,13,D7 Male,7,5,player_vs_player,knife,18.0,D10 Female,44,91,10
89,11,244,14,D8 Female,8,6,natural_causes,untreated wound,,,77,29,9
89,11,256,17,D9 Male,9,6,player_vs_player,bow,6.0,D4 Female,78,69,8
89,12,276,12,D7 Female,7,7,player_vs_player,knife,9.0,D5 Male,75,49,7
89,14,331,3,D2 Male,2,7,player_vs_player,spear,4.0,D3 Female,77,79,6
89,14,332,9,D5 Male,5,10,player_vs_player,bow,6.0,D4 Female,70,37,5
89,16,368,4,D3 Female,3,5,natural_causes,untreated wound,,,70,79,4
89,18,416,18,D10 Female,10,3,player_vs_player,bow,6.0,D4 Female,60,66,3
89,19,455,6,D4 Female,4,7,player_vs_player,sword,22.0,D12 Female,59,60,2
90,3,56,12,D7 Female,7,5,player_vs_player,fists,4.0,D3 Female,72,99,24
90,3,61,18,D10 Female,10,6,player_vs_player,fists,19.0,D10 Male,119,32,23
90,3,63,0,D1 Female,1,6,player_vs_player,fists,6.0,D4 Female,33,0,22
90,4,72,22,D12 Female,12,6,natural_causes,dehydration,,,96,51,21
90,4,79,6,D4 Female,4,10,player_vs_player,fists,5.0,D3 Male,37,9,20
90,4,81,9,D5 Male,5,3,player_vs_player,fists,17.0,D9 Male,26,95,19
90,4,85,20,D11 Female,11,7,player_vs_player,fists,1.0,D1 Male,0,41,18
90,4,90,2,D2 Female,2,4,player_vs_player,fists,10.0,D6 Female,50,119,17
90,5,102,15,D8 Male,8,2,player_vs_player,fists,1.0,D1 Male,15,39,16
90,6,143,8,D5 Female,5,5,player_vs_player,sword,4.0,D3 Female,58,84,15
90,7,144,7,D4 Male,4,5,natural_causes,dehydration,,,115,87,14
90,7,145,23,D12 Male,12,5,player_vs_player,sword,4.0,D3 Female,60,84,13
90,7,165,14,D8 Female,8,6,player_vs_player,knife,13.0,D7 Male,60,11,12
90,8,185,19,D10 Male,10,6,natural_causes,untreated wound,,,111,41,11
90,9,194,5,D3 Male,3,6,player_vs_player,knife,13.0,D7 Male,61,0,10
90,9,197,1,D1 Male,1,1,natural_causes,untreated wound,,,14,53,9
90,9,202,17,D9 Male,9,4,player_vs_player,sword,4.0,D3 Female,36,75,8
90,13,294,4,D3 Female,3,7,natural_causes,dehydration,,,25,78,7
90,13,302,11,D6 Male,6,8,player_vs_player,spear,21.0,D11 Male,90,49,6
90,15,341,13,D7 Male,7,6,natural_causes,dehydration,,,71,34,5
90,17,401,16,D9 Female,9,12,player_vs_player,spear,21.0,D11 Male,63,59,4
90,18,415,3,D2 Male,2,7,player_vs_player,spear,21.0,D11 Male,72,65,3
90,18,417,10,D6 Female,6,7,player_vs_player,spear,21.0,D11 Male,70,63,2
91,3,53,10,D6 Female,6,7,player_vs_player,fists,9.0,D5 Male,94,0,24
91,4,72,7,D4 Male,4,9,natural_causes,dehydration,,,119,14,23
91,4,72,9,D5 Male,5,7,natural_causes,dehydration,,,84,2,22
91,4,77,12,D7 Female,7,4,player_vs_player,fists,1.0,D1 Male,93,103,21
91,4,85,17,D9 Male,9,6,player_vs_player,rock,22.0,D12 Female,102,53,20
91,5,97,15,D8 Male,8,4,player_vs_player,fists,11.0,D6 Male,42,94,19
91,5,99,8,D5 Female,5,3,player_vs_player,knife,16.0,D9 Female,21,62,18
91,5,105,2,D2 Female,2,7,player_vs_player,knife,5.0,D3 Male,51,0,17
91,5,108,13,D7 Male,7,8,player_vs_player,knife,16.0,D9 Female,15,62,16
91,5,108,18,D10 Female,10,7,player_vs_player,rock,22.0,D12 Female,96,43,15
91,6,143,4,D3 Female,3,5,player_vs_player,fists,1.0,D1 Male,65,119,14
91,7,149,3,D2 Male,2,3,player_vs_player,fists,11.0,D6 Male,19,97,13
91,8,191,23,D12 Male,12,2,player_vs_player,spear,6.0,D4 Female,17,39,12
91,9,203,11,D6 Male,6,8,player_vs_player,knife,16.0,D9 Female,27,91,11
91,9,206,19,D10 Male,10,8,player_vs_player,knife,5.0,D3 Male,55,9,10
91,10,217,14,D8 Female,8,7,player_vs_player,knife,22.0,D12 Female,102,38,9
91,10,218,0,D1 Female,1,10,natural_causes,untreated wound,,,46,8,8
91,13,289,21,D11 Male,11,1,player_vs_player,knife,16.0,D9 Female,27,57,7
91,14,332,16,D9 Female,9,8,player_vs_player,spear,6.0,D4 Female,59,35,6
91,15,339,6,D4 Female,4,3,player_vs_player,knife,22.0,D12 Female,60,38,5
91,15,356,5,D3 Male,3,9,player_vs_player,knife,22.0,D12 Female,61,33,4
91,18,415,20,D11 Female,11,6,player_vs_player,sword,22.0,D12 Female,65,60,3
91,18,422,22,D12 Female,12,9,player_vs_player,bow,1.0,D1 Male,62,57,2
92,2,43,4,D3 Female,3,6,player_vs_player,fists,14.0,D8 Female,109,78,24
92,2,46,6,D4 Female,4,7,player_vs_player,fists,0.0,D1 Female,89,0,23
92,3,49,17,D9 Male,9,9,player_vs_player,fists,8.0,D5 Female,67,101,22
92,3,57,2,D2 Female,2,4,player_vs_player,fists,10.0,D6 Female,12,97,21
92,3,65,10,D6 Female,6,5,player_vs_player,fists,19.0,D10 Male,16,96,20
92,4,77,9,D5 Male,5,8,player_vs_player,fists,18.0,D10 Female,30,11,19
92,4,86,18,D10 Female,10,8,player_vs_player,fists,12.0,D7 Female,29,16,18
92,5,114,14,D8 Female,8,9,player_vs_player,fists,20.0,D11 Female,92,69,17
92,5,115,21,D11 Male,11,4,natural_causes,dehydration,,,23,58,16
92,6,130,8,D5 Female,5,5,player_vs_player,rock,23.0,D12 Male,66,83,15
92,6,130,16,D9 Female,9,9,player_vs_player,fists,7.0,D4 Male,118,54,14
92,6,140,22,D12 Female,12,4,player_vs_player,fists,12.0,D7 Female,14,47,13
92,7,148,23,D12 Male,12,6,player_vs_player,knife,13.0,D7 Male,72,92,12
92,7,149,12,D7 Female,7,11,player_vs_player,fists,1.0,D1 Male,22,51,11
92,8,181,5,D3 Male,3,7,player_vs_player,fists,0.0,D1 Female,30,45,10
92,10,225,11,D6 Male,6,7,player_vs_player,spear,20.0,D11 Female,93,40,9
92,10,230,0,D1 Female,1,9,player_vs_player,rock,1.0,D1 Male,24,39,8
92,12,271,15,D8 Male,8,3,player_vs_player,rock,1.0,D1 Male,24,60,7
92,12,279,1,D1 Male,1,8,natural_causes,untreated wound,,,25,61,6
92,14,332,3,D2 Male,2,10,natural_causes,dehydration,,,67,34,5
92,15,351,7,D4 Male,4,6,gamemaker,arena hazard,,,88,60,4
92,18,418,13,D7 Male,7,6,natural_causes,dehydration,,,65,54,3
92,18,425,20,D11 Female,11,7,player_vs_player,sword,19.0,D10 Male,61,53,2
93,2,45,3,D2 Male,2,7,player_vs_player,fists,9.0,D5 Male,50,7,24
93,3,57,4,D3 Female,3,7,player_vs_player,fists,8.0,D5 Female,70,6,23
93,3,64,20,D11 Female,11,8,player_vs_player,fists,14.0,D8 Female,23,63,22
93,3,66,5,D3 Male,3,6,player_vs_player,fists,12.0,D7 Female,119,58,21
93,4,74,0,D1 Female,1,5,player_vs_player,fists,2.0,D2 Female,55,119,20
93,4,74,23,D12 Male,12,8,player_vs_player,fists,9.0,D5 Male,48,3,19
93,4,76,19,D10 Male,10,6,player_vs_player,fists,22.0,D12 Female,102,119,18
93,4,91,2,D2 Female,2,5,natural_causes,dehydration,,,46,111,17
93,5,115,7,D4 Male,4,10,natural_causes,dehydration,,,3,36,16
93,5,115,17,D9 Male,9,3,natural_causes,dehydration,,,3,35,15
93,6,130,8,D5 Female,5,7,player_vs_player,fists,9.0,D5 Male,64,34,14
93,7,167,14,D8 Female,8,5,player_vs_player,knife,11.0,D6 Male,3,60,13
93,8,182,9,D5 Male,5,10,player_vs_player,bow,13.0,D7 Male,65,39,12
93,9,200,6,D4 Female,4,9,player_vs_player,knife,1.0,D1 Male,92,19,11
93,10,231,11,D6 Male,6,5,player_vs_player,spear,15.0,D8 Male,14,67,10
93,10,238,18,D10 Female,10,8,player_vs_player,spear,15.0,D8 Male,16,74,9
93,12,270,22,D12 Female,12,6,player_vs_player,spear,16.0,D9 Female,98,57,8
93,12,272,10,D6 Female,6,6,player_vs_player,spear,16.0,D9 Female,100,60,7
93,12,281,1,D1 Male,1,6,player_vs_player,bow,13.0,D7 Male,76,28,6
93,12,281,12,D7 Female,7,9,player_vs_player,spear,16.0,D9 Female,97,60,5
93,14,326,15,D8 Male,8,5,natural_causes,dehydration,,,32,60,4
93,15,345,16,D9 Female,9,9,natural_causes,dehydration,,,91,60,3
93,17,394,21,D11 Male,11,7,player_vs_player,bow,13.0,D7 Male,51,53,2
94,2,33,21,D11 Male,11,3,player_vs_player,fists,13.0,D7 Male,0,72,24
94,2,37,8,D5 Female,5,5,player_vs_player,fists,22.0,D12 Female,109,98,23
94,2,42,22,D12 Female,12,6,player_vs_player,fists,19.0,D10 Male,108,100,22
94,3,50,1,D1 Male,1,9,player_vs_player,fists,9.0,D5 Male,99,15,21
94,3,56,6,D4 Female,4,7,player_vs_player,fists,4.0,D3 Female,39,0,20
94,3,58,10,D6 Female,6,1,player_vs_player,fists,15.0,D8 Male,7,28,19
94,4,73,17,D9 Male,9,9,player_vs_player,fists,11.0,D6 Male,99,27,18
94,4,78,13,D7 Male,7,8,player_vs_player,fists,16.0,D9 Female,7,56,17
94,4,81,11,D6 Male,6,6,player_vs_player,fists,9.0,D5 Male,100,29,16
94,5,108,5,D3 Male,3,3,player_vs_player,spear,0.0,D1 Female,46,94,15
94,5,111,14,D8 Female,8,6,natural_causes,untreated wound,,,110,50,14
94,7,146,16,D9 Female,9,3,gamemaker,arena hazard,,,11,18,13
94,7,150,2,D2 Female,2,2,gamemaker,arena hazard,,,13,18,12
94,7,151,7,D4 Male,4,3,player_vs_player,spear,0.0,D1 Female,50,115,11
94,8,171,4,D3 Female,3,7,player_vs_player,rock,3.0,D2 Male,49,15,10
94,8,177,19,D10 Male,10,9,natural_causes,dehydration,,,98,104,9
94,8,180,18,D10 Female,10,5,player_vs_player,spear,0.0,D1 Female,56,107,8
94,10,233,9,D5 Male,5,6,player_vs_player,rock,3.0,D2 Male,60,22,7
94,11,258,12,D7 Female,7,8,natural_causes,dehydration,,,30,96,6
94,12,274,3,D2 Male,2,10,player_vs_player,knife,20.0,D11 Female,50,31,5
94,12,276,15,D8 Male,8,12,player_vs_player,knife,20.0,D11 Female,52,31,4
94,15,357,0,D1 Female,1,8,player_vs_player,spear,23.0,D12 Male,58,69,3
94,17,402,23,D12 Male,12,5,player_vs_player,sword,20.0,D11 Female,60,62,2
95,2,34,21,D11 Male,11,6,player_vs_player,fists,23.0,D12 Male,105,77,24
95,3,50,13,D7 Male,7,4,player_vs_player,fists,16.0,D9 Female,1,89,23
95,3,59,15,D8 Male,8,6,player_vs_player,fists,11.0,D6 Male,106,24,22
95,3,62,9,D5 Male,5,6,player_vs_player,fists,7.0,D4 Male,88,15,21
95,3,68,14,D8 Female,8,5,player_vs_player,fists,8.0,D5 Female,109,99,20
95,4,81,20,D11 Female,11,7,player_vs_player,fists,3.0,D2 Male,30,44,19
95,4,89,8,D5 Female,5,5,player_vs_player,fists,10.0,D6 Female,113,107,18
95,5,98,5,D3 Male,3,4,player_vs_player,fists,16.0,D9 Female,7,70,17
95,5,115,4,D3 Female,3,2,player_vs_player,fists,2.0,D2 Female,24,26,16
95,5,118,2,D2 Female,2,2,player_vs_player,fists,12.0,D7 Female,25,26,15
95,7,148,19,D10 Male,10,5,player_vs_player,knife,0.0,D1 Female,36,107,14
95,8,172,23,D12 Male,12,10,natural_causes,dehydration,,,86,82,13
95,8,182,17,D9 Male,9,7,natural_causes,untreated wound,,,48,12,12
95,8,190,6,D4 Female,4,6,player_vs_player,fists,7.0,D4 Male,78,13,11
95,11,240,16,D9 Female,9,7,player_vs_player,knife,22.0,D12 Female,25,53,10
95,12,273,18,D10 Female,10,5,natural_causes,dehydration,,,39,32,9
95,13,288,3,D2 Male,2,10,player_vs_player,rock,12.0,D7 Female,74,32,8
95,13,302,7,D4 Male,4,10,natural_causes,untreated wound,,,61,29,7
95,13,308,22,D12 Female,12,5,player_vs_player,knife,0.0,D1 Female,33,50,6
95,16,374,1,D1 Male,1,7,player_vs_player,spear,11.0,D6 Male,60,44,5
95,16,377,12,D7 Female,7,12,player_vs_player,spear,11.0,D6 Male,61,43,4
95,17,387,0,D1 Female,1,7,natural_causes,dehydration,,,35,60,3
95,18,429,10,D6 Female,6,8,player_vs_player,bow,11.0,D6 Male,67,60,2
96,2,36,16,D9 Female,9,4,player_vs_player,fists,1.0,D1 Male,10,96,24
96,2,42,21,D11 Male,11,5,player_vs_player,fists,23.0,D12 Male,45,118,23
96,4,72,4,D3 Female,3,5,natural_causes,dehydration,,,117,53,22
96,4,72,7,D4 Male,4,1,natural_causes,dehydration,,,4,8,21
96,4,72,8,D5 Female,5,5,natural_causes,dehydration,,,110,70,20
96,4,72,12,D7 Female,7,10,natural_causes,dehydration,,,115,53,19
96,4,72,14,D8 Female,8,11,natural_causes,dehydration,,,8,7,18
96,4,93,23,D12 Male,12,5,player_vs_player,fists,6.0,D4 Female,57,115,17
96,4,95,20,D11 Female,11,6,player_vs_player,fists,17.0,D9 Male,44,4,16
96,5,108,1,D1 Male,1,3,natural_causes,dehydration,,,30,68,15
96,5,115,15,D8 Male,8,3,natural_causes,dehydration,,,4,47,14
96,6,120,19,D10 Male,10,5,player_vs_player,fists,18.0,D10 Female,41,107,13
96,6,136,13,D7 Male,7,9,natural_causes,dehydration,,,111,105,12
96,6,139,6,D4 Female,4,8,natural_causes,untreated wound,,,62,110,11
96,9,192,9,D5 Male,5,8,natural_causes,dehydration,,,32,74,10
96,10,238,2,D2 Female,2,5,player_vs_player,knife,3.0,D2 Male,102,62,9
96,12,264,5,D3 Male,3,7,natural_causes,dehydration,,,32,49,8
96,12,270,10,D6 Female,6,5,natural_causes,dehydration,,,104,66,7
96,12,285,18,D10 Female,10,5,player_vs_player,bow,0.0,D1 Female,58,63,6
96,13,307,11,D6 Male,6,7,player_vs_player,fists,17.0,D9 Male,32,53,5
96,14,324,17,D9 Male,9,11,natural_causes,dehydration,,,35,48,4
96,15,350,3,D2 Male,2,10,gamemaker,arena hazard,,,94,48,3
96,18,429,22,D12 Female,12,6,natural_causes,dehydration,,,58,56,2
97,3,51,5,D3 Male,3,7,player_vs_player,fists,17.0,D9 Male,84,0,24
97,3,53,4,D3 Female,3,6,player_vs_player,fists,21.0,D11 Male,117,53,23
97,3,55,11,D6 Male,6,1,player_vs_player,fists,18.0,D10 Female,0,28,22
97,3,57,10,D6 Female,6,6,player_vs_player,fists,7.0,D4 Male,115,110,21
97,3,65,16,D9 Female,9,8,player_vs_player,fists,8.0,D5 Female,73,116,20
97,3,67,19,D10 Male,10,3,player_vs_player,fists,22.0,D12 Female,17,50,19
97,3,67,7,D4 Male,4,8,natural_causes,untreated wound,,,116,112,18
97,4,89,21,D11 Male,11,7,natural_causes,dehydration,,,106,44,17
97,4,94,6,D4 Female,4,6,player_vs_player,rock,9.0,D5 Male,104,64,16
97,5,102,12,D7 Female,7,3,player_vs_player,fists,22.0,D12 Female,0,59,15
97,5,114,0,D1 Female,1,7,player_vs_player,fists,2.0,D2 Female,19,24,14
97,5,115,3,D2 Male,2,11,natural_causes,dehydration,,,83,8,13
97,6,123,17,D9 Male,9,7,natural_causes,dehydration,,,86,8,12
97,7,154,23,D12 Male,12,5,player_vs_player,knife,20.0,D11 Female,45,75,11
97,9,210,15,D8 Male,8,5,player_vs_player,rock,14.0,D8 Female,64,108,10
97,11,241,8,D5 Female,5,5,natural_causes,untreated wound,,,83,97,9
97,12,266,2,D2 Female,2,7,player_vs_player,rock,18.0,D10 Female,47,42,8
97,12,269,20,D11 Female,11,8,player_vs_player,rock,14.0,D8 Female,64,95,7
97,12,270,1,D1 Male,1,9,player_vs_player,spear,9.0,D5 Male,82,31,6
97,13,289,18,D10 Female,10,12,player_vs_player,spear,22.0,D12 Female,49,46,5
97,15,343,22,D12 Female,12,8,natural_causes,dehydration,,,47,42,4
97,17,384,9,D5 Male,5,9,player_vs_player,bow,14.0,D8 Female,70,59,3
97,17,386,13,D7 Male,7,6,gamemaker,arena hazard,,,75,60,2
98,2,36,6,D4 Female,4,4,player_vs_player,fists,10.0,D6 Female,0,97,24
98,2,45,13,D7 Male,7,7,player_vs_player,fists,8.0,D5 Female,109,28,23
98,3,53,15,D8 Male,8,8,player_vs_player,fists,0.0,D1 Female,12,1,22
98,3,57,9,D5 Male,5,6,player_vs_player,fists,18.0,D10 Female,87,119,21
98,4,85,2,D2 Female,2,3,player_vs_player,fists,23.0,D12 Male,20,45,20
98,4,87,3,D2 Male,2,7,player_vs_player,fists,1.0,D1 Male,76,10,19
98,5,109,17,D9 Male,9,6,player_vs_player,knife,7.0,D4 Male,87,53,18
98,5,115,1,D1 Male,1,12,player_vs_player,fists,12.0,D7 Female,63,0,17
98,6,122,20,D11 Female,11,7,player_vs_player,knife,7.0,D4 Male,93,54,16
98,6,126,16,D9 Female,9,7,player_vs_player,fists,5.0,D3 Male,91,98,15
98,7,167,14,D8 Female,8,4,player_vs_player,rock,23.0,D12 Male,5,49,14
98,8,171,4,D3 Female,3,7,player_vs_player,knife,7.0,D4 Male,114,60,13
98,8,176,5,D3 Male,3,10,player_vs_player,rock,19.0,D10 Male,94,94,12
98,8,179,18,D10 Female,10,10,player_vs_player,rock,19.0,D10 Male,94,96,11
98,10,217,0,D1 Female,1,12,player_vs_player,fists,22.0,D12 Female,46,14,10
98,12,275,23,D12 Male,12,9,player_vs_player,knife,11.0,D6 Male,57,31,9
98,12,276,11,D6 Male,6,3,player_vs_player,rock,12.0,D7 Female,57,31,8
98,13,293,21,D11 Male,11,6,natural_causes,dehydration,,,58,95,7
98,14,313,22,D12 Female,12,8,player_vs_player,spear,12.0,D7 Female,76,49,6
98,15,351,8,D5 Female,5,7,player_vs_player,spear,12.0,D7 Female,78,47,5
98,16,360,7,D4 Male,4,9,natural_causes,dehydration,,,85,55,4
98,18,424,10,D6 Female,6,9,player_vs_player,spear,12.0,D7 Female,60,54,3
98,19,447,12,D7 Female,7,12,gamemaker,arena hazard,,,60,50,2
99,3,48,1,D1 Male,1,4,player_vs_player,fists,3.0,D2 Male,119,98,24
99,3,49,10,D6 Female,6,3,player_vs_player,fists,19.0,D10 Male,1,78,23
99,3,62,22,D12 Female,12,1,player_vs_player,fists,16.0,D9 Female,1,37,22
99,4,83,23,D12 Male,12,2,player_vs_player,fists,21.0,D11 Male,2,42,21
99,4,84,21,D11 Male,11,8,player_vs_player,fists,16.0,D9 Female,2,42,20
99,5,97,12,D7 Female,7,7,player_vs_player,knife,7.0,D4 Male,52,27,19
99,5,105,17,D9 Male,9,9,natural_causes,dehydration,,,97,79,18
99,6,143,13,D7 Male,7,6,player_vs_player,rock,2.0,D2 Female,78,30,17
99,7,150,4,D3 Female,3,4,player_vs_player,fists,8.0,D5 Female,56,114,16
99,7,158,20,D11 Female,11,8,player_vs_player,spear,5.0,D3 Male,16,72,15
99,8,179,14,D8 Female,8,6,player_vs_player,knife,9.0,D5 Male,97,85,14
99,8,186,0,D1 Female,1,6,natural_causes,dehydration,,,78,31,13
99,9,197,19,D10 Male,10,3,player_vs_player,fists,16.0,D9 Female,29,72,12
99,10,221,16,D9 Female,9,12,player_vs_player,spear,5.0,D3 Male,27,61,11
99,12,276,15,D8 Male,8,11,natural_causes,dehydration,,,73,6,10
99,13,307,5,D3 Male,3,8,player_vs_player,bow,6.0,D4 Female,21,38,9
99,14,330,11,D6 Male,6,4,player_vs_player,fists,8.0,D5 Female,64,95,8
99,15,346,2,D2 Female,2,6,natural_causes,untreated wound,,,94,37,7
99,16,373,6,D4 Female,4,4,player_vs_player,sword,18.0,D10 Female,24,49,6
99,17,401,8,D5 Female,5,4,player_vs_player,knife,9.0,D5 Male,55,88,5
99,20,464,18,D10 Female,10,7,player_vs_player,spear,7.0,D4 Male,56,60,4
99,20,474,9,D5 Male,5,5,player_vs_player,spear,7.0,D4 Male,62,63,3
99,21,500,3,D2 Male,2,8,gamemaker,arena hazard,,,71,60,2
100,2,28,23,D12 Male,12,7,player_vs_player,fists,2.0,D2 Female,115,32,24
100,3,63,15,D8 Male,8,5,player_vs_player,fists,11.0,D6 Male,23,88,23
100,3,64,19,D10 Male,10,9,player_vs_player,fists,18.0,D10 Female,105,111,22
100,3,65,7,D4 Male,4,7,player_vs_player,fists,16.0,D9 Female,83,2,21
100,3,67,3,D2 Male,2,6,player_vs_player,fists,17.0,D9 Male,119,77,20
100,4,72,1,D1 Male,1,11,natural_causes,dehydration,,,32,3,19
100,4,92,20,D11 Female,11,8,player_vs_player,rock,21.0,D11 Male,45,15,18
100,4,93,4,D3 Female,3,5,player_vs_player,fists,8.0,D5 Female,36,96,17
100,5,110,5,D3 Male,3,5,player_vs_player,fists,11.0,D6 Male,4,83,16
100,5,119,14,D8 Female,8,8,player_vs_player,rock,21.0,D11 Male,30,0,15
100,7,150,11,D6 Male,6,8,natural_causes,untreated wound,,,4,74,14
100,7,160,2,D2 Female,2,6,player_vs_player,fists,0.0,D1 Female,109,34,13
100,7,165,12,D7 Female,7,8,player_vs_player,knife,9.0,D5 Male,6,51,12
100,9,206,17,D9 Male,9,6,natural_causes,dehydration,,,111,68,11
100,9,215,13,D7 Male,7,2,player_vs_player,spear,6.0,D4 Female,34,25,10
100,10,222,0,D1 Female,1,9,player_vs_player,knife,10.0,D6 Female,93,46,9
100,11,253,18,D10 Female,10,6,gamemaker,arena hazard,,,84,100,8
100,12,270,16,D9 Female,9,7,player_vs_player,rock,21.0,D11 Male,56,28,7
100,14,335,22,D12 Female,12,6,player_vs_player,spear,6.0,D4 Female,45,52,6
100,15,345,6,D4 Female,4,3,player_vs_player,knife,9.0,D5 Male,42,54,5
100,16,373,9,D5 Male,5,4,gamemaker,arena hazard,,,38,60,4
100,16,376,21,D11 Male,11,11,natural_causes,untreated wound,,,43,60,3
100,18,417,10,D6 Female,6,10,player_vs_player,knife,8.0,D5 Female,59,60,2
101,2,38,4,D3 Female,3,4,player_vs_player,fists,15.0,D8 Male,6,99,24
101,2,39,0,D1 Female,1,6,player_vs_player,fists,19.0,D10 Male,109,39,23
101,3,49,22,D12 Female,12,9,player_vs_player,fists,23.0,D12 Male,100,118,22
101,4,78,1,D1 Male,1,5,player_vs_player,rock,11.0,D6 Male,56,119,21
101,5,100,13,D7 Male,7,6,player_vs_player,fists,21.0,D11 Male,83,69,20
101,5,105,20,D11 Female,11,2,natural_causes,dehydration,,,12,57,19
101,5,117,17,D9 Male,9,3,player_vs_player,fists,6.0,D4 Female,5,55,18
101,6,125,3,D2 Male,2,4,player_vs_player,knife,2.0,D2 Female,53,106,17
101,6,134,2,D2 Female,2,4,player_vs_player,rock,11.0,D6 Male,53,100,16
101,6,138,6,D4 Female,4,7,player_vs_player,fists,15.0,D8 Male,11,58,15
101,7,156,23,D12 Male,12,6,player_vs_player,fists,16.0,D9 Female,68,99,14
101,7,162,19,D10 Male,10,7,player_vs_player,spear,21.0,D11 Male,79,53,13
101,7,167,16,D9 Female,9,6,player_vs_player,rock,11.0,D6 Male,65,96,12
101,8,168,5,D3 Male,3,9,player_vs_player,rock,9.0,D5 Male,14,13,11
101,8,182,7,D4 Male,4,7,player_vs_player,spear,8.0,D5 Female,49,0,10
101,9,195,18,D10 Female,10,7,player_vs_player,knife,14.0,D8 Female,91,6,9
101,12,267,8,D5 Female,5,9,player_vs_player,knife,14.0,D8 Female,67,18,8
101,14,315,14,D8 Female,8,7,player_vs_player,spear,9.0,D5 Male,63,26,7
101,15,338,12,D7 Female,7,8,gamemaker,arena hazard,,,20,62,6
101,17,387,9,D5 Male,5,7,player_vs_player,knife,10.0,D6 Female,60,37,5
101,18,419,10,D6 Female,6,9,gamemaker,arena hazard,,,60,34,4
101,19,449,21,D11 Male,11,9,natural_causes,dehydration,,,66,59,3
101,20,460,15,D8 Male,8,3,natural_causes,dehydration,,,50,66,2
102,3,58,12,D7 Female,7,8,player_vs_player,fists,5.0,D3 Male,14,59,24
102,4,72,13,D7 Male,7,9,natural_causes,dehydration,,,83,2,23
102,4,72,14,D8 Female,8,7,natural_causes,dehydration,,,89,5,22
102,4,81,19,D10 Male,10,11,player_vs_player,fists,20.0,D11 Female,26,24,21
102,4,82,5,D3 Male,3,4,natural_causes,untreated wound,,,25,67,20
102,4,85,7,D4 Male,4,5,player_vs_player,fists,15.0,D8 Male,45,109,19
102,4,89,15,D8 Male,8,5,player_vs_player,rock,3.0,D2 Male,42,109,18
102,5,115,0,D1 Female,1,8,player_vs_player,rock,1.0,D1 Male,99,110,17
102,5,115,18,D10 Female,10,7,natural_causes,dehydration,,,109,6,16
102,5,117,21,D11 Male,11,8,player_vs_player,rock,10.0,D6 Female,71,18,15
102,6,128,11,D6 Male,6,7,player_vs_player,fists,16.0,D9 Female,67,21,14
102,7,167,23,D12 Male,12,6,player_vs_player,knife,6.0,D4 Female,71,77,13
102,9,210,16,D9 Female,9,8,natural_causes,dehydration,,,61,12,12
102,10,220,2,D2 Female,2,4,player_vs_player,knife,8.0,D5 Female,20,58,11
102,10,222,10,D6 Female,6,6,player_vs_player,rock,17.0,D9 Male,53,30,10
102,10,236,8,D5 Female,5,3,natural_causes,dehydration,,,15,58,9
102,12,273,6,D4 Female,4,5,player_vs_player,spear,22.0,D12 Female,95,60,8
102,12,277,22,D12 Female,12,6,natural_causes,untreated wound,,,91,60,7
102,13,309,1,D1 Male,1,5,player_vs_player,bow,3.0,D2 Male,71,85,6
102,14,315,17,D9 Male,9,9,natural_causes,untreated wound,,,60,38,5
102,14,318,3,D2 Male,2,8,player_vs_player,bow,20.0,D11 Female,66,81,4
102,14,330,4,D3 Female,3,8,player_vs_player,bow,20.0,D11 Female,57,80,3
102,17,391,20,D11 Female,11,3,player_vs_player,sword,9.0,D5 Male,60,63,2
103,2,33,2,D2 Female,2,6,player_vs_player,fists,12.0,D7 Female,114,35,24
103,2,41,14,D8 Female,8,9,player_vs_player,fists,21.0,D11 Male,39,116,23
103,2,43,16,D9 Female,9,9,player_vs_player,fists,0.0,D1 Female,22,118,22
103,4,73,5,D3 Male,3,3,player_vs_player,fists,8.0,D5 Female,19,86,21
103,4,77,1,D1 Male,1,10,player_vs_player,fists,11.0,D6 Male,79,1,20
103,4,84,13,D7 Male,7,6,player_vs_player,fists,3.0,D2 Male,119,78,19
103,5,108,11,D6 Male,6,7,natural_causes,dehydration,,,90,3,18
103,5,108,23,D12 Male,12,2,natural_causes,dehydration,,,1,33,17
103,6,121,18,D10 Female,10,6,player_vs_player,fists,10.0,D6 Female,97,70,16
103,6,136,0,D1 Female,1,4,player_vs_player,fists,7.0,D4 Male,16,80,15
103,6,137,12,D7 Female,7,6,player_vs_player,knife,19.0,D10 Male,78,33,14
103,6,140,10,D6 Female,6,9,player_vs_player,fists,3.0,D2 Male,95,77,13
103,7,160,17,D9 Male,9,7,player_vs_player,fists,4.0,D3 Female,57,3,12
103,9,209,4,D3 Female,3,7,player_vs_player,knife,19.0,D10 Male,60,18,11
103,10,233,20,D11 Female,11,11,player_vs_player,spear,8.0,D5 Female,41,48,10
103,11,248,8,D5 Female,5,4,natural_causes,dehydration,,,41,38,9
103,11,257,7,D4 Male,4,8,natural_causes,dehydration,,,42,41,8
103,11,258,19,D10 Male,10,10,player_vs_player,spear,15.0,D8 Male,60,12,7
103,12,277,21,D11 Male,11,5,natural_causes,untreated wound,,,61,88,6
103,13,294,15,D8 Male,8,8,gamemaker,arena hazard,,,61,11,5
103,15,355,22,D12 Female,12,3,natural_causes,dehydration,,,28,50,4
103,18,412,9,D5 Male,5,5,natural_causes,dehydration,,,60,41,3
103,19,451,3,D2 Male,2,9,player_vs_player,bow,6.0,D4 Female,65,60,2
104,3,49,18,D10 Female,10,8,player_vs_player,fists,21.0,D11 Male,57,2,24
104,3,64,6,D4 Female,4,6,player_vs_player,knife,9.0,D5 Male,96,64,23
104,3,67,8,D5 Female,5,4,player_vs_player,fists,7.0,D4 Male,22,88,22
104,4,72,0,D1 Female,1,8,natural_causes,dehydration,,,22,104,21
104,4,88,13,D7 Male,7,6,player_vs_player,knife,9.0,D5 Male,111,64,20
104,5,99,3,D2 Male,2,7,player_vs_player,fists,5.0,D3 Male,107,53,19
104,6,120,14,D8 Female,8,3,player_vs_player,rock,2.0,D2 Female,0,21,18
104,6,131,21,D11 Male,11,10,player_vs_player,fists,19.0,D10 Male,56,6,17
104,6,131,4,D3 Female,3,6,player_vs_player,knife,9.0,D5 Male,87,49,16
104,6,137,17,D9 Male,9,6,player_vs_player,knife,9.0,D5 Male,87,56,15
104,7,153,7,D4 Male,4,8,player_vs_player,spear,10.0,D6 Female,33,76,14
104,8,170,1,D1 Male,1,5,player_vs_player,knife,15.0,D8 Male,112,87,13
104,8,181,5,D3 Male,3,9,player_vs_player,knife,9.0,D5 Male,89,69,12
104,8,182,11,D6 Male,6,9,natural_causes,dehydration,,,87,59,11
104,9,192,12,D7 Female,7,5,player_vs_player,spear,10.0,D6 Female,34,104,10
104,10,233,20,D11 Female,11,10,player_vs_player,spear,16.0,D9 Female,51,34,9
104,14,330,19,D10 Male,10,8,natural_causes,dehydration,,,60,21,8
104,16,365,16,D9 Female,9,8,natural_causes,dehydration,,,54,26,7
104,16,374,22,D12 Female,12,8,natural_causes,dehydration,,,75,35,6
104,17,384,10,D6 Female,6,5,player_vs_player,bow,23.0,D12 Male,68,87,5
104,18,414,9,D5 Male,5,9,gamemaker,arena hazard,,,80,42,4
104,19,443,15,D8 Male,8,9,player_vs_player,bow,23.0,D12 Male,69,58,3
104,20,461,2,D2 Female,2,3,player_vs_player,bow,23.0,D12 Male,57,60,2
105,2,44,19,D10 Male,10,8,player_vs_player,fists,8.0,D5 Female,67,21,24
105,3,50,20,D11 Female,11,6,player_vs_player,fists,17.0,D9 Male,57,119,23
105,3,56,13,D7 Male,7,8,player_vs_player,fists,11.0,D6 Male,39,0,22
105,3,57,17,D9 Male,9,6,player_vs_player,fists,18.0,D10 Female,56,119,21
105,3,59,23,D12 Male,12,4,player_vs_player,fists,6.0,D4 Female,14,35,20
105,4,81,16,D9 Female,9,7,gamemaker,arena hazard,,,118,114,19
105,4,83,5,D3 Male,3,7,player_vs_player,fists,0.0,D1 Female,105,48,18
105,5,108,3,D2 Male,2,4,natural_causes,dehydration,,,43,41,17
105,6,135,7,D4 Male,4,7,natural_causes,untreated wound,,,105,94,16
105,6,140,2,D2 Female,2,2,player_vs_player,fists,11.0,D6 Male,31,11,15
105,7,164,21,D11 Male,11,8,natural_causes,untreated wound,,,70,4,14
105,8,171,10,D6 Female,6,5,natural_causes,dehydration,,,22,56,13
105,9,213,4,D3 Female,3,8,player_vs_player,fists,6.0,D4 Female,24,60,12
105,10,222,15,D8 Male,8,10,player_vs_player,fists,14.0,D8 Female,60,25,11
105,10,225,9,D5 Male,5,6,natural_causes,dehydration,,,62,88,10
105,10,229,6,D4 Female,4,8,natural_causes,dehydration,,,23,56,9
105,10,235,22,D12 Female,12,5,natural_causes,dehydration,,,30,71,8
105,12,272,1,D1 Male,1,7,player_vs_player,fists,11.0,D6 Male,71,37,7
105,13,297,14,D8 Female,8,11,natural_causes,untreated wound,,,58,45,6
105,15,342,18,D10 Female,10,9,player_vs_player,bow,8.0,D5 Female,60,67,5
105,15,346,0,D1 Female,1,9,gamemaker,arena hazard,,,70,60,4
105,15,352,8,D5 Female,5,10,player_vs_player,spear,12.0,D7 Female,61,62,3
105,16,367,12,D7 Female,7,9,natural_causes,untreated wound,,,58,56,2
106,2,36,1,D1 Male,1,8,player_vs_player,fists,3.0,D2 Male,26,5,24
106,3,48,23,D12 Male,12,4,player_vs_player,fists,18.0,D10 Female,3,104,23
106,3,55,20,D11 Female,11,3,player_vs_player,fists,2.0,D2 Female,5,40,22
106,4,72,19,D10 Male,10,6,player_vs_player,fists,15.0,D8 Male,72,101,21
106,4,72,14,D8 Female,8,10,natural_causes,dehydration,,,70,102,20
106,5,96,9,D5 Male,5,7,player_vs_player,fists,13.0,D7 Male,78,9,19
106,5,103,6,D4 Female,4,3,player_vs_player,knife,17.0,D9 Male,19,50,18
106,5,106,7,D4 Male,4,5,player_vs_player,rock,21.0,D11 Male,52,97,17
106,5,113,2,D2 Female,2,12,player_vs_player,knife,17.0,D9 Male,15,50,16
106,6,120,16,D9 Female,9,7,player_vs_player,fists,10.0,D6 Female,119,47,15
106,6,127,21,D11 Male,11,5,player_vs_player,knife,15.0,D8 Male,36,106,14
106,6,128,4,D3 Female,3,6,player_vs_player,fists,0.0,D1 Female,98,95,13
106,6,134,13,D7 Male,7,8,player_vs_player,fists,22.0,D12 Female,84,0,12
106,7,149,11,D6 Male,6,11,player_vs_player,rock,3.0,D2 Male,67,6,11
106,8,172,18,D10 Female,10,4,natural_causes,untreated wound,,,6,55,10
106,8,187,22,D12 Female,12,11,player_vs_player,rock,3.0,D2 Male,77,5,9
106,10,235,10,D6 Female,6,7,player_vs_player,knife,5.0,D3 Male,110,60,8
106,11,246,8,D5 Female,5,9,player_vs_player,knife,17.0,D9 Male,18,96,7
106,12,284,5,D3 Male,3,10,player_vs_player,knife,0.0,D1 Female,78,63,6
106,14,326,12,D7 Female,7,6,gamemaker,arena hazard,,,78,11,5
106,16,379,3,D2 Male,2,8,natural_causes,dehydration,,,59,24,4
106,20,458,15,D8 Male,8,6,natural_causes,dehydration,,,51,49,3
106,21,486,0,D1 Female,1,10,player_vs_player,bow,17.0,D9 Male,62,50,2
107,3,52,1,D1 Male,1,10,player_vs_player,fists,8.0,D5 Female,54,16,24
107,3,65,18,D10 Female,10,7,player_vs_player,fists,23.0,D12 Male,87,4,23
107,3,66,11,D6 Male,6,4,player_vs_player,fists,2.0,D2 Female,9,70,22
107,4,72,17,D9 Male,9,5,natural_causes,dehydration,,,29,113,21
107,4,85,9,D5 Male,5,5,player_vs_player,fists,6.0,D4 Female,99,96,20
107,5,117,2,D2 Female,2,4,player_vs_player,fists,0.0,D1 Female,14,52,19
107,6,121,15,D8 Male,8,7,player_vs_player,fists,4.0,D3 Female,60,19,18
107,6,123,19,D10 Male,10,6,player_vs_player,fists,16.0,D9 Female,67,95,17
107,6,127,12,D7 Female,7,5,player_vs_player,fists,6.0,D4 Female,82,112,16
107,6,131,4,D3 Female,3,8,player_vs_player,fists,8.0,D5 Female,61,16,15
107,7,147,10,D6 Female,6,2,natural_causes,untreated wound,,,26,85,14
107,7,151,8,D5 Female,5,8,natural_causes,untreated wound,,,61,16,13
107,8,168,5,D3 Male,3,2,player_vs_player,fists,7.0,D4 Male,26,43,12
107,10,216,6,D4 Female,4,9,player_vs_player,knife,16.0,D9 Female,69,80,11
107,10,231,20,D11 Female,11,10,natural_causes,dehydration,,,79,7,10
107,11,251,14,D8 Female,8,9,player_vs_player,bow,22.0,D12 Female,40,64,9
107,13,298,0,D1 Female,1,8,player_vs_player,rock,3.0,D2 Male,18,58,8
107,13,299,23,D12 Male,12,7,player_vs_player,spear,7.0,D4 Male,58,18,7
107,14,314,13,D7 Male,7,6,player_vs_player,spear,7.0,D4 Male,63,13,6
107,15,358,3,D2 Male,2,8,player_vs_player,bow,22.0,D12 Female,28,60,5
107,19,443,7,D4 Male,4,12,player_vs_player,bow,22.0,D12 Female,60,54,4
107,19,453,16,D9 Female,9,6,player_vs_player,bow,22.0,D12 Female,64,62,3
107,21,490,21,D11 Male,11,5,player_vs_player,bow,22.0,D12 Female,60,62,2
108,2,32,2,D2 Female,2,5,player_vs_player,fists,19.0,D10 Male,87,0,24
108,3,57,11,D6 Male,6,3,player_vs_player,fists,13.0,D7 Male,31,119,23
108,3,69,4,D3 Female,3,8,player_vs_player,fists,12.0,D7 Female,48,119,22
108,4,72,15,D8 Male,8,10,natural_causes,dehydration,,,18,1,21
108,4,72,18,D10 Female,10,2,natural_causes,dehydration,,,3,28,20
108,4,85,5,D3 Male,3,5,player_vs_player,fists,22.0,D12 Female,112,26,19
108,4,93,7,D4 Male,4,6,player_vs_player,knife,20.0,D11 Female,40,0,18
108,5,97,10,D6 Female,6,7,player_vs_player,knife,20.0,D11 Female,39,0,17
108,5,104,16,D9 Female,9,3,player_vs_player,knife,17.0,D9 Male,32,49,16
108,5,104,17,D9 Male,9,3,player_vs_player,fists,16.0,D9 Female,31,49,15
108,5,110,22,D12 Female,12,9,player_vs_player,fists,14.0,D8 Female,112,27,14
108,5,111,12,D7 Female,7,4,player_vs_player,fists,13.0,D7 Male,28,118,13
108,7,162,9,D5 Male,5,5,player_vs_player,fists,21.0,D11 Male,55,102,12
108,8,170,21,D11 Male,11,5,player_vs_player,fists,13.0,D7 Male,57,107,11
108,8,181,3,D2 Male,2,5,player_vs_player,fists,14.0,D8 Female,89,61,10
108,9,207,6,D4 Female,4,7,natural_causes,untreated wound,,,5,54,9
108,11,244,14,D8 Female,8,9,player_vs_player,knife,0.0,D1 Female,73,75,8
108,12,268,23,D12 Male,12,8,natural_causes,dehydration,,,30,49,7
108,12,285,1,D1 Male,1,1,player_vs_player,spear,8.0,D5 Female,53,37,6
108,12,287,20,D11 Female,11,10,player_vs_player,knife,19.0,D10 Male,78,44,5
108,15,338,8,D5 Female,5,5,player_vs_player,knife,19.0,D10 Male,59,48,4
108,15,338,19,D10 Male,10,6,player_vs_player,spear,8.0,D5 Female,60,49,3
108,15,357,13,D7 Male,7,4,player_vs_player,bow,0.0,D1 Female,69,50,2
109,3,52,19,D10 Male,10,4,player_vs_player,fists,4.0,D3 Female,9,98,24
109,4,72,12,D7 Female,7,10,natural_causes,dehydration,,,63,0,23
109,4,72,18,D10 Female,10,5,natural_causes,dehydration,,,87,89,22
109,4,72,22,D12 Female,12,7,natural_causes,dehydration,,,98,1,21
109,4,73,1,D1 Male,1,7,player_vs_player,fists,5.0,D3 Male,36,26,20
109,4,93,6,D4 Female,4,4,player_vs_player,fists,21.0,D11 Male,84,91,19
109,5,108,16,D9 Female,9,4,natural_causes,dehydration,,,49,101,18
109,5,114,0,D1 Female,1,7,player_vs_player,fists,23.0,D12 Male,9,80,17
109,5,114,7,D4 Male,4,5,player_vs_player,fists,14.0,D8 Female,108,33,16
109,5,115,14,D8 Female,8,6,player_vs_player,fists,8.0,D5 Female,108,32,15
109,6,131,23,D12 Male,12,4,natural_causes,dehydration,,,8,73,14
109,6,132,5,D3 Male,3,10,player_vs_player,knife,11.0,D6 Male,45,3,13
109,6,137,2,D2 Female,2,9,natural_causes,dehydration,,,94,1,12
109,9,197,4,D3 Female,3,8,player_vs_player,sword,20.0,D11 Female,45,65,11
109,10,227,13,D7 Male,7,6,gamemaker,arena hazard,,,79,3,10
109,11,254,15,D8 Male,8,6,natural_causes,dehydration,,,74,28,9
109,11,257,3,D2 Male,2,8,player_vs_player,sword,20.0,D11 Female,69,72,8
109,11,259,10,D6 Female,6,3,player_vs_player,knife,11.0,D6 Male,52,46,7
109,12,277,11,D6 Male,6,7,natural_causes,dehydration,,,42,47,6
109,12,278,8,D5 Female,5,9,natural_causes,dehydration,,,90,31,5
109,13,296,21,D11 Male,11,9,player_vs_player,spear,9.0,D5 Male,64,100,4
109,16,382,9,D5 Male,5,4,natural_causes,untreated wound,,,57,69,3
109,19,438,20,D11 Female,11,4,player_vs_player,bow,17.0,D9 Male,60,60,2
110,2,47,16,D9 Female,9,6,player_vs_player,fists,1.0,D1 Male,119,20,24
110,3,48,8,D5 Female,5,4,player_vs_player,fists,2.0,D2 Female,47,119,23
110,3,55,1,D1 Male,1,5,player_vs_player,fists,13.0,D7 Male,119,20,22
110,3,66,10,D6 Female,6,1,player_vs_player,fists,3.0,D2 Male,30,29,21
110,3,70,12,D7 Female,7,5,player_vs_player,fists,6.0,D4 Female,118,74,20
110,4,74,4,D3 Female,3,8,player_vs_player,fists,11.0,D6 Male,6,111,19
110,4,84,13,D7 Male,7,10,natural_causes,untreated wound,,,116,20,18
110,4,86,18,D10 Female,10,4,natural_causes,dehydration,,,9,79,17
110,6,142,15,D8 Male,8,6,player_vs_player,fists,7.0,D4 Male,68,6,16
110,6,142,0,D1 Female,1,3,player_vs_player,fists,11.0,D6 Male,15,92,15
110,7,144,22,D12 Female,12,9,natural_causes,dehydration,,,113,76,14
110,7,149,6,D4 Female,4,5,player_vs_player,fists,9.0,D5 Male,111,52,13
110,7,154,7,D4 Male,4,6,player_vs_player,fists,17.0,D9 Male,65,0,12
110,8,173,23,D12 Male,12,5,natural_causes,dehydration,,,117,90,11
110,8,188,14,D8 Female,8,5,natural_causes,dehydration,,,117,92,10
110,11,242,9,D5 Male,5,9,natural_causes,dehydration,,,113,54,9
110,11,250,5,D3 Male,3,7,player_vs_player,spear,21.0,D11 Male,9,61,8
110,12,276,17,D9 Male,9,11,natural_causes,untreated wound,,,60,17,7
110,14,319,11,D6 Male,6,4,player_vs_player,knife,3.0,D2 Male,40,47,6
110,14,328,19,D10 Male,10,7,player_vs_player,knife,3.0,D2 Male,34,50,5
110,14,332,21,D11 Male,11,2,player_vs_player,knife,3.0,D2 Male,34,52,4
110,18,410,20,D11 Female,11,7,player_vs_player,knife,3.0,D2 Male,60,54,3
110,19,445,3,D2 Male,2,12,player_vs_player,bow,2.0,D2 Female,60,57,2
111,2,35,8,D5 Female,5,7,player_vs_player,fists,16.0,D9 Female,9,95,24
111,3,50,0,D1 Female,1,5,player_vs_player,fists,2.0,D2 Female,99,98,23
111,3,53,15,D8 Male,8,6,player_vs_player,fists,1.0,D1 Male,95,46,22
111,3,58,9,D5 Male,5,6,player_vs_player,fists,11.0,D6 Male,71,5,21
111,4,72,5,D3 Male,3,6,natural_causes,dehydration,,,31,10,20
111,4,72,19,D10 Male,10,12,natural_causes,dehydration,,,80,5,19
111,5,107,20,D11 Female,11,1,player_vs_player,fists,23.0,D12 Male,0,61,18
111,6,124,12,D7 Female,7,5,player_vs_player,fists,7.0,D4 Male,60,118,17
111,6,141,22,D12 Female,12,8,player_vs_player,fists,2.0,D2 Female,65,103,16
111,7,159,4,D3 Female,3,12,player_vs_player,spear,10.0,D6 Female,15,30,15
111,8,171,14,D8 Female,8,6,player_vs_player,rock,1.0,D1 Male,82,16,14
111,8,173,21,D11 Male,11,6,player_vs_player,rock,17.0,D9 Male,86,94,13
111,8,186,7,D4 Male,4,7,player_vs_player,fists,2.0,D2 Female,60,118,12
111,9,204,1,D1 Male,1,8,player_vs_player,fists,18.0,D10 Female,85,16,11
111,9,204,17,D9 Male,9,6,player_vs_player,spear,3.0,D2 Male,84,95,10
111,10,231,23,D12 Male,12,1,natural_causes,untreated wound,,,15,57,9
111,13,288,3,D2 Male,2,5,natural_causes,untreated wound,,,76,80,8
111,16,360,13,D7 Male,7,3,player_vs_player,spear,11.0,D6 Male,77,55,7
111,16,376,2,D2 Female,2,5,player_vs_player,sword,16.0,D9 Female,64,85,6
111,17,405,16,D9 Female,9,5,natural_causes,dehydration,,,64,84,5
111,19,438,11,D6 Male,6,6,natural_causes,untreated wound,,,65,60,4
111,19,447,18,D10 Female,10,11,player_vs_player,spear,10.0,D6 Female,62,60,3
111,19,449,6,D4 Female,4,6,player_vs_player,spear,10.0,D6 Female,60,59,2
111,19,449,10,D6 Female,6,7,player_vs_player,sword,6.0,D4 Female,60,61,1
112,3,66,15,D8 Male,8,3,player_vs_player,fists,10.0,D6 Female,2,91,24
112,4,84,8,D5 Female,5,1,player_vs_player,fists,11.0,D6 Male,2,20,23
112,4,85,21,D11 Male,11,5,natural_causes,dehydration,,,36,98,22
112,5,102,1,D1 Male,1,9,player_vs_player,fists,2.0,D2 Female,86,24,21
112,5,111,11,D6 Male,6,8,player_vs_player,fists,22.0,D12 Female,4,26,20
112,5,119,4,D3 Female,3,7,player_vs_player,fists,2.0,D2 Female,95,14,19
112,6,125,3,D2 Male,2,8,player_vs_player,fists,6.0,D4 Female,66,99,18
112,6,130,16,D9 Female,9,6,player_vs_player,fists,19.0,D10 Male,113,58,17
112,6,133,10,D6 Female,6,8,player_vs_player,fists,23.0,D12 Male,7,55,16
112,6,137,18,D10 Female,10,5,player_vs_player,fists,20.0,D11 Female,73,95,15
112,7,145,19,D10 Male,10,6,player_vs_player,fists,9.0,D5 Male,114,66,14
112,8,182,6,D4 Female,4,3,player_vs_player,fists,20.0,D11 Female,57,93,13
112,11,254,9,D5 Male,5,9,natural_causes,untreated wound,,,93,58,12
112,12,268,23,D12 Male,12,2,natural_causes,dehydration,,,23,49,11
112,12,274,14,D8 Female,8,3,player_vs_player,sword,13.0,D7 Male,38,78,10
112,13,294,5,D3 Male,3,6,player_vs_player,bow,17.0,D9 Male,67,28,9
112,13,297,13,D7 Male,7,8,player_vs_player,sword,20.0,D11 Female,32,89,8
112,13,304,20,D11 Female,11,9,natural_causes,untreated wound,,,32,85,7
112,14,325,2,D2 Female,2,9,gamemaker,arena hazard,,,86,27,6
112,17,397,7,D4 Male,4,1,player_vs_player,spear,12.0,D7 Female,47,54,5
112,18,412,0,D1 Female,1,5,player_vs_player,spear,22.0,D12 Female,62,50,4
112,18,419,12,D7 Female,7,7,natural_causes,untreated wound,,,51,42,3
112,18,427,22,D12 Female,12,12,player_vs_player,bow,17.0,D9 Male,59,55,2
113,2,43,14,D8 Female,8,6,player_vs_player,fists,19.0,D10 Male,111,78,24
113,2,46,10,D6 Female,6,6,player_vs_player,fists,11.0,D6 Male,106,31,23
113,3,52,0,D1 Female,1,10,player_vs_player,fists,6.0,D4 Female,56,0,22
113,3,58,12,D7 Female,7,5,player_vs_player,fists,7.0,D4 Male,11,93,21
113,3,69,4,D3 Female,3,10,player_vs_player,fists,11.0,D6 Male,100,26,20
113,4,72,1,D1 Male,1,3,natural_causes,dehydration,,,10,63,19
113,4,72,22,D12 Female,12,8,natural_causes,dehydration,,,14,69,18
113,5,116,19,D10 Male,10,10,player_vs_player,fists,17.0,D9 Male,111,87,17
113,5,116,8,D5 Female,5,3,player_vs_player,rock,18.0,D10 Female,16,50,16
113,7,158,16,D9 Female,9,9,natural_causes,dehydration,,,84,114,15
113,7,159,23,D12 Male,12,6,natural_causes,untreated wound,,,103,89,14
113,8,183,15,D8 Male,8,11,player_vs_player,knife,7.0,D4 Male,18,63,13
113,9,194,3,D2 Male,2,6,natural_causes,dehydration,,,38,13,12
113,9,203,9,D5 Male,5,6,player_vs_player,knife,6.0,D4 Female,76,32,11
113,10,225,6,D4 Female,4,6,player_vs_player,knife,11.0,D6 Male,67,25,10
113,10,227,20,D11 Female,11,6,natural_causes,dehydration,,,90,101,9
113,11,251,18,D10 Female,10,4,player_vs_player,knife,7.0,D4 Male,46,25,8
113,11,253,13,D7 Male,7,7,player_vs_player,knife,11.0,D6 Male,50,29,7
113,11,254,5,D3 Male,3,5,player_vs_player,rock,21.0,D11 Male,20,70,6
113,15,349,11,D6 Male,6,6,natural_causes,dehydration,,,60,29,5
113,16,368,17,D9 Male,9,6,player_vs_player,spear,2.0,D2 Female,81,57,4
113,17,387,7,D4 Male,4,4,natural_causes,dehydration,,,40,40,3
113,20,473,21,D11 Male,11,8,natural_causes,dehydration,,,51,60,2
114,1,23,20,D11 Female,11,11,player_vs_player,fists,3.0,D2 Male,103,0,24
114,2,45,8,D5 Female,5,5,player_vs_player,rock,22.0,D12 Female,63,99,23
114,3,59,2,D2 Female,2,3,player_vs_player,fists,10.0,D6 Female,0,48,22
114,4,82,5,D3 Male,3,6,player_vs_player,fists,3.0,D2 Male,111,38,21
114,4,86,18,D10 Female,10,12,natural_causes,dehydration,,,74,28,20
114,5,103,23,D12 Male,12,8,player_vs_player,fists,15.0,D8 Male,34,22,19
114,5,110,3,D2 Male,2,6,player_vs_player,fists,13.0,D7 Male,119,30,18
114,5,115,0,D1 Female,1,6,natural_causes,dehydration,,,78,36,17
114,5,118,7,D4 Male,4,8,player_vs_player,fists,17.0,D9 Male,18,62,16
114,6,130,21,D11 Male,11,9,player_vs_player,fists,1.0,D1 Male,74,89,15
114,6,134,17,D9 Male,9,5,player_vs_player,fists,16.0,D9 Female,10,61,14
114,6,140,10,D6 Female,6,8,player_vs_player,spear,4.0,D3 Female,34,58,13
114,8,185,4,D3 Female,3,3,natural_causes,untreated wound,,,37,59,12
114,9,203,1,D1 Male,1,5,player_vs_player,knife,6.0,D4 Female,110,68,11
114,10,234,11,D6 Male,6,6,player_vs_player,knife,6.0,D4 Female,116,49,10
114,11,259,16,D9 Female,9,4,player_vs_player,knife,14.0,D8 Female,25,49,9
114,12,286,22,D12 Female,12,9,natural_causes,dehydration,,,112,70,8
114,13,301,6,D4 Female,4,6,player_vs_player,knife,13.0,D7 Male,106,60,7
114,16,377,9,D5 Male,5,5,player_vs_player,knife,14.0,D8 Female,38,56,6
114,18,424,13,D7 Male,7,10,player_vs_player,bow,15.0,D8 Male,70,60,5
114,19,444,19,D10 Male,10,6,natural_causes,untreated wound,,,58,73,4
114,20,478,14,D8 Female,8,5,player_vs_player,bow,15.0,D8 Male,62,57,3
114,21,486,12,D7 Female,7,7,player_vs_player,bow,15.0,D8 Male,60,55,2
115,3,52,21,D11 Male,11,7,player_vs_player,fists,14.0,D8 Female,49,11,24
115,3,52,18,D10 Female,10,6,player_vs_player,fists,9.0,D5 Male,107,73,23
115,3,53,0,D1 Female,1,9,player_vs_player,fists,23.0,D12 Male,108,13,22
115,3,55,6,D4 Female,4,7,player_vs_player,fists,1.0,D1 Male,29,117,21
115,3,65,20,D11 Female,11,5,player_vs_player,fists,3.0,D2 Male,32,119,20
115,3,66,1,D1 Male,1,4,player_vs_player,fists,3.0,D2 Male,32,117,19
115,3,68,23,D12 Male,12,7,player_vs_player,fists,2.0,D2 Female,108,7,18
115,4,72,5,D3 Male,3,2,natural_causes,dehydration,,,18,16,17
115,4,72,15,D8 Male,8,6,natural_causes,dehydration,,,105,37,16
115,4,91,4,D3 Female,3,5,player_vs_player,fists,7.0,D4 Male,119,96,15
115,4,95,12,D7 Female,7,5,player_vs_player,fists,7.0,D4 Male,116,95,14
115,6,120,22,D12 Female,12,7,player_vs_player,fists,14.0,D8 Female,53,1,13
115,6,129,7,D4 Male,4,8,natural_causes,untreated wound,,,107,90,12
115,8,180,13,D7 Male,7,3,natural_causes,dehydration,,,6,54,11
115,9,197,19,D10 Male,10,4,player_vs_player,rock,11.0,D6 Male,30,82,10
115,10,233,2,D2 Female,2,6,player_vs_player,spear,16.0,D9 Female,86,24,9
115,14,316,8,D5 Female,5,10,player_vs_player,knife,10.0,D6 Female,51,56,8
115,14,328,14,D8 Female,8,10,player_vs_player,bow,17.0,D9 Male,60,43,7
115,14,332,16,D9 Female,9,7,player_vs_player,knife,9.0,D5 Male,74,51,6
115,15,341,10,D6 Female,6,7,player_vs_player,spear,11.0,D6 Male,49,57,5
115,17,392,11,D6 Male,6,4,player_vs_player,bow,17.0,D9 Male,57,60,4
115,17,402,3,D2 Male,2,7,player_vs_player,bow,9.0,D5 Male,55,69,3
115,17,404,9,D5 Male,5,9,player_vs_player,bow,17.0,D9 Male,58,68,2
116,3,50,18,D10 Female,10,7,player_vs_player,fists,6.0,D4 Female,29,0,24
116,3,60,7,D4 Male,4,4,player_vs_player,fists,0.0,D1 Female,13,70,23
116,3,69,22,D12 Female,12,5,player_vs_player,fists,14.0,D8 Female,63,110,22
116,4,76,0,D1 Female,1,4,natural_causes,dehydration,,,13,82,21
116,4,78,4,D3 Female,3,8,player_vs_player,fists,12.0,D7 Female,102,119,20
116,4,86,2,D2 Female,2,5,player_vs_player,fists,20.0,D11 Female,97,74,19
116,4,89,1,D1 Male,1,6,player_vs_player,fists,15.0,D8 Male,50,7,18
116,4,93,6,D4 Female,4,7,player_vs_player,fists,11.0,D6 Male,36,1,17
116,4,95,12,D7 Female,7,5,natural_causes,untreated wound,,,91,114,16
116,5,104,20,D11 Female,11,9,player_vs_player,fists,10.0,D6 Female,110,79,15
116,5,107,16,D9 Female,9,5,player_vs_player,fists,5.0,D3 Male,76,83,14
116,6,125,8,D5 Female,5,4,player_vs_player,fists,23.0,D12 Male,16,0,13
116,8,168,15,D8 Male,8,9,player_vs_player,fists,17.0,D9 Male,76,27,12
116,8,176,5,D3 Male,3,8,player_vs_player,knife,19.0,D10 Male,81,66,11
116,8,179,11,D6 Male,6,12,player_vs_player,fists,17.0,D9 Male,77,27,10
116,8,187,19,D10 Male,10,6,player_vs_player,spear,21.0,D11 Male,83,66,9
116,9,193,10,D6 Female,6,5,player_vs_player,spear,21.0,D11 Male,87,66,8
116,9,209,17,D9 Male,9,9,player_vs_player,knife,3.0,D2 Male,69,20,7
116,13,291,23,D12 Male,12,8,natural_causes,dehydration,,,47,16,6
116,16,361,9,D5 Male,5,8,player_vs_player,spear,13.0,D7 Male,52,55,5
116,17,395,21,D11 Male,11,6,player_vs_player,spear,3.0,D2 Male,71,56,4
116,18,422,13,D7 Male,7,2,player_vs_player,spear,3.0,D2 Male,52,55,3
116,18,428,3,D2 Male,2,6,player_vs_player,bow,14.0,D8 Female,57,58,2
117,2,38,14,D8 Female,8,6,player_vs_player,fists,8.0,D5 Female,119,23,24
117,3,50,5,D3 Male,3,9,player_vs_player,fists,17.0,D9 Male,6,85,23
117,3,54,2,D2 Female,2,5,player_vs_player,fists,10.0,D6 Female,83,108,22
117,4,73,1,D1 Male,1,7,player_vs_player,fists,23.0,D12 Male,90,18,21
117,4,73,8,D5 Female,5,7,natural_causes,untreated wound,,,113,30,20
117,4,74,12,D7 Female,7,9,player_vs_player,fists,9.0,D5 Male,26,6,19
117,4,79,3,D2 Male,2,5,player_vs_player,fists,6.0,D4 Female,62,100,18
117,4,91,17,D9 Male,9,5,player_vs_player,fists,11.0,D6 Male,0,70,17
117,5,104,19,D10 Male,10,5,player_vs_player,fists,7.0,D4 Male,0,33,16
117,5,109,11,D6 Male,6,5,player_vs_player,fists,18.0,D10 Female,5,63,15
117,6,136,21,D11 Male,11,3,player_vs_player,fists,7.0,D4 Male,20,23,14
117,7,146,16,D9 Female,9,6,player_vs_player,fists,4.0,D3 Female,118,70,13
117,7,155,0,D1 Female,1,5,player_vs_player,rock,6.0,D4 Female,61,101,12
117,7,159,15,D8 Male,8,6,player_vs_player,fists,22.0,D12 Female,106,62,11
117,9,213,4,D3 Female,3,11,player_vs_player,fists,22.0,D12 Female,111,60,10
117,10,218,20,D11 Female,11,8,player_vs_player,fists,23.0,D12 Male,76,13,9
117,10,234,7,D4 Male,4,12,player_vs_player,fists,13.0,D7 Male,14,27,8
117,10,234,23,D12 Male,12,12,natural_causes,dehydration,,,85,13,7
117,12,283,13,D7 Male,7,12,player_vs_player,fists,9.0,D5 Male,32,26,6
117,13,291,9,D5 Male,5,9,player_vs_player,knife,18.0,D10 Female,31,29,5
117,13,298,18,D10 Female,10,10,natural_causes,dehydration,,,32,26,4
117,16,380,10,D6 Female,6,10,player_vs_player,bow,22.0,D12 Female,75,66,3
117,18,409,6,D4 Female,4,5,natural_causes,dehydration,,,69,64,2
118,2,29,9,D5 Male,5,7,player_vs_player,fists,6.0,D4 Female,117,27,24
118,3,69,2,D2 Female,2,5,player_vs_player,fists,16.0,D9 Female,56,109,23
118,4,73,10,D6 Female,6,8,player_vs_player,fists,21.0,D11 Male,71,1,22
118,4,80,18,D10 Female,10,8,player_vs_player,fists,21.0,D11 Male,77,3,21
118,4,85,16,D9 Female,9,9,player_vs_player,fists,19.0,D10 Male,62,108,20
118,4,87,11,D6 Male,6,7,player_vs_player,fists,5.0,D3 Male,80,56,19
118,5,96,15,D8 Male,8,3,player_vs_player,fists,22.0,D12 Female,0,39,18
118,6,121,1,D1 Male,1,4,player_vs_player,spear,4.0,D3 Female,37,62,17
118,6,132,19,D10 Male,10,6,natural_causes,untreated wound,,,65,98,16
118,6,140,0,D1 Female,1,9,player_vs_player,rock,17.0,D9 Male,89,63,15
118,7,149,12,D7 Female,7,6,player_vs_player,rock,17.0,D9 Male,91,72,14
118,7,151,6,D4 Female,4,7,player_vs_player,fists,21.0,D11 Male,92,20,13
118,9,193,8,D5 Female,5,8,natural_causes,untreated wound,,,60,16,12
118,9,213,14,D8 Female,8,1,player_vs_player,rock,22.0,D12 Female,59,29,11
118,10,225,23,D12 Male,12,11,player_vs_player,sword,5.0,D3 Male,73,39,10
118,11,254,21,D11 Male,11,11,player_vs_player,sword,5.0,D3 Male,93,35,9
118,11,261,3,D2 Male,2,8,player_vs_player,rock,13.0,D7 Male,23,60,8
118,12,268,7,D4 Male,4,8,player_vs_player,rock,22.0,D12 Female,60,24,7
118,13,295,20,D11 Female,11,9,player_vs_player,spear,4.0,D3 Female,45,74,6
118,14,323,4,D3 Female,3,5,natural_causes,untreated wound,,,46,73,5
118,15,359,17,D9 Male,9,7,natural_causes,dehydration,,,66,74,4
118,16,374,22,D12 Female,12,12,gamemaker,arena hazard,,,61,50,3
118,16,376,13,D7 Male,7,5,natural_causes,dehydration,,,50,60,2
119,2,36,3,D2 Male,2,5,player_vs_player,fists,15.0,D8 Male,106,119,24
119,2,41,19,D10 Male,10,5,player_vs_player,fists,2.0,D2 Female,61,112,23
119,2,46,10,D6 Female,6,4,player_vs_player,fists,12.0,D7 Female,12,84,22
119,3,53,4,D3 Female,3,9,player_vs_player,fists,23.0,D12 Male,19,98,21
119,3,62,5,D3 Male,3,6,player_vs_player,fists,17.0,D9 Male,83,0,20
119,3,63,7,D4 Male,4,4,player_vs_player,fists,12.0,D7 Female,0,94,19
119,3,71,1,D1 Male,1,5,player_vs_player,fists,16.0,D9 Female,113,85,18
119,4,72,15,D8 Male,8,10,natural_causes,dehydration,,,78,117,17
119,4,90,16,D9 Female,9,6,natural_causes,dehydration,,,113,77,16
119,5,102,0,D1 Female,1,7,player_vs_player,spear,18.0,D10 Female,46,54,15
119,5,118,22,D12 Female,12,3,player_vs_player,fists,13.0,D7 Male,2,10,14
119,6,127,20,D11 Female,11,9,player_vs_player,fists,11.0,D6 Male,24,64,13
119,6,135,6,D4 Female,4,6,player_vs_player,fists,17.0,D9 Male,99,30,12
119,6,137,9,D5 Male,5,5,player_vs_player,spear,2.0,D2 Female,71,106,11
119,8,186,17,D9 Male,9,11,player_vs_player,rock,21.0,D11 Male,92,45,10
119,9,195,14,D8 Female,8,6,player_vs_player,rock,21.0,D11 Male,86,49,9
119,10,227,12,D7 Female,7,9,player_vs_player,sword,18.0,D10 Female,17,49,8
119,12,287,11,D6 Male,6,12,player_vs_player,sword,18.0,D10 Female,21,60,7
119,14,323,18,D10 Female,10,12,gamemaker,arena hazard,,,21,60,6
119,15,345,13,D7 Male,7,4,player_vs_player,bow,23.0,D12 Male,64,54,5
119,18,419,8,D5 Female,5,7,player_vs_player,bow,23.0,D12 Male,60,50,4
119,19,454,2,D2 Female,2,9,gamemaker,arena hazard,,,57,69,3
119,20,465,23,D12 Male,12,5,player_vs_player,sword,21.0,D11 Male,60,58,2
120,2,29,14,D8 Female,8,4,player_vs_player,fists,3.0,D2 Male,0,89,24
120,2,38,17,D9 Male,9,3,player_vs_player,fists,12.0,D7 Female,0,25,23
120,2,47,15,D8 Male,8,6,player_vs_player,fists,19.0,D10 Male,107,76,22
120,3,62,1,D1 Male,1,5,player_vs_player,fists,21.0,D11 Male,77,119,21
120,4,93,6,D4 Female,4,6,player_vs_player,fists,5.0,D3 Male,99,6,20
120,5,108,16,D9 Female,9,9,natural_causes,dehydration,,,104,102,19
120,6,129,11,D6 Male,6,6,player_vs_player,fists,8.0,D5 Female,103,40,18
120,6,129,22,D12 Female,12,11,player_vs_player,spear,10.0,D6 Female,77,44,17
120,6,132,20,D11 Female,11,5,natural_causes,dehydration,,,33,106,16
120,7,165,7,D4 Male,4,8,player_vs_player,fists,21.0,D11 Male,62,106,15
120,8,171,12,D7 Female,7,3,player_vs_player,spear,18.0,D10 Female,37,85,14
120,9,207,3,D2 Male,2,3,player_vs_player,knife,9.0,D5 Male,13,63,13
120,9,209,8,D5 Female,5,6,player_vs_player,spear,10.0,D6 Female,98,31,12
120,9,211,4,D3 Female,3,5,player_vs_player,spear,18.0,D10 Female,36,99,11
120,10,218,19,D10 Male,10,10,natural_causes,dehydration,,,105,66,10
120,11,259,18,D10 Female,10,12,natural_causes,untreated wound,,,35,83,9
120,11,260,21,D11 Male,11,9,player_vs_player,knife,0.0,D1 Female,60,95,8
120,14,312,13,D7 Male,7,8,gamemaker,arena hazard,,,33,55,7
120,15,356,0,D1 Female,1,5,player_vs_player,bow,23.0,D12 Male,62,74,6
120,15,356,2,D2 Female,2,7,natural_causes,dehydration,,,46,47,5
120,16,364,9,D5 Male,5,8,natural_causes,dehydration,,,45,50,4
120,16,365,10,D6 Female,6,7,player_vs_player,sword,5.0,D3 Male,65,58,3
120,17,395,5,D3 Male,3,10,player_vs_player,bow,23.0,D12 Male,60,68,2
121,2,40,4,D3 Female,3,5,player_vs_player,fists,5.0,D3 Male,119,52,24
121,2,47,23,D12 Male,12,6,player_vs_player,fists,20.0,D11 Female,101,18,23
121,3,70,8,D5 Female,5,4,player_vs_player,fists,12.0,D7 Female,109,92,22
121,4,72,3,D2 Male,2,7,player_vs_player,fists,18.0,D10 Female,9,119,21
121,4,72,6,D4 Female,4,12,natural_causes,dehydration,,,31,6,20
121,4,92,9,D5 Male,5,7,player_vs_player,fists,13.0,D7 Male,33,0,19
121,5,113,16,D9 Female,9,8,player_vs_player,knife,15.0,D8 Male,59,80,18
121,5,117,13,D7 Male,7,11,player_vs_player,fists,21.0,D11 Male,38,3,17
121,5,117,11,D6 Male,6,4,player_vs_player,fists,12.0,D7 Female,75,101,16
121,6,128,2,D2 Female,2,1,player_vs_player,fists,7.0,D4 Male,0,40,15
121,6,135,1,D1 Male,1,6,player_vs_player,rock,22.0,D12 Female,96,1,14
121,7,154,19,D10 Male,10,2,player_vs_player,rock,10.0,D6 Female,26,74,13
121,8,174,14,D8 Female,8,4,player_vs_player,fists,12.0,D7 Female,72,91,12
121,8,190,0,D1 Female,1,4,player_vs_player,spear,17.0,D9 Male,62,70,11
121,11,251,10,D6 Female,6,2,player_vs_player,fists,18.0,D10 Female,48,91,10
121,11,261,15,D8 Male,8,4,natural_causes,untreated wound,,,19,56,9
121,11,263,21,D11 Male,11,7,player_vs_player,rock,20.0,D11 Female,33,11,8
121,14,319,18,D10 Female,10,4,player_vs_player,knife,12.0,D7 Female,45,99,7
121,14,332,17,D9 Male,9,5,natural_causes,untreated wound,,,34,72,6
121,15,358,20,D11 Female,11,11,natural_causes,dehydration,,,55,12,5
121,17,391,22,D12 Female,12,7,natural_causes,dehydration,,,66,24,4
121,19,434,5,D3 Male,3,9,natural_causes,dehydration,,,59,43,3
121,19,436,12,D7 Female,7,8,natural_causes,dehydration,,,41,69,2
122,2,27,17,D9 Male,9,6,player_vs_player,fists,12.0,D7 Female,103,0,24
122,2,41,6,D4 Female,4,6,player_vs_player,fists,9.0,D5 Male,40,1,23
122,2,47,4,D3 Female,3,4,player_vs_player,fists,18.0,D10 Female,70,111,22
122,3,49,21,D11 Male,11,8,player_vs_player,fists,20.0,D11 Female,99,37,21
122,3,69,18,D10 Female,10,5,natural_causes,untreated wound,,,75,115,20
122,4,93,16,D9 Female,9,3,player_vs_player,fists,0.0,D1 Female,2,88,19
122,5,96,19,D10 Male,10,6,player_vs_player,fists,12.0,D7 Female,119,29,18
122,5,100,13,D7 Male,7,7,player_vs_player,fists,2.0,D2 Female,10,87,17
122,5,113,14,D8 Female,8,6,player_vs_player,fists,1.0,D1 Male,66,0,16
122,6,123,5,D3 Male,3,4,player_vs_player,fists,22.0,D12 Female,61,67,15
122,8,171,10,D6 Female,6,1,player_vs_player,rock,8.0,D5 Female,19,60,14
122,8,173,20,D11 Female,11,6,natural_causes,untreated wound,,,113,41,13
122,8,179,2,D2 Female,2,3,natural_causes,dehydration,,,25,98,12
122,8,186,0,D1 Female,1,6,natural_causes,dehydration,,,18,86,11
122,10,217,15,D8 Male,8,5,player_vs_player,knife,23.0,D12 Male,99,74,10
122,10,224,1,D1 Male,1,8,natural_causes,untreated wound,,,64,14,9
122,11,253,8,D5 Female,5,1,player_vs_player,bow,22.0,D12 Female,53,46,8
122,11,262,7,D4 Male,4,10,player_vs_player,bow,22.0,D12 Female,45,39,7
122,14,315,11,D6 Male,6,5,player_vs_player,bow,22.0,D12 Female,65,30,6
122,14,326,9,D5 Male,5,6,gamemaker,arena hazard,,,55,22,5
122,18,412,23,D12 Male,12,8,natural_causes,untreated wound,,,66,60,4
122,18,414,3,D2 Male,2,7,player_vs_player,bow,22.0,D12 Female,57,59,3
122,18,427,12,D7 Female,7,8,gamemaker,arena hazard,,,50,66,2
123,2,42,7,D4 Male,4,5,player_vs_player,fists,20.0,D11 Female,101,114,24
123,3,64,14,D8 Female,8,5,player_vs_player,fists,20.0,D11 Female,85,103,23
123,3,67,10,D6 Female,6,10,player_vs_player,fists,6.0,D4 Female,57,14,22
123,4,72,1,D1 Male,1,9,natural_causes,dehydration,,,112,62,21
123,4,81,22,D12 Female,12,5,player_vs_player,fists,23.0,D12 Male,27,100,20
123,5,99,9,D5 Male,5,7,player_vs_player,fists,8.0,D5 Female,107,19,19
123,5,110,6,D4 Female,4,7,player_vs_player,fists,0.0,D1 Female,67,32,18
123,6,141,2,D2 Female,2,1,player_vs_player,fists,15.0,D8 Male,0,57,17
123,7,148,11,D6 Male,6,8,natural_causes,dehydration,,,14,3,16
123,7,163,8,D5 Female,5,7,natural_causes,dehydration,,,97,57,15
123,9,194,18,D10 Female,10,1,player_vs_player,rock,19.0,D10 Male,45,34,14
123,9,213,17,D9 Male,9,5,player_vs_player,knife,21.0,D11 Male,58,76,13
123,9,214,12,D7 Female,7,7,player_vs_player,fists,13.0,D7 Male,97,78,12
123,11,250,15,D8 Male,8,4,natural_causes,dehydration,,,23,44,11
123,12,274,5,D3 Male,3,1,player_vs_player,spear,23.0,D12 Male,25,45,10
123,12,278,13,D7 Male,7,6,player_vs_player,spear,3.0,D2 Male,87,52,9
123,13,294,20,D11 Female,11,9,natural_causes,dehydration,,,71,75,8
123,13,301,4,D3 Female,3,12,player_vs_player,rock,19.0,D10 Male,51,76,7
123,13,307,0,D1 Female,1,7,player_vs_player,spear,23.0,D12 Male,30,47,6
123,13,308,21,D11 Male,11,9,natural_causes,untreated wound,,,78,69,5
123,15,359,23,D12 Male,12,9,natural_causes,dehydration,,,28,40,4
123,18,428,3,D2 Male,2,6,player_vs_player,spear,16.0,D9 Female,74,60,3
123,21,480,16,D9 Female,9,10,player_vs_player,bow,19.0,D10 Male,64,60,2
124,3,66,8,D5 Female,5,6,player_vs_player,fists,1.0,D1 Male,116,39,24
124,3,71,18,D10 Female,10,6,player_vs_player,fists,2.0,D2 Female,113,63,23
124,4,72,9,D5 Male,5,9,natural_causes,dehydration,,,104,85,22
124,4,72,13,D7 Male,7,1,natural_causes,dehydration,,,15,14,21
124,4,72,14,D8 Female,8,5,natural_causes,dehydration,,,75,105,20
124,4,73,19,D10 Male,10,5,player_vs_player,fists,0.0,D1 Female,73,104,19
124,4,74,10,D6 Female,6,3,player_vs_player,fists,4.0,D3 Female,6,65,18
124,5,104,12,D7 Female,7,6,player_vs_player,fists,1.0,D1 Male,107,55,17
124,6,122,5,D3 Male,3,7,player_vs_player,rock,21.0,D11 Male,29,86,16
124,6,124,22,D12 Female,12,7,player_vs_player,fists,17.0,D9 Male,44,39,15
124,6,131,15,D8 Male,8,11,player_vs_player,spear,3.0,D2 Male,50,40,14
124,6,132,1,D1 Male,1,10,player_vs_player,knife,2.0,D2 Female,112,59,13
124,7,152,17,D9 Male,9,12,player_vs_player,spear,3.0,D2 Male,37,30,12
124,9,192,21,D11 Male,11,4,natural_causes,untreated wound,,,37,105,11
124,9,203,4,D3 Female,3,3,natural_causes,untreated wound,,,18,56,10
124,11,241,20,D11 Female,11,7,gamemaker,arena hazard,,,40,19,9
124,12,271,6,D4 Female,4,6,player_vs_player,bow,7.0,D4 Male,63,57,8
124,13,297,0,D1 Female,1,8,natural_causes,untreated wound,,,60,84,7
124,14,318,11,D6 Male,6,2,player_vs_player,rock,16.0,D9 Female,58,76,6
124,14,321,23,D12 Male,12,6,player_vs_player,bow,7.0,D4 Male,72,53,5
124,15,337,3,D2 Male,2,6,player_vs_player,spear,2.0,D2 Female,43,47,4
124,16,375,16,D9 Female,9,7,player_vs_player,bow,7.0,D4 Male,65,67,3
124,18,408,2,D2 Female,2,9,player_vs_player,bow,7.0,D4 Male,62,60,2
124,18,408,7,D4 Male,4,4,player_vs_player,spear,2.0,D2 Female,63,60,1
125,2,43,7,D4 Male,4,5,player_vs_player,fists,18.0,D10 Female,119,80,24
125,3,61,9,D5 Male,5,10,gamemaker,arena hazard,,,118,6,23
125,3,68,5,D3 Male,3,10,player_vs_player,fists,11.0,D6 Male,60,0,22
125,4,72,15,D8 Male,8,6,natural_causes,dehydration,,,115,2,21
125,4,72,22,D12 Female,12,5,natural_causes,dehydration,,,78,114,20
125,4,77,6,D4 Female,4,4,player_vs_player,fists,16.0,D9 Female,26,116,19
125,4,83,4,D3 Female,3,6,player_vs_player,fists,13.0,D7 Male,38,6,18
125,5,98,8,D5 Female,5,6,player_vs_player,fists,13.0,D7 Male,42,0,17
125,5,104,14,D8 Female,8,4,player_vs_player,sword,20.0,D11 Female,58,73,16
125,5,104,11,D6 Male,6,6,player_vs_player,fists,12.0,D7 Female,60,1,15
125,5,108,17,D9 Male,9,1,natural_causes,dehydration,,,7,22,14
125,5,110,18,D10 Female,10,10,player_vs_player,fists,3.0,D2 Male,111,77,13
125,9,200,13,D7 Male,7,12,natural_causes,dehydration,,,48,23,12
125,9,214,12,D7 Female,7,6,natural_causes,dehydration,,,57,9,11
125,10,237,0,D1 Female,1,3,player_vs_player,bow,20.0,D11 Female,61,73,10
125,11,243,23,D12 Male,12,5,player_vs_player,bow,20.0,D11 Female,65,77,9
125,11,254,3,D2 Male,2,9,player_vs_player,knife,19.0,D10 Male,94,35,8
125,11,258,21,D11 Male,11,4,player_vs_player,bow,20.0,D11 Female,67,76,7
125,13,306,1,D1 Male,1,5,player_vs_player,knife,19.0,D10 Male,67,25,6
125,15,343,19,D10 Male,10,5,natural_causes,dehydration,,,76,29,5
125,17,405,10,D6 Female,6,2,player_vs_player,bow,20.0,D11 Female,55,65,4
125,19,444,20,D11 Female,11,8,player_vs_player,bow,16.0,D9 Female,60,64,3
125,19,444,16,D9 Female,9,8,player_vs_player,bow,20.0,D11 Female,60,63,2
126,2,39,11,D6 Male,6,3,player_vs_player,fists,15.0,D8 Male,7,76,24
126,3,54,4,D3 Female,3,4,player_vs_player,fists,18.0,D10 Female,87,100,23
126,4,72,12,D7 Female,7,5,natural_causes,dehydration,,,104,10,22
126,4,72,17,D9 Male,9,10,natural_causes,dehydration,,,104,6,21
126,4,72,21,D11 Male,11,5,natural_causes,dehydration,,,119,45,20
126,4,79,2,D2 Female,2,5,player_vs_player,fists,20.0,D11 Female,88,8,19
126,4,94,0,D1 Female,1,7,player_vs_player,fists,16.0,D9 Female,15,100,18
126,5,97,8,D5 Female,5,8,player_vs_player,fists,16.0,D9 Female,16,101,17
126,5,99,18,D10 Female,10,4,player_vs_player,fists,19.0,D10 Male,108,101,16
126,5,112,10,D6 Female,6,3,natural_causes,untreated wound,,,30,98,15
126,5,115,22,D12 Female,12,10,natural_causes,dehydration,,,113,77,14
126,6,127,23,D12 Male,12,5,natural_causes,dehydration,,,109,73,13
126,6,128,7,D4 Male,4,3,natural_causes,dehydration,,,44,109,12
126,7,164,14,D8 Female,8,1,player_vs_player,fists,9.0,D5 Male,28,56,11
126,7,164,15,D8 Male,8,2,player_vs_player,fists,16.0,D9 Female,22,71,10
126,8,181,19,D10 Male,10,4,natural_causes,untreated wound,,,85,73,9
126,9,206,13,D7 Male,7,12,player_vs_player,spear,6.0,D4 Female,58,56,8
126,11,253,16,D9 Female,9,2,player_vs_player,sword,9.0,D5 Male,21,80,7
126,12,274,3,D2 Male,2,8,player_vs_player,spear,5.0,D3 Male,75,101,6
126,12,276,20,D11 Female,11,6,player_vs_player,fists,1.0,D1 Male,73,13,5
126,16,360,5,D3 Male,3,8,player_vs_player,sword,6.0,D4 Female,60,80,4
126,18,429,9,D5 Male,5,7,player_vs_player,sword,6.0,D4 Female,58,60,3
126,19,443,6,D4 Female,4,7,player_vs_player,knife,1.0,D1 Male,56,63,2
127,3,65,17,D9 Male,9,8,player_vs_player,knife,8.0,D5 Female,66,96,24
127,4,88,3,D2 Male,2,10,player_vs_player,rock,13.0,D7 Male,91,37,23
127,4,91,19,D10 Male,10,3,player_vs_player,fists,5.0,D3 Male,0,66,22
127,4,93,4,D3 Female,3,9,player_vs_player,fists,23.0,D12 Male,114,28,21
127,5,110,7,D4 Male,4,5,player_vs_player,fists,10.0,D6 Female,94,50,20
127,5,112,22,D12 Female,12,6,player_vs_player,rock,13.0,D7 Male,87,36,19
127,5,115,1,D1 Male,1,10,natural_causes,dehydration,,,34,19,18
127,5,117,12,D7 Female,7,1,player_vs_player,fists,15.0,D8 Male,2,41,17
127,6,137,14,D8 Female,8,6,player_vs_player,fists,9.0,D5 Male,63,8,16
127,6,143,11,D6 Male,6,8,player_vs_player,fists,20.0,D11 Female,69,113,15
127,7,150,23,D12 Male,12,10,natural_causes,untreated wound,,,118,18,14
127,7,153,15,D8 Male,8,1,natural_causes,untreated wound,,,6,38,13
127,8,184,6,D4 Female,4,1,player_vs_player,rock,0.0,D1 Female,49,87,12
127,9,197,20,D11 Female,11,5,natural_causes,untreated wound,,,84,106,11
127,9,203,0,D1 Female,1,3,player_vs_player,spear,16.0,D9 Female,51,99,10
127,9,207,5,D3 Male,3,7,player_vs_player,rock,2.0,D2 Female,15,55,9
127,9,208,8,D5 Female,5,4,natural_causes,dehydration,,,97,109,8
127,12,264,10,D6 Female,6,5,player_vs_player,bow,21.0,D11 Male,61,62,7
127,12,264,21,D11 Male,11,7,player_vs_player,sword,10.0,D6 Female,59,64,6
127,13,300,9,D5 Male,5,6,player_vs_player,spear,13.0,D7 Male,60,22,5
127,16,364,2,D2 Female,2,3,natural_causes,dehydration,,,37,64,4
127,18,412,13,D7 Male,7,6,player_vs_player,bow,18.0,D10 Female,60,55,3
127,18,426,16,D9 Female,9,7,player_vs_player,bow,18.0,D10 Female,67,58,2
128,4,72,4,D3 Female,3,8,natural_causes,dehydration,,,117,50,24
128,4,72,11,D6 Male,6,5,natural_causes,dehydration,,,96,6,23
128,4,72,16,D9 Female,9,3,natural_causes,dehydration,,,15,108,22
128,4,80,23,D12 Male,12,1,player_vs_player,fists,17.0,D9 Male,28,24,21
128,4,82,18,D10 Female,10,3,player_vs_player,fists,22.0,D12 Female,9,69,20
128,4,83,10,D6 Female,6,6,player_vs_player,fists,12.0,D7 Female,36,0,19
128,4,84,7,D4 Male,4,1,player_vs_player,fists,1.0,D1 Male,17,31,18
128,4,85,15,D8 Male,8,8,player_vs_player,fists,8.0,D5 Female,60,97,17
128,5,104,2,D2 Female,2,4,player_vs_player,fists,3.0,D2 Male,115,53,16
128,6,130,22,D12 Female,12,3,player_vs_player,fists,20.0,D11 Female,17,38,15
128,6,135,14,D8 Female,8,6,player_vs_player,fists,12.0,D7 Female,42,18,14
128,6,141,21,D11 Male,11,6,player_vs_player,fists,19.0,D10 Male,69,9,13
128,8,178,9,D5 Male,5,4,gamemaker,arena hazard,,,60,113,12
128,8,186,3,D2 Male,2,4,natural_causes,dehydration,,,110,59,11
128,9,197,0,D1 Female,1,11,player_vs_player,fists,17.0,D9 Male,30,67,10
128,9,208,5,D3 Male,3,4,natural_causes,dehydration,,,109,60,9
128,11,250,17,D9 Male,9,7,player_vs_player,spear,1.0,D1 Male,54,67,8
128,12,270,20,D11 Female,11,8,player_vs_player,spear,1.0,D1 Male,39,54,7
128,12,276,8,D5 Female,5,4,natural_causes,untreated wound,,,60,83,6
128,14,332,19,D10 Male,10,9,player_vs_player,knife,12.0,D7 Female,62,42,5
128,14,332,13,D7 Male,7,4,player_vs_player,sword,1.0,D1 Male,48,71,4
128,17,395,12,D7 Female,7,11,player_vs_player,bow,6.0,D4 Female,59,56,3
128,17,403,6,D4 Female,4,8,gamemaker,arena hazard,,,66,52,2
129,2,29,9,D5 Male,5,7,player_vs_player,fists,0.0,D1 Female,33,1,24
129,2,40,19,D10 Male,10,5,player_vs_player,fists,13.0,D7 Male,77,109,23
129,3,64,0,D1 Female,1,7,natural_causes,untreated wound,,,35,16,22
129,3,69,22,D12 Female,12,9,player_vs_player,fists,7.0,D4 Male,8,85,21
129,4,72,5,D3 Male,3,2,natural_causes,dehydration,,,6,36,20
129,4,72,12,D7 Female,7,9,natural_causes,dehydration,,,115,38,19
129,4,72,15,D8 Male,8,6,natural_causes,dehydration,,,116,13,18
129,4,80,3,D2 Male,2,6,player_vs_player,fists,23.0,D12 Male,82,9,17
129,4,81,23,D12 Male,12,7,player_vs_player,fists,8.0,D5 Female,82,9,16
129,5,111,1,D1 Male,1,9,player_vs_player,fists,16.0,D9 Female,70,1,15
129,5,117,13,D7 Male,7,5,player_vs_player,fists,21.0,D11 Male,60,86,14
129,6,128,11,D6 Male,6,4,player_vs_player,fists,7.0,D4 Male,6,60,13
129,7,158,16,D9 Female,9,10,natural_causes,dehydration,,,80,12,12
129,8,173,21,D11 Male,11,5,player_vs_player,sword,20.0,D11 Female,61,70,11
129,8,181,8,D5 Female,5,6,natural_causes,dehydration,,,74,13,10
129,10,233,4,D3 Female,3,10,player_vs_player,spear,17.0,D9 Male,45,34,9
129,10,235,10,D6 Female,6,5,player_vs_player,knife,2.0,D2 Female,63,51,8
129,11,251,7,D4 Male,4,4,player_vs_player,knife,18.0,D10 Female,23,59,7
129,15,337,6,D4 Female,4,4,player_vs_player,bow,20.0,D11 Female,56,63,6
129,15,343,2,D2 Female,2,5,player_vs_player,spear,17.0,D9 Male,60,50,5
129,15,349,17,D9 Male,9,4,player_vs_player,rock,14.0,D8 Female,60,51,4
129,16,361,20,D11 Female,11,9,natural_causes,untreated wound,,,66,69,3
129,17,402,14,D8 Female,8,9,player_vs_player,knife,18.0,D10 Female,60,58,2
130,2,38,14,D8 Female,8,6,player_vs_player,fists,21.0,D11 Male,119,75,24
130,2,47,4,D3 Female,3,4,player_vs_player,fists,5.0,D3 Male,20,119,23
130,3,54,11,D6 Male,6,5,player_vs_player,fists,0.0,D1 Female,99,107,22
130,3,59,20,D11 Female,11,6,player_vs_player,fists,21.0,D11 Male,105,82,21
130,3,65,2,D2 Female,2,10,player_vs_player,fists,7.0,D4 Male,76,2,20
130,4,80,3,D2 Male,2,7,player_vs_player,fists,7.0,D4 Male,64,6,19
130,4,82,16,D9 Female,9,3,player_vs_player,rock,15.0,D8 Male,15,30,18
130,5,99,8,D5 Female,5,5,player_vs_player,fists,22.0,D12 Female,106,86,17
130,5,112,19,D10 Male,10,8,player_vs_player,knife,1.0,D1 Male,58,29,16
130,6,128,12,D7 Female,7,4,player_vs_player,fists,10.0,D6 Female,12,71,15
130,7,144,15,D8 Male,8,3,player_vs_player,fists,23.0,D12 Male,11,65,14
130,7,148,21,D11 Male,11,9,player_vs_player,rock,13.0,D7 Male,100,60,13
130,8,189,9,D5 Male,5,6,player_vs_player,fists,17.0,D9 Male,116,65,12
130,9,200,17,D9 Male,9,9,natural_causes,untreated wound,,,118,62,11
130,10,235,10,D6 Female,6,8,natural_causes,untreated wound,,,5,64,10
130,11,243,1,D1 Male,1,7,player_vs_player,sword,0.0,D1 Female,73,41,9
130,11,243,23,D12 Male,12,12,natural_causes,dehydration,,,2,68,8
130,13,295,22,D12 Female,12,9,player_vs_player,knife,18.0,D10 Female,58,100,7
130,15,338,7,D4 Male,4,7,gamemaker,arena hazard,,,60,20,6
130,17,384,5,D3 Male,3,8,player_vs_player,knife,18.0,D10 Female,59,83,5
130,19,445,18,D10 Female,10,5,player_vs_player,bow,6.0,D4 Female,60,67,4
130,20,467,13,D7 Male,7,6,player_vs_player,sword,0.0,D1 Female,71,66,3
130,22,508,6,D4 Female,4,4,player_vs_player,sword,0.0,D1 Female,58,60,2
131,2,36,6,D4 Female,4,8,player_vs_player,fists,20.0,D11 Female,112,116,24
131,2,40,14,D8 Female,8,7,player_vs_player,fists,1.0,D1 Male,5,109,23
131,3,57,21,D11 Male,11,7,player_vs_player,fists,19.0,D10 Male,36,0,22
131,3,70,0,D1 Female,1,8,player_vs_player,fists,12.0,D7 Female,100,36,21
131,4,81,11,D6 Male,6,3,player_vs_player,fists,8.0,D5 Female,0,49,20
131,5,106,18,D10 Female,10,5,player_vs_player,fists,4.0,D3 Female,24,114,19
131,5,107,3,D2 Male,2,6,player_vs_player,fists,19.0,D10 Male,70,22,18
131,5,108,8,D5 Female,5,3,natural_causes,dehydration,,,15,51,17
131,6,122,16,D9 Female,9,2,player_vs_player,fists,15.0,D8 Male,23,60,16
131,6,135,4,D3 Female,3,7,natural_causes,untreated wound,,,31,111,15
131,7,145,2,D2 Female,2,4,player_vs_player,fists,1.0,D1 Male,0,89,14
131,7,156,10,D6 Female,6,6,player_vs_player,rock,12.0,D7 Female,67,19,13
131,8,171,12,D7 Female,7,6,player_vs_player,fists,23.0,D12 Male,71,12,12
131,9,197,1,D1 Male,1,4,natural_causes,untreated wound,,,4,91,11
131,9,206,13,D7 Male,7,6,player_vs_player,spear,5.0,D3 Male,106,53,10
131,11,253,20,D11 Female,11,6,natural_causes,dehydration,,,102,80,9
131,11,260,7,D4 Male,4,6,player_vs_player,spear,23.0,D12 Male,78,29,8
131,13,294,15,D8 Male,8,7,player_vs_player,knife,9.0,D5 Male,21,59,7
131,14,324,17,D9 Male,9,7,player_vs_player,spear,19.0,D10 Male,61,30,6
131,15,346,23,D12 Male,12,10,player_vs_player,bow,5.0,D3 Male,62,46,5
131,15,350,5,D3 Male,3,5,player_vs_player,spear,19.0,D10 Male,61,49,4
131,18,421,9,D5 Male,5,12,player_vs_player,spear,19.0,D10 Male,57,60,3
131,19,441,22,D12 Female,12,6,player_vs_player,sword,19.0,D10 Male,63,69,2
132,2,36,22,D12 Female,12,9,player_vs_player,fists,7.0,D4 Male,77,109,24
132,2,38,8,D5 Female,5,4,player_vs_player,fists,21.0,D11 Male,0,76,23
132,3,66,1,D1 Male,1,7,player_vs_player,fists,2.0,D2 Female,79,5,22
132,3,70,2,D2 Female,2,7,player_vs_player,fists,18.0,D10 Female,80,5,21
132,4,72,4,D3 Female,3,12,natural_causes,dehydration,,,9,14,20
132,4,72,10,D6 Female,6,5,natural_causes,dehydration,,,29,114,19
132,4,72,12,D7 Female,7,4,natural_causes,dehydration,,,0,33,18
132,4,72,23,D12 Male,12,8,natural_causes,dehydration,,,41,0,17
132,5,107,5,D3 Male,3,6,player_vs_player,fists,20.0,D11 Female,64,95,16
132,6,120,0,D1 Female,1,7,player_vs_player,fists,11.0,D6 Male,37,11,15
132,6,123,21,D11 Male,11,5,player_vs_player,rock,16.0,D9 Female,13,63,14
132,6,131,14,D8 Female,8,2,natural_causes,untreated wound,,,15,54,13
132,7,145,15,D8 Male,8,9,player_vs_player,fists,13.0,D7 Male,108,31,12
132,7,152,11,D6 Male,6,12,gamemaker,arena hazard,,,48,2,11
132,7,160,18,D10 Female,10,10,natural_causes,dehydration,,,68,14,10
132,7,161,20,D11 Female,11,6,player_vs_player,fists,17.0,D9 Male,69,89,9
132,8,185,9,D5 Male,5,7,natural_causes,dehydration,,,67,1,8
132,11,240,3,D2 Male,2,6,player_vs_player,sword,19.0,D10 Male,91,59,7
132,12,269,13,D7 Male,7,7,natural_causes,untreated wound,,,79,42,6
132,12,276,16,D9 Female,9,8,player_vs_player,knife,6.0,D4 Female,44,43,5
132,14,329,17,D9 Male,9,9,natural_causes,dehydration,,,61,68,4
132,14,333,19,D10 Male,10,7,player_vs_player,bow,6.0,D4 Female,64,52,3
132,15,342,6,D4 Female,4,8,player_vs_player,bow,7.0,D4 Male,55,62,2
133,3,48,23,D12 Male,12,6,player_vs_player,fists,17.0,D9 Male,112,97,24
133,3,48,19,D10 Male,10,3,player_vs_player,fists,14.0,D8 Female,12,75,23
133,3,67,18,D10 Female,10,2,player_vs_player,fists,4.0,D3 Female,13,7,22
133,4,72,17,D9 Male,9,6,natural_causes,dehydration,,,103,100,21
133,4,81,15,D8 Male,8,6,player_vs_player,fists,0.0,D1 Female,94,31,20
133,4,90,8,D5 Female,5,5,player_vs_player,knife,22.0,D12 Female,57,109,19
133,5,104,7,D4 Male,4,10,player_vs_player,fists,9.0,D5 Male,36,10,18
133,7,149,3,D2 Male,2,7,player_vs_player,fists,21.0,D11 Male,62,0,17
133,7,150,11,D6 Male,6,5,player_vs_player,knife,22.0,D12 Female,60,68,16
133,7,150,5,D3 Male,3,5,player_vs_player,fists,6.0,D4 Female,78,118,15
133,7,150,9,D5 Male,5,7,player_vs_player,fists,4.0,D3 Female,53,0,14
133,7,166,0,D1 Female,1,6,player_vs_player,spear,16.0,D9 Female,83,27,13
133,8,184,1,D1 Male,1,9,player_vs_player,spear,16.0,D9 Female,90,35,12
133,9,200,20,D11 Female,11,3,player_vs_player,fists,14.0,D8 Female,1,45,11
133,9,210,21,D11 Male,11,7,natural_causes,dehydration,,,39,32,10
133,10,219,10,D6 Female,6,8,player_vs_player,bow,22.0,D12 Female,53,65,9
133,10,223,4,D3 Female,3,10,natural_causes,dehydration,,,39,40,8
133,14,328,2,D2 Female,2,9,player_vs_player,bow,22.0,D12 Female,90,60,7
133,14,330,13,D7 Male,7,3,player_vs_player,sword,6.0,D4 Female,60,89,6
133,16,366,12,D7 Female,7,9,player_vs_player,bow,22.0,D12 Female,76,74,5
133,18,412,22,D12 Female,12,9,player_vs_player,sword,6.0,D4 Female,61,70,4
133,18,412,6,D4 Female,4,5,player_vs_player,bow,22.0,D12 Female,59,70,3
133,18,415,16,D9 Female,9,7,gamemaker,arena hazard,,,60,44,2
134,2,46,15,D8 Male,8,7,player_vs_player,fists,4.0,D3 Female,38,8,24
134,3,71,7,D4 Male,4,6,player_vs_player,fists,10.0,D6 Female,77,0,23
134,4,94,5,D3 Male,3,6,player_vs_player,fists,4.0,D3 Female,60,1,22
134,5,97,9,D5 Male,5,2,player_vs_player,fists,8.0,D5 Female,25,80,21
134,5,100,2,D2 Female,2,5,player_vs_player,fists,23.0,D12 Male,95,92,20
134,5,108,14,D8 Female,8,5,natural_causes,dehydration,,,93,89,19
134,5,112,21,D11 Male,11,5,player_vs_player,fists,8.0,D5 Female,22,86,18
134,6,134,22,D12 Female,12,3,player_vs_player,rock,18.0,D10 Female,1,55,17
134,7,151,19,D10 Male,10,5,player_vs_player,fists,1.0,D1 Male,99,81,16
134,7,159,16,D9 Female,9,9,player_vs_player,spear,17.0,D9 Male,89,36,15
134,9,207,8,D5 Female,5,7,player_vs_player,fists,12.0,D7 Female,30,67,14
134,10,221,1,D1 Male,1,8,player_vs_player,spear,6.0,D4 Female,104,98,13
134,11,253,10,D6 Female,6,9,player_vs_player,fists,13.0,D7 Male,60,28,12
134,11,261,4,D3 Female,3,9,player_vs_player,spear,11.0,D6 Male,95,27,11
134,12,269,12,D7 Female,7,8,player_vs_player,spear,3.0,D2 Male,38,67,10
134,12,276,23,D12 Male,12,6,player_vs_player,spear,6.0,D4 Female,94,75,9
134,12,276,6,D4 Female,4,8,player_vs_player,fists,23.0,D12 Male,96,76,8
134,14,325,17,D9 Male,9,6,player_vs_player,spear,11.0,D6 Male,93,56,7
134,14,327,13,D7 Male,7,6,player_vs_player,knife,20.0,D11 Female,77,32,6
134,16,368,11,D6 Male,6,7,natural_causes,dehydration,,,85,40,5
134,18,409,0,D1 Female,1,1,player_vs_player,spear,20.0,D11 Female,49,65,4
134,18,413,18,D10 Female,10,3,player_vs_player,spear,20.0,D11 Female,45,60,3
134,20,459,3,D2 Male,2,1,player_vs_player,bow,20.0,D11 Female,60,63,2
135,3,52,2,D2 Female,2,7,player_vs_player,fists,13.0,D7 Male,73,26,24
135,3,64,20,D11 Female,11,6,player_vs_player,fists,9.0,D5 Male,80,119,23
135,3,65,6,D4 Female,4,5,player_vs_player,fists,17.0,D9 Male,5,100,22
135,4,72,21,D11 Male,11,6,natural_causes,dehydration,,,75,88,21
135,5,98,0,D1 Female,1,8,player_vs_player,rock,16.0,D9 Female,23,74,20
135,5,108,12,D7 Female,7,7,player_vs_player,fists,3.0,D2 Male,105,15,19
135,5,108,4,D3 Female,3,7,natural_causes,dehydration,,,95,6,18
135,5,114,7,D4 Male,4,8,player_vs_player,knife,13.0,D7 Male,56,15,17
135,5,117,11,D6 Male,6,9,player_vs_player,knife,23.0,D12 Male,76,74,16
135,5,117,1,D1 Male,1,8,player_vs_player,knife,13.0,D7 Male,57,14,15
135,6,127,3,D2 Male,2,7,player_vs_player,fists,15.0,D8 Male,102,20,14
135,7,157,14,D8 Female,8,6,player_vs_player,knife,23.0,D12 Male,108,72,13
135,7,157,17,D9 Male,9,9,player_vs_player,rock,16.0,D9 Female,9,91,12
135,8,180,9,D5 Male,5,9,natural_causes,dehydration,,,87,110,11
135,10,223,5,D3 Male,3,5,player_vs_player,rock,16.0,D9 Female,29,88,10
135,10,238,15,D8 Male,8,10,natural_causes,untreated wound,,,85,35,9
135,12,269,10,D6 Female,6,4,player_vs_player,rock,16.0,D9 Female,44,91,8
135,13,288,23,D12 Male,12,6,player_vs_player,spear,22.0,D12 Female,97,60,7
135,14,314,8,D5 Female,5,9,player_vs_player,spear,22.0,D12 Female,87,57,6
135,14,320,16,D9 Female,9,5,natural_causes,untreated wound,,,47,84,5
135,15,351,19,D10 Male,10,4,natural_causes,dehydration,,,40,52,4
135,16,376,18,D10 Female,10,12,natural_causes,dehydration,,,47,68,3
135,16,381,13,D7 Male,7,11,natural_causes,dehydration,,,49,67,2
136,3,50,10,D6 Female,6,5,player_vs_player,fists,21.0,D11 Male,64,109,24
136,3,67,18,D10 Female,10,10,player_vs_player,fists,17.0,D9 Male,86,75,23
136,4,72,23,D12 Male,12,8,player_vs_player,fists,16.0,D9 Female,96,20,22
136,4,72,21,D11 Male,11,6,natural_causes,dehydration,,,56,111,21
136,4,84,2,D2 Female,2,6,player_vs_player,fists,14.0,D8 Female,119,50,20
136,5,107,9,D5 Male,5,11,player_vs_player,fists,5.0,D3 Male,13,12,19
136,5,114,12,D7 Female,7,9,player_vs_player,knife,13.0,D7 Male,37,100,18
136,5,115,1,D1 Male,1,9,natural_causes,dehydration,,,77,86,17
136,6,126,20,D11 Female,11,3,player_vs_player,rock,3.0,D2 Male,0,29,16
136,6,139,11,D6 Male,6,5,player_vs_player,knife,17.0,D9 Male,66,89,15
136,7,146,6,D4 Female,4,3,player_vs_player,fists,22.0,D12 Female,21,51,14
136,8,181,16,D9 Female,9,8,player_vs_player,knife,8.0,D5 Female,73,30,13
136,9,195,5,D3 Male,3,8,player_vs_player,rock,15.0,D8 Male,23,7,12
136,9,197,0,D1 Female,1,7,player_vs_player,knife,8.0,D5 Female,86,19,11
136,10,239,4,D3 Female,3,10,natural_causes,dehydration,,,70,4,10
136,11,245,15,D8 Male,8,8,natural_causes,dehydration,,,41,6,9
136,13,289,7,D4 Male,4,10,player_vs_player,knife,8.0,D5 Female,72,21,8
136,15,348,3,D2 Male,2,8,player_vs_player,spear,19.0,D10 Male,32,60,7
136,16,369,14,D8 Female,8,6,natural_causes,dehydration,,,95,60,6
136,19,438,8,D5 Female,5,10,natural_causes,dehydration,,,59,43,5
136,19,440,13,D7 Male,7,5,player_vs_player,spear,19.0,D10 Male,58,54,4
136,19,452,22,D12 Female,12,5,natural_causes,dehydration,,,55,59,3
136,19,454,19,D10 Male,10,3,natural_causes,dehydration,,,58,54,2
137,2,38,3,D2 Male,2,7,player_vs_player,fists,4.0,D3 Female,36,1,24
137,3,56,23,D12 Male,12,4,player_vs_player,fists,12.0,D7 Female,35,94,23
137,3,57,22,D12 Female,12,8,player_vs_player,fists,4.0,D3 Female,42,0,22
137,3,58,20,D11 Female,11,1,player_vs_player,fists,14.0,D8 Female,23,13,21
137,3,58,18,D10 Female,10,5,player_vs_player,fists,13.0,D7 Male,67,98,20
137,3,67,12,D7 Female,7,4,player_vs_player,fists,5.0,D3 Male,39,93,19
137,3,70,10,D6 Female,6,9,player_vs_player,fists,7.0,D4 Male,90,119,18
137,4,72,0,D1 Female,1,10,natural_causes,dehydration,,,116,13,17
137,4,75,11,D6 Male,6,3,player_vs_player,fists,19.0,D10 Male,0,88,16
137,4,85,1,D1 Male,1,4,player_vs_player,fists,13.0,D7 Male,90,101,15
137,4,89,6,D4 Female,4,5,natural_causes,untreated wound,,,114,63,14
137,5,104,5,D3 Male,3,3,player_vs_player,fists,15.0,D8 Male,43,94,13
137,5,105,13,D7 Male,7,9,natural_causes,dehydration,,,73,99,12
137,7,164,21,D11 Male,11,6,player_vs_player,fists,8.0,D5 Female,102,29,11
137,10,229,19,D10 Male,10,8,natural_causes,dehydration,,,13,55,10
137,11,260,9,D5 Male,5,10,gamemaker,arena hazard,,,104,60,9
137,12,265,16,D9 Female,9,3,player_vs_player,rock,14.0,D8 Female,46,94,8
137,13,310,7,D4 Male,4,5,player_vs_player,rock,14.0,D8 Female,62,82,7
137,14,313,15,D8 Male,8,8,player_vs_player,bow,17.0,D9 Male,41,67,6
137,15,338,2,D2 Female,2,6,player_vs_player,bow,8.0,D5 Female,55,60,5
137,16,366,4,D3 Female,3,11,player_vs_player,bow,8.0,D5 Female,60,51,4
137,17,385,8,D5 Female,5,6,player_vs_player,bow,17.0,D9 Male,60,58,3
137,17,388,17,D9 Male,9,7,player_vs_player,rock,14.0,D8 Female,58,60,2
138,2,41,23,D12 Male,12,4,player_vs_player,fists,6.0,D4 Female,3,73,24
138,3,48,1,D1 Male,1,4,player_vs_player,fists,22.0,D12 Female,81,113,23
138,3,57,12,D7 Female,7,5,player_vs_player,fists,16.0,D9 Female,99,75,22
138,3,66,2,D2 Female,2,4,player_vs_player,fists,21.0,D11 Male,34,119,21
138,3,71,0,D1 Female,1,6,player_vs_player,fists,11.0,D6 Male,38,22,20
138,4,72,4,D3 Female,3,5,natural_causes,dehydration,,,111,29,19
138,4,72,17,D9 Male,9,10,natural_causes,dehydration,,,110,31,18
138,4,78,6,D4 Female,4,7,player_vs_player,fists,19.0,D10 Male,0,63,17
138,5,98,16,D9 Female,9,5,player_vs_player,fists,18.0,D10 Female,83,76,16
138,6,132,9,D5 Male,5,1,player_vs_player,fists,20.0,D11 Female,20,58,15
138,8,178,8,D5 Female,5,8,player_vs_player,knife,10.0,D6 Female,42,90,14
138,9,195,19,D10 Male,10,4,natural_causes,dehydration,,,19,56,13
138,9,203,3,D2 Male,2,5,player_vs_player,knife,5.0,D3 Male,76,18,12
138,10,232,14,D8 Female,8,6,natural_causes,untreated wound,,,64,34,11
138,12,265,7,D4 Male,4,10,player_vs_player,knife,5.0,D3 Male,39,30,10
138,14,318,5,D3 Male,3,5,player_vs_player,spear,18.0,D10 Female,58,39,9
138,15,351,13,D7 Male,7,3,player_vs_player,knife,11.0,D6 Male,40,62,8
138,15,357,22,D12 Female,12,5,player_vs_player,sword,15.0,D8 Male,66,74,7
138,16,360,21,D11 Male,11,9,player_vs_player,sword,15.0,D8 Male,63,74,6
138,17,386,10,D6 Female,6,4,player_vs_player,spear,20.0,D11 Female,57,66,5
138,17,391,15,D8 Male,8,9,player_vs_player,spear,20.0,D11 Female,60,68,4
138,17,400,11,D6 Male,6,7,gamemaker,arena hazard,,,48,61,3
138,19,438,18,D10 Female,10,10,player_vs_player,bow,20.0,D11 Female,60,57,2
139,3,50,9,D5 Male,5,5,player_vs_player,fists,18.0,D10 Female,105,74,24
139,3,53,21,D11 Male,11,5,player_vs_player,fists,6.0,D4 Female,108,111,23
139,3,62,14,D8 Female,8,8,player_vs_player,fists,23.0,D12 Male,13,100,22
139,3,70,20,D11 Female,11,3,player_vs_player,fists,19.0,D10 Male,32,65,21
139,4,72,8,D5 Female,5,1,natural_causes,dehydration,,,5,41,20
139,4,89,6,D4 Female,4,4,natural_causes,untreated wound,,,98,101,19
139,5,102,2,D2 Female,2,5,player_vs_player,fists,22.0,D12 Female,117,12,18
139,5,114,15,D8 Male,8,2,player_vs_player,fists,0.0,D1 Female,0,70,17
139,6,135,12,D7 Female,7,7,player_vs_player,fists,16.0,D9 Female,69,11,16
139,6,135,7,D4 Male,4,4,natural_causes,dehydration,,,35,115,15
139,6,141,4,D3 Female,3,8,natural_causes,dehydration,,,97,89,14
139,7,149,1,D1 Male,1,3,player_vs_player,fists,0.0,D1 Female,14,54,13
139,7,151,3,D2 Male,2,7,player_vs_player,fists,10.0,D6 Female,34,48,12
139,7,165,23,D12 Male,12,4,player_vs_player,spear,19.0,D10 Male,29,81,11
139,8,188,13,D7 Male,7,6,player_vs_player,fists,22.0,D12 Female,99,31,10
139,9,195,16,D9 Female,9,7,player_vs_player,spear,11.0,D6 Male,72,4,9
139,12,275,18,D10 Female,10,5,player_vs_player,spear,5.0,D3 Male,97,90,8
139,12,277,22,D12 Female,12,9,player_vs_player,bow,17.0,D9 Male,66,48,7
139,16,365,11,D6 Male,6,9,player_vs_player,bow,17.0,D9 Male,63,37,6
139,18,422,10,D6 Female,6,7,player_vs_player,bow,17.0,D9 Male,55,57,5
139,18,424,19,D10 Male,10,8,player_vs_player,bow,17.0,D9 Male,54,59,4
139,18,425,0,D1 Female,1,10,player_vs_player,spear,5.0,D3 Male,63,67,3
139,18,425,5,D3 Male,3,8,player_vs_player,bow,0.0,D1 Female,65,65,2
140,3,54,7,D4 Male,4,3,player_vs_player,fists,8.0,D5 Female,1,57,24
140,3,55,21,D11 Male,11,2,player_vs_player,fists,11.0,D6 Male,3,16,23
140,3,61,5,D3 Male,3,11,player_vs_player,fists,18.0,D10 Female,11,4,22
140,3,64,12,D7 Female,7,9,player_vs_player,fists,16.0,D9 Female,93,4,21
140,4,72,11,D6 Male,6,2,natural_causes,dehydration,,,5,8,20
140,4,72,18,D10 Female,10,7,natural_causes,dehydration,,,13,0,19
140,4,87,1,D1 Male,1,5,player_vs_player,fists,22.0,D12 Female,119,83,18
140,5,99,13,D7 Male,7,6,natural_causes,dehydration,,,105,7,17
140,5,100,14,D8 Female,8,4,player_vs_player,fists,23.0,D12 Male,35,78,16
140,5,104,6,D4 Female,4,5,player_vs_player,fists,17.0,D9 Male,78,61,15
140,5,115,16,D9 Female,9,6,natural_causes,dehydration,,,108,0,14
140,5,119,23,D12 Male,12,8,player_vs_player,fists,15.0,D8 Male,44,69,13
140,6,128,20,D11 Female,11,7,natural_causes,dehydration,,,36,24,12
140,6,140,0,D1 Female,1,8,player_vs_player,fists,19.0,D10 Male,91,61,11
140,6,141,10,D6 Female,6,9,natural_causes,dehydration,,,35,24,10
140,7,150,8,D5 Female,5,7,player_vs_player,knife,3.0,D2 Male,33,53,9
140,8,179,19,D10 Male,10,6,player_vs_player,fists,4.0,D3 Female,87,55,8
140,11,249,9,D5 Male,5,6,natural_causes,dehydration,,,60,13,7
140,12,264,2,D2 Female,2,8,gamemaker,arena hazard,,,98,32,6
140,13,289,3,D2 Male,2,4,gamemaker,arena hazard,,,14,51,5
140,15,347,17,D9 Male,9,9,natural_causes,dehydration,,,77,48,4
140,16,372,4,D3 Female,3,5,player_vs_player,rock,22.0,D12 Female,59,60,3
140,17,407,22,D12 Female,12,6,player_vs_player,bow,15.0,D8 Male,63,59,2
141,2,41,5,D3 Male,3,7,player_vs_player,fists,7.0,D4 Male,108,3,24
141,2,44,13,D7 Male,7,5,player_vs_player,fists,23.0,D12 Male,27,117,23
141,3,65,12,D7 Female,7,6,player_vs_player,rock,14.0,D8 Female,109,77,22
141,3,67,2,D2 Female,2,7,player_vs_player,fists,3.0,D2 Male,33,11,21
141,3,68,7,D4 Male,4,7,player_vs_player,fists,10.0,D6 Female,101,0,20
141,3,70,22,D12 Female,12,3,player_vs_player,fists,11.0,D6 Male,7,36,19
141,3,71,4,D3 Female,3,8,player_vs_player,fists,16.0,D9 Female,110,104,18
141,4,72,20,D11 Female,11,3,player_vs_player,fists,17.0,D9 Male,19,70,17
141,4,72,9,D5 Male,5,8,natural_causes,dehydration,,,0,84,16
141,4,72,19,D10 Male,10,3,natural_causes,dehydration,,,0,83,15
141,4,81,3,D2 Male,2,7,player_vs_player,fists,1.0,D1 Male,33,18,14
141,5,107,6,D4 Female,4,6,player_vs_player,rock,14.0,D8 Female,117,59,13
141,6,122,1,D1 Male,1,12,player_vs_player,fists,0.0,D1 Female,62,0,12
141,8,187,10,D6 Female,6,10,natural_causes,dehydration,,,91,30,11
141,9,195,16,D9 Female,9,6,natural_causes,untreated wound,,,92,83,10
141,11,242,23,D12 Male,12,5,player_vs_player,spear,17.0,D9 Male,23,60,9
141,11,261,21,D11 Male,11,7,player_vs_player,rock,14.0,D8 Female,75,60,8
141,13,290,14,D8 Female,8,9,player_vs_player,spear,15.0,D8 Male,63,52,7
141,14,314,11,D6 Male,6,2,player_vs_player,knife,0.0,D1 Female,41,45,6
141,16,375,15,D8 Male,8,7,player_vs_player,spear,0.0,D1 Female,68,55,5
141,16,383,17,D9 Male,9,8,natural_causes,dehydration,,,51,46,4
141,17,400,8,D5 Female,5,8,player_vs_player,sword,0.0,D1 Female,55,63,3
141,17,402,18,D10 Female,10,6,natural_causes,dehydration,,,76,60,2
142,2,33,12,D7 Female,7,3,player_vs_player,fists,14.0,D8 Female,0,72,24
142,2,46,20,D11 Female,11,7,player_vs_player,fists,23.0,D12 Male,106,3,23
142,3,48,3,D2 Male,2,4,player_vs_player,fists,22.0,D12 Female,81,105,22
142,4,76,1,D1 Male,1,8,player_vs_player,rock,0.0,D1 Female,66,96,21
142,5,111,15,D8 Male,8,6,player_vs_player,fists,18.0,D10 Female,116,71,20
142,5,111,5,D3 Male,3,6,player_vs_player,fists,16.0,D9 Female,96,56,19
142,6,131,6,D4 Female,4,2,natural_causes,dehydration,,,15,27,18
142,6,133,17,D9 Male,9,8,player_vs_player,rock,8.0,D5 Female,53,17,17
142,7,144,21,D11 Male,11,2,natural_causes,dehydration,,,34,28,16
142,7,146,13,D7 Male,7,12,natural_causes,dehydration,,,33,27,15
142,7,155,4,D3 Female,3,3,player_vs_player,fists,9.0,D5 Male,17,94,14
142,7,155,2,D2 Female,2,9,natural_causes,untreated wound,,,90,56,13
142,7,160,19,D10 Male,10,11,player_vs_player,fists,23.0,D12 Male,85,31,12
142,8,168,16,D9 Female,9,9,natural_causes,untreated wound,,,83,58,11
142,8,173,22,D12 Female,12,5,player_vs_player,rock,0.0,D1 Female,59,118,10
142,8,191,9,D5 Male,5,8,gamemaker,arena hazard,,,11,93,9
142,9,193,11,D6 Male,6,6,player_vs_player,spear,7.0,D4 Male,90,72,8
142,11,260,10,D6 Female,6,6,player_vs_player,spear,23.0,D12 Male,76,46,7
142,12,265,7,D4 Male,4,3,player_vs_player,spear,23.0,D12 Male,73,51,6
142,15,359,18,D10 Female,10,9,player_vs_player,spear,23.0,D12 Male,64,66,5
142,16,366,14,D8 Female,8,8,player_vs_player,sword,8.0,D5 Female,59,55,4
142,16,376,8,D5 Female,5,7,player_vs_player,bow,0.0,D1 Female,56,49,3
142,18,414,23,D12 Male,12,7,natural_causes,untreated wound,,,56,63,2
143,3,58,8,D5 Female,5,9,player_vs_player,fists,7.0,D4 Male,113,99,24
143,3,65,9,D5 Male,5,4,player_vs_player,fists,16.0,D9 Female,46,98,23
143,4,72,13,D7 Male,7,10,natural_causes,dehydration,,,115,17,22
143,4,74,15,D8 Male,8,3,player_vs_player,fists,22.0,D12 Female,1,85,21
143,5,96,7,D4 Male,4,5,natural_causes,untreated wound,,,107,83,20
143,5,103,5,D3 Male,3,6,player_vs_player,fists,21.0,D11 Male,119,37,19
143,5,108,1,D1 Male,1,5,natural_causes,dehydration,,,94,75,18
143,5,111,6,D4 Female,4,2,player_vs_player,fists,14.0,D8 Female,8,20,17
143,7,156,12,D7 Female,7,12,player_vs_player,spear,17.0,D9 Male,48,0,16
143,7,159,2,D2 Female,2,11,player_vs_player,spear,23.0,D12 Male,44,42,15
143,7,163,23,D12 Male,12,3,player_vs_player,fists,18.0,D10 Female,43,43,14
143,9,198,22,D12 Female,12,3,natural_causes,untreated wound,,,5,65,13
143,11,242,10,D6 Female,6,5,player_vs_player,knife,19.0,D10 Male,91,87,12
143,11,249,21,D11 Male,11,6,natural_causes,dehydration,,,106,60,11
143,11,251,14,D8 Female,8,8,player_vs_player,spear,11.0,D6 Male,22,44,10
143,11,253,0,D1 Female,1,8,natural_causes,dehydration,,,22,49,9
143,11,254,18,D10 Female,10,7,player_vs_player,spear,17.0,D9 Male,57,33,8
143,12,264,17,D9 Male,9,8,player_vs_player,knife,16.0,D9 Female,62,35,7
143,13,289,4,D3 Female,3,6,player_vs_player,knife,16.0,D9 Female,59,47,6
143,14,319,20,D11 Female,11,7,natural_causes,untreated wound,,,65,31,5
143,15,348,19,D10 Male,10,5,gamemaker,arena hazard,,,83,60,4
143,16,376,16,D9 Female,9,9,player_vs_player,sword,3.0,D2 Male,57,54,3
143,17,391,3,D2 Male,2,9,player_vs_player,bow,11.0,D6 Male,60,60,2
144,2,36,17,D9 Male,9,5,player_vs_player,fists,16.0,D9 Female,88,108,24
144,3,55,10,D6 Female,6,5,player_vs_player,fists,23.0,D12 Male,119,41,23
144,4,72,18,D10 Female,10,11,natural_causes,dehydration,,,77,3,22
144,4,74,13,D7 Male,7,4,player_vs_player,fists,14.0,D8 Female,16,75,21
144,4,76,2,D2 Female,2,5,player_vs_player,fists,1.0,D1 Male,73,0,20
144,4,76,12,D7 Female,7,2,player_vs_player,fists,21.0,D11 Male,2,8,19
144,4,84,20,D11 Female,11,7,player_vs_player,fists,7.0,D4 Male,53,28,18
144,5,97,4,D3 Female,3,4,player_vs_player,fists,14.0,D8 Female,18,86,17
144,5,97,14,D8 Female,8,7,player_vs_player,fists,4.0,D3 Female,18,86,16
144,5,108,7,D4 Male,4,12,player_vs_player,rock,22.0,D12 Female,51,23,15
144,5,108,11,D6 Male,6,5,natural_causes,dehydration,,,111,52,14
144,5,108,23,D12 Male,12,9,natural_causes,dehydration,,,111,49,13
144,5,114,5,D3 Male,3,7,player_vs_player,fists,8.0,D5 Female,100,119,12
144,5,115,0,D1 Female,1,10,natural_causes,dehydration,,,94,21,11
144,6,124,19,D10 Male,10,5,player_vs_player,rock,3.0,D2 Male,40,91,10
144,7,149,6,D4 Female,4,7,player_vs_player,rock,3.0,D2 Male,34,79,9
144,9,204,1,D1 Male,1,6,natural_causes,dehydration,,,69,5,8
144,12,277,22,D12 Female,12,7,player_vs_player,spear,9.0,D5 Male,60,31,7
144,12,279,3,D2 Male,2,4,natural_causes,dehydration,,,31,53,6
144,13,295,15,D8 Male,8,5,player_vs_player,spear,16.0,D9 Female,93,73,5
144,14,323,16,D9 Female,9,5,gamemaker,arena hazard,,,92,73,4
144,16,377,8,D5 Female,5,8,natural_causes,dehydration,,,68,69,3
144,17,385,21,D11 Male,11,4,player_vs_player,spear,9.0,D5 Male,49,65,2
145,2,38,17,D9 Male,9,3,player_vs_player,fists,8.0,D5 Female,10,82,24
145,4,73,12,D7 Female,7,7,player_vs_player,fists,16.0,D9 Female,95,51,23
145,5,102,21,D11 Male,11,2,player_vs_player,fists,2.0,D2 Female,11,34,22
145,5,102,20,D11 Female,11,7,player_vs_player,fists,22.0,D12 Female,78,80,21
145,5,108,8,D5 Female,5,9,natural_causes,dehydration,,,2,59,20
145,5,112,22,D12 Female,12,10,player_vs_player,knife,0.0,D1 Female,85,85,19
145,5,117,1,D1 Male,1,5,player_vs_player,fists,3.0,D2 Male,60,113,18
145,5,118,9,D5 Male,5,9,player_vs_player,spear,5.0,D3 Male,53,24,17
145,6,122,19,D10 Male,10,6,natural_causes,dehydration,,,78,75,16
145,6,140,23,D12 Male,12,3,player_vs_player,fists,2.0,D2 Female,6,39,15
145,7,163,10,D6 Female,6,8,player_vs_player,fists,18.0,D10 Female,71,22,14
145,9,193,7,D4 Male,4,7,player_vs_player,knife,15.0,D8 Male,88,28,13
145,9,202,18,D10 Female,10,8,player_vs_player,knife,11.0,D6 Male,84,22,12
145,9,206,14,D8 Female,8,5,player_vs_player,fists,4.0,D3 Female,21,80,11
145,10,216,2,D2 Female,2,11,natural_causes,dehydration,,,13,46,10
145,10,220,3,D2 Male,2,5,player_vs_player,spear,0.0,D1 Female,57,73,9
145,11,255,6,D4 Female,4,10,natural_causes,dehydration,,,24,35,8
145,12,272,15,D8 Male,8,7,player_vs_player,spear,16.0,D9 Female,89,34,7
145,14,315,4,D3 Female,3,9,player_vs_player,bow,0.0,D1 Female,30,60,6
145,14,319,16,D9 Female,9,10,player_vs_player,spear,13.0,D7 Male,82,58,5
145,15,338,11,D6 Male,6,10,natural_causes,dehydration,,,81,43,4
145,15,352,13,D7 Male,7,7,natural_causes,dehydration,,,91,60,3
145,18,417,5,D3 Male,3,8,player_vs_player,bow,0.0,D1 Female,60,55,2
146,3,51,15,D8 Male,8,8,player_vs_player,fists,10.0,D6 Female,1,71,24
146,3,54,7,D4 Male,4,4,player_vs_player,fists,20.0,D11 Female,24,102,23
146,3,56,9,D5 Male,5,9,player_vs_player,fists,18.0,D10 Female,119,61,22
146,3,64,10,D6 Female,6,4,player_vs_player,fists,11.0,D6 Male,2,73,21
146,3,64,11,D6 Male,6,4,player_vs_player,fists,10.0,D6 Female,2,72,20
146,3,70,6,D4 Female,4,5,player_vs_player,fists,5.0,D3 Male,96,97,19
146,4,82,8,D5 Female,5,7,player_vs_player,fists,3.0,D2 Male,64,29,18
146,5,102,14,D8 Female,8,8,player_vs_player,fists,20.0,D11 Female,12,76,17
146,5,104,3,D2 Male,2,7,natural_causes,untreated wound,,,66,22,16
146,5,115,17,D9 Male,9,5,player_vs_player,fists,5.0,D3 Male,116,112,15
146,6,142,1,D1 Male,1,3,player_vs_player,fists,23.0,D12 Male,24,67,14
146,7,164,16,D9 Female,9,4,player_vs_player,fists,20.0,D11 Female,22,58,13
146,8,174,20,D11 Female,11,5,natural_causes,untreated wound,,,22,60,12
146,9,198,13,D7 Male,7,7,player_vs_player,fists,18.0,D10 Female,101,52,11
146,12,268,5,D3 Male,3,8,player_vs_player,spear,19.0,D10 Male,94,83,10
146,12,273,4,D3 Female,3,9,natural_causes,dehydration,,,85,33,9
146,14,327,18,D10 Female,10,7,player_vs_player,bow,23.0,D12 Male,82,60,8
146,15,341,0,D1 Female,1,9,natural_causes,dehydration,,,60,24,7
146,16,362,19,D10 Male,10,5,player_vs_player,bow,23.0,D12 Male,93,74,6
146,18,431,21,D11 Male,11,8,player_vs_player,spear,12.0,D7 Female,48,60,5
146,20,465,12,D7 Female,7,8,player_vs_player,spear,2.0,D2 Female,54,58,4
146,20,465,23,D12 Male,12,10,player_vs_player,spear,2.0,D2 Female,58,54,3
146,20,478,2,D2 Female,2,7,natural_causes,untreated wound,,,57,58,2
147,2,40,16,D9 Female,9,5,player_vs_player,fists,21.0,D11 Male,81,111,24
147,3,59,15,D8 Male,8,10,player_vs_player,fists,20.0,D11 Female,111,46,23
147,3,60,5,D3 Male,3,7,player_vs_player,fists,23.0,D12 Male,14,62,22
147,3,62,9,D5 Male,5,7,player_vs_player,fists,2.0,D2 Female,24,28,21
147,4,76,21,D11 Male,11,8,natural_causes,untreated wound,,,76,111,20
147,4,91,13,D7 Male,7,6,player_vs_player,fists,19.0,D10 Male,87,33,19
147,5,108,23,D12 Male,12,4,natural_causes,dehydration,,,14,46,18
147,6,126,8,D5 Female,5,5,player_vs_player,spear,6.0,D4 Female,99,63,17
147,6,141,12,D7 Female,7,7,player_vs_player,rock,2.0,D2 Female,28,5,16
147,7,153,4,D3 Female,3,4,player_vs_player,rock,0.0,D1 Female,40,46,15
147,7,161,18,D10 Female,10,9,player_vs_player,knife,10.0,D6 Female,79,97,14
147,9,195,11,D6 Male,6,10,player_vs_player,rock,2.0,D2 Female,49,16,13
147,9,207,0,D1 Female,1,3,player_vs_player,rock,2.0,D2 Female,56,17,12
147,9,213,19,D10 Male,10,7,natural_causes,untreated wound,,,73,23,11
147,10,217,1,D1 Male,1,4,natural_causes,untreated wound,,,68,105,10
147,12,272,3,D2 Male,2,7,player_vs_player,rock,2.0,D2 Female,29,22,9
147,12,272,2,D2 Female,2,11,player_vs_player,spear,3.0,D2 Male,28,23,8
147,13,298,6,D4 Female,4,5,player_vs_player,spear,10.0,D6 Female,107,73,7
147,16,361,17,D9 Male,9,6,player_vs_player,bow,20.0,D11 Female,60,37,6
147,17,397,7,D4 Male,4,2,player_vs_player,bow,20.0,D11 Female,51,44,5
147,17,404,22,D12 Female,12,5,gamemaker,arena hazard,,,60,83,4
147,18,420,14,D8 Female,8,10,player_vs_player,bow,20.0,D11 Female,61,49,3
147,19,440,20,D11 Female,11,6,player_vs_player,spear,10.0,D6 Female,74,62,2
148,2,28,7,D4 Male,4,10,player_vs_player,fists,13.0,D7 Male,52,3,24
148,2,42,8,D5 Female,5,5,player_vs_player,fists,20.0,D11 Female,83,113,23
148,2,43,1,D1 Male,1,6,player_vs_player,fists,2.0,D2 Female,111,62,22
148,3,48,15,D8 Male,8,10,player_vs_player,fists,5.0,D3 Male,119,19,21
148,4,72,0,D1 Female,1,8,natural_causes,dehydration,,,8,26,20
148,4,72,16,D9 Female,9,6,natural_causes,dehydration,,,91,112,19
148,4,76,21,D11 Male,11,4,player_vs_player,fists,22.0,D12 Female,15,104,18
148,4,81,10,D6 Female,6,6,player_vs_player,fists,14.0,D8 Female,117,88,17
148,5,97,2,D2 Female,2,9,player_vs_player,rock,9.0,D5 Male,114,37,16
148,7,154,11,D6 Male,6,11,player_vs_player,spear,17.0,D9 Male,37,34,15
148,7,154,13,D7 Male,7,8,player_vs_player,knife,3.0,D2 Male,58,21,14
148,7,160,4,D3 Female,3,3,player_vs_player,spear,17.0,D9 Male,36,38,13
148,7,160,23,D12 Male,12,7,natural_causes,dehydration,,,110,48,12
148,7,162,9,D5 Male,5,6,player_vs_player,fists,5.0,D3 Male,109,59,11
148,8,171,6,D4 Female,4,3,player_vs_player,spear,17.0,D9 Male,30,43,10
148,8,177,20,D11 Female,11,9,natural_causes,dehydration,,,59,104,9
148,8,180,14,D8 Female,8,9,natural_causes,dehydration,,,105,52,8
148,8,186,19,D10 Male,10,8,player_vs_player,knife,3.0,D2 Male,74,36,7
148,10,217,22,D12 Female,12,9,player_vs_player,sword,18.0,D10 Female,23,82,6
148,13,291,17,D9 Male,9,2,natural_causes,dehydration,,,36,53,5
148,14,321,12,D7 Female,7,4,player_vs_player,sword,18.0,D10 Female,64,75,4
148,16,371,5,D3 Male,3,7,player_vs_player,spear,3.0,D2 Male,61,60,3
148,16,373,18,D10 Female,10,4,player_vs_player,bow,3.0,D2 Male,61,64,2
149,3,71,8,D5 Female,5,3,player_vs_player,fists,22.0,D12 Female,28,87,24
149,4,72,1,D1 Male,1,10,natural_causes,dehydration,,,22,3,23
149,4,72,2,D2 Female,2,6,natural_causes,dehydration,,,119,84,22
149,4,72,3,D2 Male,2,5,natural_causes,dehydration,,,119,84,21
149,4,72,9,D5 Male,5,8,natural_causes,dehydration,,,15,96,20
149,4,72,10,D6 Female,6,1,natural_causes,dehydration,,,2,35,19
149,4,75,6,D4 Female,4,9,player_vs_player,fists,20.0,D11 Female,111,24,18
149,4,79,0,D1 Female,1,8,player_vs_player,fists,5.0,D3 Male,95,107,17
149,4,80,22,D12 Female,12,5,player_vs_player,fists,16.0,D9 Female,29,83,16
149,4,92,5,D3 Male,3,5,player_vs_player,fists,7.0,D4 Male,93,115,15
149,4,93,14,D8 Female,8,7,player_vs_player,fists,11.0,D6 Male,65,0,14
149,6,127,17,D9 Male,9,2,player_vs_player,fists,15.0,D8 Male,49,64,13
149,7,144,18,D10 Female,10,7,player_vs_player,fists,11.0,D6 Male,91,21,12
149,10,219,4,D3 Female,3,8,player_vs_player,knife,16.0,D9 Female,67,91,11
149,10,229,21,D11 Male,11,8,player_vs_player,sword,12.0,D7 Female,56,26,10
149,10,234,13,D7 Male,7,9,gamemaker,arena hazard,,,100,60,9
149,10,239,15,D8 Male,8,8,player_vs_player,knife,23.0,D12 Male,78,40,8
149,11,263,20,D11 Female,11,7,natural_causes,dehydration,,,94,44,7
149,13,305,16,D9 Female,9,5,natural_causes,untreated wound,,,60,74,6
149,13,310,23,D12 Male,12,7,player_vs_player,knife,11.0,D6 Male,75,64,5
149,14,322,11,D6 Male,6,10,player_vs_player,spear,7.0,D4 Male,72,58,4
149,16,364,19,D10 Male,10,2,player_vs_player,sword,7.0,D4 Male,52,60,3
149,17,396,12,D7 Female,7,7,player_vs_player,sword,7.0,D4 Male,60,55,2
150,3,53,21,D11 Male,11,5,player_vs_player,fists,9.0,D5 Male,60,118,24
150,4,80,16,D9 Female,9,7,natural_causes,dehydration,,,76,31,23
150,4,89,9,D5 Male,5,8,natural_causes,untreated wound,,,41,116,22
150,5,99,3,D2 Male,2,2,player_vs_player,fists,10.0,D6 Female,31,57,21
150,5,108,15,D8 Male,8,7,gamemaker,arena hazard,,,98,4,20
150,6,132,12,D7 Female,7,6,natural_causes,untreated wound,,,101,36,19
150,6,132,20,D11 Female,11,9,natural_causes,untreated wound,,,79,25,18
150,6,135,10,D6 Female,6,4,natural_causes,untreated wound,,,33,60,17
150,7,150,0,D1 Female,1,1,player_vs_player,rock,23.0,D12 Male,28,19,16
150,7,167,7,D4 Male,4,6,player_vs_player,rock,5.0,D3 Male,105,64,15
150,8,173,6,D4 Female,4,11,player_vs_player,knife,11.0,D6 Male,42,11,14
150,8,180,17,D9 Male,9,8,player_vs_player,knife,4.0,D3 Female,9,74,13
150,8,181,14,D8 Female,8,9,player_vs_player,rock,1.0,D1 Male,74,10,12
150,9,194,18,D10 Female,10,6,player_vs_player,bow,2.0,D2 Female,77,49,11
150,10,231,5,D3 Male,3,8,player_vs_player,rock,22.0,D12 Female,102,77,10
150,13,303,22,D12 Female,12,7,player_vs_player,knife,8.0,D5 Female,81,60,9
150,13,307,1,D1 Male,1,7,player_vs_player,spear,11.0,D6 Male,62,50,8
150,13,310,13,D7 Male,7,1,gamemaker,arena hazard,,,32,60,7
150,14,325,2,D2 Female,2,5,player_vs_player,spear,8.0,D5 Female,73,43,6
150,16,376,4,D3 Female,3,4,player_vs_player,spear,19.0,D10 Male,54,69,5
150,16,381,23,D12 Male,12,8,player_vs_player,spear,8.0,D5 Female,66,56,4
150,18,415,19,D10 Male,10,5,natural_causes,untreated wound,,,60,65,3
150,18,429,11,D6 Male,6,7,player_vs_player,bow,8.0,D5 Female,59,61,2
151,2,36,10,D6 Female,6,2,player_vs_player,fists,0.0,D1 Female,4,81,24
151,2,39,2,D2 Female,2,6,player_vs_player,fists,4.0,D3 Female,43,15,23
151,2,47,0,D1 Female,1,6,player_vs_player,fists,22.0,D12 Female,0,85,22
151,3,66,4,D3 Female,3,11,player_vs_player,fists,1.0,D1 Male,53,12,21
151,4,74,8,D5 Female,5,7,player_vs_player,fists,6.0,D4 Female,119,67,20
151,4,83,17,D9 Male,9,7,player_vs_player,fists,15.0,D8 Male,74,115,19
151,5,98,20,D11 Female,11,2,player_vs_player,fists,18.0,D10 Female,29,25,18
151,6,126,6,D4 Female,4,5,natural_causes,dehydration,,,106,54,17
151,6,137,5,D3 Male,3,5,natural_causes,dehydration,,,93,35,16
151,7,149,9,D5 Male,5,6,player_vs_player,fists,1.0,D1 Male,65,24,15
151,8,168,23,D12 Male,12,6,player_vs_player,fists,1.0,D1 Male,78,22,14
151,8,183,16,D9 Female,9,5,player_vs_player,fists,14.0,D8 Female,85,86,13
151,8,187,12,D7 Female,7,2,player_vs_player,fists,22.0,D12 Female,17,53,12
151,8,190,15,D8 Male,8,4,player_vs_player,fists,14.0,D8 Female,83,91,11
151,9,212,3,D2 Male,2,5,player_vs_player,fists,13.0,D7 Male,89,37,10
151,11,253,1,D1 Male,1,6,player_vs_player,spear,13.0,D7 Male,60,33,9
151,11,254,7,D4 Male,4,3,player_vs_player,spear,13.0,D7 Male,60,36,8
151,11,257,14,D8 Female,8,7,player_vs_player,rock,19.0,D10 Male,111,67,7
151,14,333,19,D10 Male,10,3,natural_causes,dehydration,,,98,58,6
151,15,339,11,D6 Male,6,5,natural_causes,dehydration,,,97,60,5
151,17,395,22,D12 Female,12,3,player_vs_player,spear,21.0,D11 Male,50,80,4
151,18,428,21,D11 Male,11,7,natural_causes,dehydration,,,56,79,3
151,19,434,18,D10 Female,10,12,player_vs_player,bow,13.0,D7 Male,60,47,2
152,2,31,21,D11 Male,11,7,player_vs_player,fists,9.0,D5 Male,70,5,24
152,2,43,17,D9 Male,9,7,player_vs_player,fists,13.0,D7 Male,52,3,23
152,3,62,15,D8 Male,8,4,player_vs_player,fists,16.0,D9 Female,21,87,22
152,3,63,1,D1 Male,1,7,player_vs_player,fists,2.0,D2 Female,48,100,21
152,3,67,8,D5 Female,5,2,player_vs_player,fists,7.0,D4 Male,0,21,20
152,4,76,11,D6 Male,6,6,player_vs_player,fists,12.0,D7 Female,95,48,19
152,4,77,22,D12 Female,12,4,player_vs_player,fists,16.0,D9 Female,28,89,18
152,4,78,6,D4 Female,4,6,player_vs_player,fists,10.0,D6 Female,87,38,17
152,4,82,7,D4 Male,4,7,player_vs_player,fists,14.0,D8 Female,6,25,16
152,5,99,5,D3 Male,3,8,natural_causes,untreated wound,,,68,93,15
152,5,104,18,D10 Female,10,6,player_vs_player,rock,12.0,D7 Female,99,65,14
152,5,116,0,D1 Female,1,5,player_vs_player,rock,12.0,D7 Female,104,72,13
152,7,145,4,D3 Female,3,5,natural_causes,untreated wound,,,72,85,12
152,10,237,2,D2 Female,2,4,player_vs_player,sword,20.0,D11 Female,57,95,11
152,12,264,23,D12 Male,12,7,gamemaker,arena hazard,,,80,24,10
152,12,283,16,D9 Female,9,4,natural_causes,dehydration,,,54,29,9
152,13,296,10,D6 Female,6,9,player_vs_player,spear,9.0,D5 Male,60,39,8
152,15,345,14,D8 Female,8,11,player_vs_player,bow,12.0,D7 Female,49,56,7
152,15,348,19,D10 Male,10,1,gamemaker,arena hazard,,,81,58,6
152,16,372,13,D7 Male,7,7,player_vs_player,sword,20.0,D11 Female,80,60,5
152,16,378,9,D5 Male,5,10,gamemaker,arena hazard,,,79,51,4
152,17,392,20,D11 Female,11,5,player_vs_player,bow,12.0,D7 Female,80,61,3
152,18,420,12,D7 Female,7,9,natural_causes,dehydration,,,79,59,2
153,3,61,5,D3 Male,3,4,player_vs_player,fists,20.0,D11 Female,14,37,24
153,3,64,2,D2 Female,2,6,player_vs_player,fists,23.0,D12 Male,82,0,23
153,3,65,1,D1 Male,1,8,player_vs_player,fists,16.0,D9 Female,118,50,22
153,3,66,13,D7 Male,7,9,player_vs_player,fists,15.0,D8 Male,77,10,21
153,4,73,21,D11 Male,11,6,player_vs_player,fists,9.0,D5 Male,62,83,20
153,4,78,3,D2 Male,2,6,player_vs_player,fists,15.0,D8 Male,83,10,19
153,4,81,15,D8 Male,8,7,player_vs_player,fists,6.0,D4 Female,82,10,18
153,5,107,8,D5 Female,5,7,natural_causes,dehydration,,,28,34,17
153,5,117,20,D11 Female,11,8,natural_causes,untreated wound,,,25,36,16
153,6,126,19,D10 Male,10,6,player_vs_player,rock,4.0,D3 Female,95,62,15
153,6,130,14,D8 Female,8,7,player_vs_player,fists,12.0,D7 Female,15,28,14
153,6,135,17,D9 Male,9,8,natural_causes,dehydration,,,3,84,13
153,7,165,12,D7 Female,7,4,natural_causes,untreated wound,,,35,32,12
153,8,179,6,D4 Female,4,6,player_vs_player,rock,4.0,D3 Female,84,57,11
153,8,180,16,D9 Female,9,6,natural_causes,dehydration,,,113,47,10
153,9,192,23,D12 Male,12,9,player_vs_player,knife,4.0,D3 Female,80,61,9
153,9,197,10,D6 Female,6,5,player_vs_player,knife,22.0,D12 Female,16,60,8
153,9,210,22,D12 Female,12,5,player_vs_player,spear,0.0,D1 Female,18,63,7
153,13,300,0,D1 Female,1,5,natural_causes,untreated wound,,,45,60,6
153,14,315,7,D4 Male,4,5,gamemaker,arena hazard,,,80,79,5
153,15,349,18,D10 Female,10,6,player_vs_player,bow,4.0,D3 Female,77,60,4
153,16,362,11,D6 Male,6,9,player_vs_player,bow,9.0,D5 Male,53,55,3
153,17,403,4,D3 Female,3,8,player_vs_player,bow,9.0,D5 Male,65,60,2
154,2,43,11,D6 Male,6,7,player_vs_player,fists,22.0,D12 Female,38,6,24
154,2,45,22,D12 Female,12,8,player_vs_player,fists,7.0,D4 Male,38,6,23
154,2,47,9,D5 Male,5,6,player_vs_player,fists,14.0,D8 Female,103,14,22
154,3,55,21,D11 Male,11,5,player_vs_player,fists,19.0,D10 Male,5,73,21
154,3,57,15,D8 Male,8,6,player_vs_player,fists,13.0,D7 Male,119,59,20
154,4,72,2,D2 Female,2,5,natural_causes,dehydration,,,79,86,19
154,4,72,17,D9 Male,9,6,natural_causes,dehydration,,,83,92,18
154,4,94,1,D1 Male,1,6,player_vs_player,fists,14.0,D8 Female,86,19,17
154,5,105,12,D7 Female,7,5,natural_causes,untreated wound,,,28,119,16
154,5,106,3,D2 Male,2,5,player_vs_player,knife,0.0,D1 Female,75,75,15
154,5,107,14,D8 Female,8,6,player_vs_player,fists,23.0,D12 Male,82,19,14
154,5,112,4,D3 Female,3,2,natural_causes,untreated wound,,,14,16,13
154,5,112,5,D3 Male,3,4,natural_causes,untreated wound,,,20,23,12
154,6,123,7,D4 Male,4,10,player_vs_player,fists,20.0,D11 Female,32,1,11
154,8,176,10,D6 Female,6,8,player_vs_player,fists,18.0,D10 Female,67,90,10
154,8,179,19,D10 Male,10,5,natural_causes,untreated wound,,,11,64,9
154,9,210,23,D12 Male,12,7,natural_causes,untreated wound,,,65,24,8
154,11,247,13,D7 Male,7,9,natural_causes,dehydration,,,113,60,7
154,11,260,20,D11 Female,11,11,player_vs_player,sword,16.0,D9 Female,38,22,6
154,12,278,16,D9 Female,9,8,natural_causes,dehydration,,,33,32,5
154,16,366,8,D5 Female,5,10,player_vs_player,bow,0.0,D1 Female,63,48,4
154,17,391,0,D1 Female,1,8,natural_causes,dehydration,,,60,39,3
154,17,400,6,D4 Female,4,8,natural_causes,dehydration,,,45,55,2
155,2,42,16,D9 Female,9,9,player_vs_player,fists,6.0,D4 Female,91,7,24
155,3,58,6,D4 Female,4,6,player_vs_player,fists,5.0,D3 Male,90,12,23
155,3,62,2,D2 Female,2,5,player_vs_player,fists,20.0,D11 Female,105,34,22
155,5,100,8,D5 Female,5,7,player_vs_player,fists,11.0,D6 Male,46,0,21
155,5,102,18,D10 Female,10,5,player_vs_player,fists,9.0,D5 Male,82,70,20
155,6,132,20,D11 Female,11,9,natural_causes,dehydration,,,103,9,19
155,7,161,1,D1 Male,1,6,player_vs_player,knife,0.0,D1 Female,27,22,18
155,8,170,15,D8 Male,8,4,natural_causes,untreated wound,,,23,41,17
155,8,172,5,D3 Male,3,6,natural_causes,dehydration,,,78,9,16
155,8,181,14,D8 Female,8,5,natural_causes,dehydration,,,103,58,15
155,9,193,3,D2 Male,2,4,player_vs_player,spear,21.0,D11 Male,83,98,14
155,9,196,10,D6 Female,6,4,player_vs_player,knife,23.0,D12 Male,22,72,13
155,11,240,12,D7 Female,7,1,player_vs_player,knife,23.0,D12 Male,26,55,12
155,11,245,0,D1 Female,1,9,player_vs_player,knife,23.0,D12 Male,29,55,11
155,12,275,13,D7 Male,7,5,player_vs_player,sword,22.0,D12 Female,59,64,10
155,12,275,22,D12 Female,12,4,player_vs_player,bow,13.0,D7 Male,56,62,9
155,12,287,11,D6 Male,6,10,natural_causes,dehydration,,,52,29,8
155,13,301,19,D10 Male,10,6,player_vs_player,spear,9.0,D5 Male,84,54,7
155,13,309,7,D4 Male,4,7,natural_causes,dehydration,,,64,39,6
155,14,331,17,D9 Male,9,5,gamemaker,arena hazard,,,88,70,5
155,17,385,23,D12 Male,12,8,player_vs_player,sword,4.0,D3 Female,53,58,4
155,18,428,4,D3 Female,3,4,player_vs_player,spear,9.0,D5 Male,57,60,3
155,19,434,9,D5 Male,5,8,player_vs_player,spear,21.0,D11 Male,60,62,2
156,2,38,10,D6 Female,6,6,player_vs_player,fists,15.0,D8 Male,119,27,24
156,3,50,11,D6 Male,6,7,player_vs_player,fists,13.0,D7 Male,56,4,23
156,3,56,20,D11 Female,11,2,player_vs_player,fists,4.0,D3 Female,20,21,22
156,3,58,18,D10 Female,10,3,player_vs_player,fists,4.0,D3 Female,19,20,21
156,3,59,15,D8 Male,8,6,natural_causes,untreated wound,,,112,37,20
156,4,85,9,D5 Male,5,5,player_vs_player,fists,7.0,D4 Male,79,119,19
156,6,121,14,D8 Female,8,11,player_vs_player,fists,13.0,D7 Male,36,25,18
156,6,126,12,D7 Female,7,8,player_vs_player,knife,2.0,D2 Female,13,89,17
156,6,129,5,D3 Male,3,4,natural_causes,untreated wound,,,8,68,16
156,6,137,16,D9 Female,9,5,player_vs_player,knife,17.0,D9 Male,86,100,15
156,6,141,13,D7 Male,7,10,player_vs_player,rock,0.0,D1 Female,24,18,14
156,7,151,17,D9 Male,9,6,player_vs_player,rock,7.0,D4 Male,86,98,13
156,7,158,19,D10 Male,10,10,natural_causes,dehydration,,,84,7,12
156,8,179,4,D3 Female,3,7,player_vs_player,knife,23.0,D12 Male,31,35,11
156,10,218,8,D5 Female,5,5,natural_causes,dehydration,,,49,60,10
156,11,254,0,D1 Female,1,6,gamemaker,arena hazard,,,60,14,9
156,12,270,6,D4 Female,4,6,player_vs_player,knife,23.0,D12 Male,58,28,8
156,12,273,22,D12 Female,12,5,natural_causes,dehydration,,,44,81,7
156,13,299,3,D2 Male,2,8,player_vs_player,knife,2.0,D2 Female,26,76,6
156,13,306,1,D1 Male,1,3,player_vs_player,bow,21.0,D11 Male,31,57,5
156,14,322,2,D2 Female,2,4,player_vs_player,bow,21.0,D11 Male,37,64,4
156,16,383,23,D12 Male,12,8,player_vs_player,bow,21.0,D11 Male,60,53,3
156,17,390,7,D4 Male,4,9,player_vs_player,bow,21.0,D11 Male,66,54,2
157,3,51,4,D3 Female,3,7,player_vs_player,fists,16.0,D9 Female,70,108,24
157,4,72,14,D8 Female,8,7,natural_causes,dehydration,,,46,81,23
157,4,72,19,D10 Male,10,1,natural_causes,dehydration,,,8,33,22
157,4,72,23,D12 Male,12,1,natural_causes,dehydration,,,8,36,21
157,4,88,16,D9 Female,9,5,natural_causes,untreated wound,,,54,106,20
157,4,89,5,D3 Male,3,5,player_vs_player,fists,10.0,D6 Female,100,85,19
157,6,127,2,D2 Female,2,6,player_vs_player,spear,3.0,D2 Male,48,45,18
157,6,134,1,D1 Male,1,5,player_vs_player,fists,8.0,D5 Female,117,86,17
157,7,149,8,D5 Female,5,8,natural_causes,untreated wound,,,115,79,16
157,7,156,9,D5 Male,5,3,player_vs_player,fists,15.0,D8 Male,29,81,15
157,7,160,7,D4 Male,4,6,player_vs_player,knife,17.0,D9 Male,49,0,14
157,7,164,15,D8 Male,8,1,natural_causes,dehydration,,,29,78,13
157,8,178,20,D11 Female,11,6,player_vs_player,fists,22.0,D12 Female,80,0,12
157,11,251,12,D7 Female,7,4,natural_causes,dehydration,,,62,100,11
157,12,273,22,D12 Female,12,9,player_vs_player,knife,17.0,D9 Male,76,21,10
157,14,320,10,D6 Female,6,8,player_vs_player,knife,21.0,D11 Male,74,61,9
157,14,327,13,D7 Male,7,4,player_vs_player,knife,11.0,D6 Male,34,63,8
157,15,341,17,D9 Male,9,10,player_vs_player,sword,3.0,D2 Male,59,26,7
157,15,341,21,D11 Male,11,6,natural_causes,dehydration,,,66,61,6
157,15,347,0,D1 Female,1,5,natural_causes,dehydration,,,93,45,5
157,15,353,11,D6 Male,6,5,player_vs_player,spear,6.0,D4 Female,30,80,4
157,16,383,6,D4 Female,4,10,natural_causes,dehydration,,,27,69,3
157,20,465,3,D2 Male,2,6,player_vs_player,knife,18.0,D10 Female,60,60,2
158,2,36,6,D4 Female,4,6,player_vs_player,fists,5.0,D3 Male,94,0,24
158,2,46,3,D2 Male,2,1,player_vs_player,fists,15.0,D8 Male,5,31,23
158,2,46,1,D1 Male,1,2,player_vs_player,fists,20.0,D11 Female,0,80,22
158,3,52,8,D5 Female,5,5,player_vs_player,fists,18.0,D10 Female,103,74,21
158,3,61,20,D11 Female,11,4,player_vs_player,fists,19.0,D10 Male,9,73,20
158,3,70,11,D6 Male,6,5,player_vs_player,rock,2.0,D2 Female,67,93,19
158,4,74,18,D10 Female,10,8,player_vs_player,fists,9.0,D5 Male,102,58,18
158,5,97,13,D7 Male,7,5,player_vs_player,fists,12.0,D7 Female,38,110,17
158,5,97,5,D3 Male,3,8,player_vs_player,fists,4.0,D3 Female,62,1,16
158,5,101,21,D11 Male,11,6,player_vs_player,fists,9.0,D5 Male,106,55,15
158,5,107,4,D3 Female,3,6,natural_causes,dehydration,,,71,2,14
158,7,149,23,D12 Male,12,7,natural_causes,dehydration,,,39,2,13
158,8,179,7,D4 Male,4,7,player_vs_player,knife,12.0,D7 Female,22,75,12
158,9,202,9,D5 Male,5,5,natural_causes,untreated wound,,,105,55,11
158,9,211,19,D10 Male,10,7,natural_causes,dehydration,,,4,65,10
158,9,212,15,D8 Male,8,10,player_vs_player,knife,16.0,D9 Female,23,44,9
158,12,280,0,D1 Female,1,6,player_vs_player,rock,14.0,D8 Female,70,26,8
158,12,283,16,D9 Female,9,2,player_vs_player,knife,12.0,D7 Female,32,43,7
158,15,338,12,D7 Female,7,5,player_vs_player,spear,2.0,D2 Female,41,49,6
158,15,352,22,D12 Female,12,8,player_vs_player,bow,10.0,D6 Female,75,62,5
158,17,392,17,D9 Male,9,6,player_vs_player,bow,10.0,D6 Female,53,48,4
158,17,398,14,D8 Female,8,9,player_vs_player,bow,10.0,D6 Female,60,46,3
158,19,438,2,D2 Female,2,7,player_vs_player,bow,10.0,D6 Female,56,60,2
159,2,32,2,D2 Female,2,3,player_vs_player,fists,12.0,D7 Female,14,25,24
159,2,43,20,D11 Female,11,6,player_vs_player,fists,7.0,D4 Male,91,105,23
159,2,45,17,D9 Male,9,9,player_vs_player,fists,14.0,D8 Female,46,105,22
159,3,70,6,D4 Female,4,7,gamemaker,arena hazard,,,115,4,21
159,4,72,3,D2 Male,2,9,natural_causes,dehydration,,,114,6,20
159,4,77,11,D6 Male,6,8,player_vs_player,fists,15.0,D8 Male,61,16,19
159,4,84,21,D11 Male,11,5,player_vs_player,rock,1.0,D1 Male,9,71,18
159,4,90,9,D5 Male,5,7,player_vs_player,fists,4.0,D3 Female,118,43,17
159,5,109,15,D8 Male,8,10,natural_causes,untreated wound,,,67,7,16
159,6,125,22,D12 Female,12,5,player_vs_player,rock,1.0,D1 Male,17,64,15
159,6,135,10,D6 Female,6,5,player_vs_player,fists,7.0,D4 Male,74,98,14
159,8,178,18,D10 Female,10,5,natural_causes,dehydration,,,71,103,13
159,9,194,19,D10 Male,10,6,player_vs_player,rock,4.0,D3 Female,108,64,12
159,9,208,7,D4 Male,4,9,player_vs_player,knife,14.0,D8 Female,50,86,11
159,10,220,14,D8 Female,8,5,player_vs_player,rock,0.0,D1 Female,58,88,10
159,10,226,13,D7 Male,7,11,gamemaker,arena hazard,,,60,1,9
159,12,264,5,D3 Male,3,8,player_vs_player,rock,16.0,D9 Female,60,12,8
159,13,298,16,D9 Female,9,8,natural_causes,dehydration,,,60,11,7
159,14,313,4,D3 Female,3,9,player_vs_player,sword,8.0,D5 Female,95,60,6
159,16,370,23,D12 Male,12,7,natural_causes,untreated wound,,,42,56,5
159,16,380,0,D1 Female,1,8,player_vs_player,sword,12.0,D7 Female,43,59,4
159,17,384,12,D7 Female,7,4,player_vs_player,rock,1.0,D1 Male,40,59,3
159,19,447,1,D1 Male,1,8,player_vs_player,sword,8.0,D5 Female,55,60,2
160,2,44,18,D10 Female,10,7,player_vs_player,fists,16.0,D9 Female,27,13,24
160,3,53,1,D1 Male,1,6,player_vs_player,fists,0.0,D1 Female,68,0,23
160,3,56,21,D11 Male,11,7,player_vs_player,fists,16.0,D9 Female,33,18,22
160,4,72,6,D4 Female,4,7,natural_causes,dehydration,,,11,111,21
160,4,72,22,D12 Female,12,5,natural_causes,dehydration,,,7,111,20
160,4,87,4,D3 Female,3,4,player_vs_player,fists,10.0,D6 Female,3,107,19
160,4,92,3,D2 Male,2,6,player_vs_player,fists,7.0,D4 Male,77,0,18
160,5,97,5,D3 Male,3,6,player_vs_player,fists,9.0,D5 Male,118,7,17
160,5,104,7,D4 Male,4,9,player_vs_player,fists,0.0,D1 Female,68,0,16
160,5,113,8,D5 Female,5,8,player_vs_player,fists,12.0,D7 Female,91,89,15
160,5,114,12,D7 Female,7,6,player_vs_player,rock,15.0,D8 Male,91,89,14
160,6,131,2,D2 Female,2,7,player_vs_player,spear,17.0,D9 Male,43,86,13
160,7,150,14,D8 Female,8,4,player_vs_player,knife,23.0,D12 Male,21,58,12
160,7,154,20,D11 Female,11,4,player_vs_player,knife,23.0,D12 Male,21,55,11
160,8,178,17,D9 Male,9,5,player_vs_player,spear,19.0,D10 Male,18,90,10
160,10,220,10,D6 Female,6,7,natural_causes,untreated wound,,,11,98,9
160,10,221,0,D1 Female,1,10,player_vs_player,spear,16.0,D9 Female,48,24,8
160,10,222,11,D6 Male,6,5,player_vs_player,bow,13.0,D7 Male,103,86,7
160,10,237,15,D8 Male,8,9,player_vs_player,bow,13.0,D7 Male,112,93,6
160,15,348,19,D10 Male,10,5,natural_causes,dehydration,,,28,63,5
160,18,414,23,D12 Male,12,5,natural_causes,dehydration,,,60,60,4
160,18,419,9,D5 Male,5,6,player_vs_player,bow,13.0,D7 Male,65,66,3
160,20,466,16,D9 Female,9,12,player_vs_player,bow,13.0,D7 Male,61,60,2
161,2,42,0,D1 Female,1,5,player_vs_player,fists,15.0,D8 Male,95,104,24
161,2,43,18,D10 Female,10,3,player_vs_player,fists,9.0,D5 Male,19,51,23
161,3,51,17,D9 Male,9,6,player_vs_player,fists,10.0,D6 Female,107,80,22
161,3,59,13,D7 Male,7,8,player_vs_player,fists,8.0,D5 Female,19,4,21
161,4,72,8,D5 Female,5,7,player_vs_player,fists,21.0,D11 Male,28,0,20
161,4,86,16,D9 Female,9,7,player_vs_player,fists,3.0,D2 Male,53,21,19
161,5,97,12,D7 Female,7,6,player_vs_player,fists,22.0,D12 Female,116,44,18
161,5,108,23,D12 Male,12,5,player_vs_player,fists,9.0,D5 Male,9,75,17
161,6,123,11,D6 Male,6,9,player_vs_player,fists,7.0,D4 Male,9,112,16
161,7,156,2,D2 Female,2,5,player_vs_player,knife,1.0,D1 Male,82,113,15
161,7,166,9,D5 Male,5,8,player_vs_player,fists,14.0,D8 Female,15,91,14
161,8,180,15,D8 Male,8,10,natural_causes,dehydration,,,103,112,13
161,9,196,7,D4 Male,4,5,player_vs_player,fists,19.0,D10 Male,45,73,12
161,9,205,22,D12 Female,12,6,player_vs_player,rock,10.0,D6 Female,98,84,11
161,9,208,5,D3 Male,3,6,player_vs_player,fists,6.0,D4 Female,99,11,10
161,9,210,4,D3 Female,3,6,player_vs_player,knife,3.0,D2 Male,78,0,9
161,12,276,20,D11 Female,11,2,player_vs_player,bow,19.0,D10 Male,51,54,8
161,15,352,14,D8 Female,8,3,player_vs_player,knife,1.0,D1 Male,60,82,7
161,16,379,3,D2 Male,2,10,natural_causes,untreated wound,,,82,47,6
161,17,394,6,D4 Female,4,10,player_vs_player,spear,10.0,D6 Female,75,60,5
161,17,394,19,D10 Male,10,5,player_vs_player,spear,21.0,D11 Male,65,46,4
161,18,429,21,D11 Male,11,11,gamemaker,arena hazard,,,60,43,3
161,21,484,1,D1 Male,1,9,player_vs_player,sword,10.0,D6 Female,60,63,2
162,2,26,18,D10 Female,10,8,player_vs_player,fists,19.0,D10 Male,82,1,24
162,2,30,15,D8 Male,8,3,player_vs_player,fists,22.0,D12 Female,0,36,23
162,2,43,11,D6 Male,6,6,player_vs_player,fists,20.0,D11 Female,110,37,22
162,4,72,6,D4 Female,4,8,player_vs_player,fists,1.0,D1 Male,12,14,21
162,4,72,1,D1 Male,1,11,natural_causes,dehydration,,,12,13,20
162,4,72,4,D3 Female,3,9,natural_causes,dehydration,,,89,106,19
162,4,74,20,D11 Female,11,7,player_vs_player,fists,0.0,D1 Female,102,24,18
162,4,88,12,D7 Female,7,10,player_vs_player,fists,0.0,D1 Female,98,22,17
162,5,96,14,D8 Female,8,3,player_vs_player,fists,23.0,D12 Male,30,73,16
162,5,98,19,D10 Male,10,8,player_vs_player,fists,16.0,D9 Female,88,11,15
162,5,100,5,D3 Male,3,5,natural_causes,dehydration,,,97,72,14
162,5,108,21,D11 Male,11,6,natural_causes,dehydration,,,104,68,13
162,7,154,22,D12 Female,12,3,natural_causes,untreated wound,,,23,41,12
162,7,166,9,D5 Male,5,5,player_vs_player,rock,8.0,D5 Female,76,112,11
162,8,177,10,D6 Female,6,9,player_vs_player,knife,23.0,D12 Male,22,61,10
162,11,241,17,D9 Male,9,6,gamemaker,arena hazard,,,89,28,9
162,11,244,13,D7 Male,7,8,player_vs_player,knife,16.0,D9 Female,63,25,8
162,11,244,3,D2 Male,2,5,natural_causes,untreated wound,,,88,70,7
162,13,296,8,D5 Female,5,9,player_vs_player,bow,2.0,D2 Female,60,83,6
162,15,346,0,D1 Female,1,10,player_vs_player,bow,2.0,D2 Female,70,50,5
162,15,350,7,D4 Male,4,4,player_vs_player,spear,16.0,D9 Female,46,55,4
162,16,360,23,D12 Male,12,9,player_vs_player,spear,16.0,D9 Female,41,61,3
162,17,404,16,D9 Female,9,11,player_vs_player,bow,2.0,D2 Female,53,60,2
163,2,38,22,D12 Female,12,5,player_vs_player,fists,2.0,D2 Female,41,119,24
163,2,39,1,D1 Male,1,9,player_vs_player,fists,21.0,D11 Male,105,6,23
163,2,40,3,D2 Male,2,7,player_vs_player,fists,16.0,D9 Female,7,75,22
163,2,46,14,D8 Female,8,9,player_vs_player,fists,10.0,D6 Female,108,113,21
163,3,67,19,D10 Male,10,7,player_vs_player,fists,21.0,D11 Male,86,0,20
163,4,72,23,D12 Male,12,4,natural_causes,dehydration,,,26,19,19
163,4,75,15,D8 Male,8,7,player_vs_player,fists,6.0,D4 Female,33,27,18
163,4,83,7,D4 Male,4,6,player_vs_player,fists,8.0,D5 Female,116,95,17
163,4,88,4,D3 Female,3,7,player_vs_player,fists,20.0,D11 Female,31,20,16
163,5,111,16,D9 Female,9,4,player_vs_player,fists,18.0,D10 Female,0,62,15
163,7,153,20,D11 Female,11,11,player_vs_player,fists,6.0,D4 Female,52,0,14
163,8,169,21,D11 Male,11,7,player_vs_player,knife,5.0,D3 Male,69,23,13
163,8,179,2,D2 Female,2,4,natural_causes,dehydration,,,35,77,12
163,9,202,6,D4 Female,4,10,player_vs_player,fists,17.0,D9 Male,59,22,11
163,9,204,18,D10 Female,10,4,player_vs_player,knife,13.0,D7 Male,11,52,10
163,10,223,10,D6 Female,6,6,natural_causes,dehydration,,,82,80,9
163,11,242,8,D5 Female,5,6,player_vs_player,bow,9.0,D5 Male,69,59,8
163,12,273,17,D9 Male,9,7,player_vs_player,knife,5.0,D3 Male,34,23,7
163,15,343,13,D7 Male,7,4,player_vs_player,spear,0.0,D1 Female,33,37,6
163,18,425,5,D3 Male,3,6,natural_causes,dehydration,,,55,59,5
163,18,430,0,D1 Female,1,7,player_vs_player,bow,9.0,D5 Male,53,62,4
163,19,440,12,D7 Female,7,8,player_vs_player,sword,11.0,D6 Male,75,65,3
163,21,490,9,D5 Male,5,5,player_vs_player,sword,11.0,D6 Male,60,60,2
164,3,51,14,D8 Female,8,5,player_vs_player,fists,16.0,D9 Female,106,109,24
164,3,59,5,D3 Male,3,8,player_vs_player,fists,15.0,D8 Male,112,66,23
164,3,63,22,D12 Female,12,7,player_vs_player,fists,4.0,D3 Female,20,20,22
164,4,94,2,D2 Female,2,8,player_vs_player,fists,6.0,D4 Female,81,7,21
164,5,104,0,D1 Female,1,1,player_vs_player,fists,21.0,D11 Male,17,12,20
164,5,105,19,D10 Male,10,2,player_vs_player,fists,20.0,D11 Female,16,72,19
164,5,113,20,D11 Female,11,4,natural_causes,dehydration,,,16,75,18
164,6,143,16,D9 Female,9,5,natural_causes,dehydration,,,97,111,17
164,7,146,10,D6 Female,6,5,player_vs_player,fists,15.0,D8 Male,115,30,16
164,7,163,21,D11 Male,11,2,natural_causes,untreated wound,,,33,18,15
164,8,174,6,D4 Female,4,6,player_vs_player,fists,3.0,D2 Male,93,14,14
164,8,182,3,D2 Male,2,6,gamemaker,arena hazard,,,94,13,13
164,8,185,15,D8 Male,8,6,natural_causes,dehydration,,,107,28,12
164,9,195,18,D10 Female,10,5,player_vs_player,fists,11.0,D6 Male,42,66,11
164,11,245,17,D9 Male,9,10,player_vs_player,rock,23.0,D12 Male,31,43,10
164,11,263,11,D6 Male,6,4,player_vs_player,spear,9.0,D5 Male,45,98,9
164,12,276,23,D12 Male,12,7,player_vs_player,rock,4.0,D3 Female,35,48,8
164,15,344,13,D7 Male,7,8,player_vs_player,knife,4.0,D3 Female,35,62,7
164,16,365,4,D3 Female,3,12,player_vs_player,spear,9.0,D5 Male,32,57,6
164,16,374,1,D1 Male,1,5,player_vs_player,spear,12.0,D7 Female,88,57,5
164,17,387,7,D4 Male,4,6,player_vs_player,bow,8.0,D5 Female,60,31,4
164,19,449,8,D5 Female,5,8,player_vs_player,bow,12.0,D7 Female,59,60,3
164,20,475,9,D5 Male,5,7,gamemaker,arena hazard,,,47,64,2
165,2,46,10,D6 Female,6,7,player_vs_player,fists,2.0,D2 Female,99,96,24
165,3,52,5,D3 Male,3,4,player_vs_player,fists,16.0,D9 Female,46,107,23
165,3,60,3,D2 Male,2,8,player_vs_player,fists,6.0,D4 Female,97,25,22
165,3,65,8,D5 Female,5,9,player_vs_player,rock,2.0,D2 Female,94,88,21
165,4,72,14,D8 Female,8,9,player_vs_player,fists,9.0,D5 Male,3,72,20
165,4,72,0,D1 Female,1,12,natural_causes,dehydration,,,13,2,19
165,4,89,16,D9 Female,9,4,player_vs_player,fists,12.0,D7 Female,30,92,18
165,4,94,13,D7 Male,7,3,player_vs_player,fists,4.0,D3 Female,12,68,17
165,5,104,1,D1 Male,1,8,player_vs_player,fists,23.0,D12 Male,71,0,16
165,5,108,19,D10 Male,10,6,player_vs_player,rock,2.0,D2 Female,119,84,15
165,5,116,6,D4 Female,4,11,player_vs_player,rock,17.0,D9 Male,99,45,14
165,6,132,20,D11 Female,11,8,player_vs_player,rock,17.0,D9 Male,104,33,13
165,7,159,4,D3 Female,3,2,player_vs_player,fists,21.0,D11 Male,29,74,12
165,8,187,22,D12 Female,12,8,player_vs_player,sword,7.0,D4 Male,94,77,11
165,8,190,23,D12 Male,12,9,player_vs_player,fists,11.0,D6 Male,58,20,10
165,11,244,9,D5 Male,5,3,player_vs_player,spear,21.0,D11 Male,54,72,9
165,11,262,18,D10 Female,10,5,player_vs_player,spear,17.0,D9 Male,79,58,8
165,12,276,15,D8 Male,8,2,player_vs_player,knife,12.0,D7 Female,45,56,7
165,12,284,12,D7 Female,7,9,player_vs_player,spear,21.0,D11 Male,41,54,6
165,15,339,2,D2 Female,2,7,natural_causes,dehydration,,,96,60,5
165,17,397,11,D6 Male,6,8,player_vs_player,spear,17.0,D9 Male,60,47,4
165,19,434,17,D9 Male,9,11,player_vs_player,spear,21.0,D11 Male,52,60,3
165,19,453,21,D11 Male,11,9,gamemaker,arena hazard,,,50,59,2
166,3,61,3,D2 Male,2,1,player_vs_player,fists,4.0,D3 Female,6,25,24
166,3,62,6,D4 Female,4,7,player_vs_player,fists,14.0,D8 Female,21,23,23
166,3,64,19,D10 Male,10,5,player_vs_player,fists,12.0,D7 Female,35,117,22
166,4,78,10,D6 Female,6,6,player_vs_player,fists,7.0,D4 Male,119,22,21
166,4,79,0,D1 Female,1,5,player_vs_player,fists,22.0,D12 Female,113,86,20
166,4,83,8,D5 Female,5,5,player_vs_player,fists,9.0,D5 Male,86,94,19
166,4,83,20,D11 Female,11,5,player_vs_player,fists,12.0,D7 Female,37,105,18
166,6,133,9,D5 Male,5,5,player_vs_player,fists,15.0,D8 Male,65,84,17
166,6,135,1,D1 Male,1,7,player_vs_player,rock,16.0,D9 Female,3,68,16
166,6,138,13,D7 Male,7,4,player_vs_player,rock,16.0,D9 Female,2,66,15
166,6,140,21,D11 Male,11,7,natural_causes,dehydration,,,83,20,14
166,8,180,4,D3 Female,3,11,player_vs_player,knife,14.0,D8 Female,19,35,13
166,9,196,7,D4 Male,4,10,player_vs_player,fists,5.0,D3 Male,80,24,12
166,9,200,12,D7 Female,7,8,player_vs_player,knife,11.0,D6 Male,65,112,11
166,10,231,16,D9 Female,9,3,gamemaker,arena hazard,,,8,60,10
166,10,233,18,D10 Female,10,7,natural_causes,dehydration,,,73,13,9
166,11,251,17,D9 Male,9,8,player_vs_player,spear,15.0,D8 Male,47,92,8
166,12,271,2,D2 Female,2,4,player_vs_player,spear,15.0,D8 Male,68,76,7
166,12,285,15,D8 Male,8,9,player_vs_player,spear,22.0,D12 Female,64,79,6
166,13,293,5,D3 Male,3,10,gamemaker,arena hazard,,,61,16,5
166,14,319,23,D12 Male,12,6,natural_causes,dehydration,,,65,80,4
166,15,343,11,D6 Male,6,5,player_vs_player,sword,22.0,D12 Female,59,88,3
166,18,418,22,D12 Female,12,10,gamemaker,arena hazard,,,60,75,2
167,4,72,13,D7 Male,7,1,natural_causes,dehydration,,,6,23,24
167,4,72,23,D12 Male,12,4,natural_causes,dehydration,,,4,22,23
167,4,76,17,D9 Male,9,8,natural_causes,dehydration,,,32,77,22
167,4,89,5,D3 Male,3,4,natural_causes,dehydration,,,14,63,21
167,4,93,12,D7 Female,7,5,player_vs_player,fists,2.0,D2 Female,48,119,20
167,4,95,19,D10 Male,10,7,player_vs_player,fists,9.0,D5 Male,81,14,19
167,5,97,3,D2 Male,2,5,player_vs_player,rock,22.0,D12 Female,88,62,18
167,5,98,1,D1 Male,1,7,player_vs_player,fists,0.0,D1 Female,38,27,17
167,5,103,10,D6 Female,6,10,natural_causes,untreated wound,,,50,3,16
167,5,105,11,D6 Male,6,8,player_vs_player,rock,22.0,D12 Female,84,65,15
167,5,108,18,D10 Female,10,7,natural_causes,dehydration,,,48,11,14
167,5,117,15,D8 Male,8,5,player_vs_player,fists,21.0,D11 Male,44,76,13
167,6,126,4,D3 Female,3,8,natural_causes,dehydration,,,87,77,12
167,7,159,7,D4 Male,4,6,player_vs_player,fists,8.0,D5 Female,69,61,11
167,8,186,16,D9 Female,9,6,player_vs_player,fists,8.0,D5 Female,61,70,10
167,9,203,6,D4 Female,4,4,natural_causes,dehydration,,,11,51,9
167,11,242,20,D11 Female,11,7,player_vs_player,fists,8.0,D5 Female,60,81,8
167,11,255,14,D8 Female,8,6,player_vs_player,rock,22.0,D12 Female,89,77,7
167,13,295,21,D11 Male,11,8,player_vs_player,spear,0.0,D1 Female,80,61,6
167,13,298,2,D2 Female,2,5,player_vs_player,sword,8.0,D5 Female,60,82,5
167,14,314,22,D12 Female,12,9,gamemaker,arena hazard,,,90,59,4
167,15,349,0,D1 Female,1,12,gamemaker,arena hazard,,,86,59,3
167,16,379,8,D5 Female,5,7,natural_causes,untreated wound,,,60,69,2
168,2,42,21,D11 Male,11,9,player_vs_player,fists,10.0,D6 Female,116,91,24
168,3,70,19,D10 Male,10,4,player_vs_player,fists,18.0,D10 Female,21,57,23
168,4,72,17,D9 Male,9,8,natural_causes,dehydration,,,3,97,22
168,4,72,23,D12 Male,12,5,natural_causes,dehydration,,,3,97,21
168,4,85,20,D11 Female,11,5,player_vs_player,fists,2.0,D2 Female,44,105,20
168,4,95,8,D5 Female,5,8,player_vs_player,fists,15.0,D8 Male,48,114,19
168,5,96,16,D9 Female,9,9,player_vs_player,fists,22.0,D12 Female,113,57,18
168,5,108,14,D8 Female,8,10,natural_causes,dehydration,,,45,2,17
168,6,123,0,D1 Female,1,7,player_vs_player,fists,3.0,D2 Male,48,4,16
168,6,132,22,D12 Female,12,7,natural_causes,untreated wound,,,106,55,15
168,6,137,18,D10 Female,10,8,player_vs_player,fists,9.0,D5 Male,23,88,14
168,7,153,12,D7 Female,7,7,player_vs_player,fists,10.0,D6 Female,87,60,13
168,7,164,10,D6 Female,6,6,player_vs_player,fists,1.0,D1 Male,90,59,12
168,8,170,6,D4 Female,4,7,player_vs_player,knife,5.0,D3 Male,72,4,11
168,8,176,7,D4 Male,4,9,player_vs_player,knife,5.0,D3 Male,72,1,10
168,8,180,2,D2 Female,2,5,player_vs_player,fists,15.0,D8 Male,25,66,9
168,9,193,9,D5 Male,5,1,natural_causes,dehydration,,,35,76,8
168,9,206,1,D1 Male,1,6,player_vs_player,spear,13.0,D7 Male,95,56,7
168,12,281,5,D3 Male,3,7,player_vs_player,fists,3.0,D2 Male,36,27,6
168,15,345,11,D6 Male,6,4,player_vs_player,spear,15.0,D8 Male,35,67,5
168,15,359,3,D2 Male,2,11,player_vs_player,spear,4.0,D3 Female,48,45,4
168,18,426,4,D3 Female,3,7,player_vs_player,bow,13.0,D7 Male,58,53,3
168,19,436,13,D7 Male,7,6,player_vs_player,spear,15.0,D8 Male,54,61,2
169,2,34,6,D4 Female,4,4,player_vs_player,fists,10.0,D6 Female,10,70,24
169,2,39,12,D7 Female,7,6,player_vs_player,fists,2.0,D2 Female,84,106,23
169,3,51,18,D10 Female,10,1,player_vs_player,fists,16.0,D9 Female,3,15,22
169,3,53,23,D12 Male,12,7,player_vs_player,fists,8.0,D5 Female,116,23,21
169,3,58,9,D5 Male,5,6,player_vs_player,fists,1.0,D1 Male,98,88,20
169,3,61,22,D12 Female,12,4,player_vs_player,fists,16.0,D9 Female,2,22,19
169,3,63,17,D9 Male,9,7,player_vs_player,fists,21.0,D11 Male,90,1,18
169,4,77,7,D4 Male,4,6,player_vs_player,fists,20.0,D11 Female,119,60,17
169,5,111,19,D10 Male,10,5,player_vs_player,fists,10.0,D6 Female,0,88,16
169,6,130,15,D8 Male,8,8,natural_causes,untreated wound,,,43,2,15
169,6,137,8,D5 Female,5,9,natural_causes,dehydration,,,105,11,14
169,6,138,13,D7 Male,7,6,player_vs_player,fists,4.0,D3 Female,36,63,13
169,7,166,14,D8 Female,8,8,player_vs_player,fists,16.0,D9 Female,36,4,12
169,8,191,0,D1 Female,1,6,gamemaker,arena hazard,,,118,55,11
169,9,198,16,D9 Female,9,12,gamemaker,arena hazard,,,48,6,10
169,9,204,20,D11 Female,11,9,player_vs_player,fists,1.0,D1 Male,105,61,9
169,9,209,1,D1 Male,1,8,natural_causes,untreated wound,,,103,60,8
169,10,221,3,D2 Male,2,5,player_vs_player,knife,2.0,D2 Female,39,86,7
169,10,226,10,D6 Female,6,8,player_vs_player,knife,2.0,D2 Female,37,86,6
169,13,301,5,D3 Male,3,10,player_vs_player,spear,4.0,D3 Female,39,59,5
169,13,303,11,D6 Male,6,6,player_vs_player,spear,2.0,D2 Female,61,79,4
169,14,313,4,D3 Female,3,8,player_vs_player,spear,21.0,D11 Male,40,67,3
169,16,379,21,D11 Male,11,8,player_vs_player,spear,2.0,D2 Female,58,61,2
170,2,38,3,D2 Male,2,11,player_vs_player,fists,22.0,D12 Female,19,1,24
170,3,55,15,D8 Male,8,6,player_vs_player,fists,18.0,D10 Female,63,8,23
170,3,58,18,D10 Female,10,6,player_vs_player,fists,8.0,D5 Female,63,9,22
170,3,65,11,D6 Male,6,9,player_vs_player,fists,20.0,D11 Female,107,44,21
170,3,70,5,D3 Male,3,2,player_vs_player,fists,10.0,D6 Female,47,110,20
170,4,72,2,D2 Female,2,4,natural_causes,dehydration,,,110,48,19
170,4,72,9,D5 Male,5,4,natural_causes,dehydration,,,116,80,18
170,4,72,22,D12 Female,12,8,natural_causes,dehydration,,,16,14,17
170,4,83,6,D4 Female,4,1,player_vs_player,fists,17.0,D9 Male,12,56,16
170,4,86,19,D10 Male,10,9,player_vs_player,rock,0.0,D1 Female,59,119,15
170,5,114,1,D1 Male,1,9,player_vs_player,fists,14.0,D8 Female,117,47,14
170,6,125,14,D8 Female,8,5,player_vs_player,rock,20.0,D11 Female,119,47,13
170,6,128,13,D7 Male,7,2,player_vs_player,fists,17.0,D9 Male,22,80,12
170,6,128,8,D5 Female,5,10,player_vs_player,fists,4.0,D3 Female,74,10,11
170,7,161,17,D9 Male,9,8,player_vs_player,fists,7.0,D4 Male,6,81,10
170,8,170,10,D6 Female,6,8,player_vs_player,spear,12.0,D7 Female,47,77,9
170,10,221,16,D9 Female,9,9,natural_causes,dehydration,,,106,65,8
170,10,233,4,D3 Female,3,6,natural_causes,dehydration,,,49,23,7
170,13,308,20,D11 Female,11,5,player_vs_player,spear,21.0,D11 Male,80,58,6
170,14,319,23,D12 Male,12,1,natural_causes,untreated wound,,,67,42,5
170,14,326,7,D4 Male,4,2,natural_causes,dehydration,,,38,44,4
170,16,380,0,D1 Female,1,3,player_vs_player,bow,21.0,D11 Male,60,67,3
170,17,386,12,D7 Female,7,3,natural_causes,dehydration,,,60,61,2
171,2,36,3,D2 Male,2,10,player_vs_player,fists,10.0,D6 Female,66,14,24
171,3,71,16,D9 Female,9,6,player_vs_player,rock,18.0,D10 Female,101,35,23
171,4,72,14,D8 Female,8,12,natural_causes,dehydration,,,7,7,22
171,5,109,17,D9 Male,9,4,player_vs_player,knife,1.0,D1 Male,45,64,21
171,5,111,20,D11 Female,11,6,player_vs_player,rock,22.0,D12 Female,106,65,20
171,5,115,12,D7 Female,7,6,player_vs_player,fists,10.0,D6 Female,103,51,19
171,5,119,19,D10 Male,10,6,player_vs_player,rock,22.0,D12 Female,111,64,18
171,6,124,1,D1 Male,1,6,natural_causes,untreated wound,,,45,65,17
171,6,135,18,D10 Female,10,6,natural_causes,untreated wound,,,94,54,16
171,6,138,7,D4 Male,4,4,player_vs_player,rock,21.0,D11 Male,59,92,15
171,7,156,9,D5 Male,5,1,player_vs_player,fists,5.0,D3 Male,10,33,14
171,7,157,15,D8 Male,8,6,player_vs_player,fists,23.0,D12 Male,89,38,13
171,8,176,21,D11 Male,11,8,natural_causes,dehydration,,,58,108,12
171,8,178,23,D12 Male,12,10,player_vs_player,fists,10.0,D6 Female,95,32,11
171,8,183,13,D7 Male,7,7,player_vs_player,knife,8.0,D5 Female,46,82,10
171,11,252,6,D4 Female,4,5,natural_causes,dehydration,,,60,99,9
171,12,280,0,D1 Female,1,5,player_vs_player,knife,10.0,D6 Female,80,40,8
171,12,283,10,D6 Female,6,6,player_vs_player,spear,2.0,D2 Female,77,39,7
171,13,301,11,D6 Male,6,4,player_vs_player,knife,8.0,D5 Female,34,60,6
171,13,311,5,D3 Male,3,3,gamemaker,arena hazard,,,31,51,5
171,16,371,2,D2 Female,2,6,player_vs_player,bow,4.0,D3 Female,65,56,4
171,16,382,22,D12 Female,12,9,gamemaker,arena hazard,,,77,60,3
171,18,415,8,D5 Female,5,4,gamemaker,arena hazard,,,48,60,2
172,2,34,11,D6 Male,6,5,player_vs_player,fists,20.0,D11 Female,23,108,24
172,4,72,4,D3 Female,3,4,natural_causes,dehydration,,,0,70,23
172,4,73,15,D8 Male,8,7,player_vs_player,fists,2.0,D2 Female,119,78,22
172,4,92,8,D5 Female,5,5,player_vs_player,fists,17.0,D9 Male,32,109,21
172,5,112,5,D3 Male,3,6,player_vs_player,spear,6.0,D4 Female,66,100,20
172,5,112,0,D1 Female,1,8,player_vs_player,fists,12.0,D7 Female,28,32,19
172,5,116,23,D12 Male,12,8,player_vs_player,fists,3.0,D2 Male,88,32,18
172,6,123,7,D4 Male,4,8,player_vs_player,fists,13.0,D7 Male,0,31,17
172,6,129,2,D2 Female,2,10,player_vs_player,fists,18.0,D10 Female,117,65,16
172,6,140,10,D6 Female,6,7,player_vs_player,fists,1.0,D1 Male,110,27,15
172,7,150,18,D10 Female,10,7,natural_causes,dehydration,,,117,79,14
172,7,165,17,D9 Male,9,9,natural_causes,dehydration,,,33,85,13
172,9,197,22,D12 Female,12,1,player_vs_player,fists,12.0,D7 Female,68,2,12
172,9,211,16,D9 Female,9,8,player_vs_player,fists,19.0,D10 Male,95,54,11
172,11,243,14,D8 Female,8,7,player_vs_player,fists,12.0,D7 Female,57,10,10
172,11,247,20,D11 Female,11,9,player_vs_player,rock,9.0,D5 Male,44,50,9
172,11,256,19,D10 Male,10,12,player_vs_player,rock,1.0,D1 Male,96,54,8
172,12,267,13,D7 Male,7,8,player_vs_player,spear,9.0,D5 Male,39,56,7
172,14,314,21,D11 Male,11,1,player_vs_player,knife,12.0,D7 Female,52,42,6
172,14,323,3,D2 Male,2,11,player_vs_player,knife,12.0,D7 Female,54,42,5
172,14,332,1,D1 Male,1,10,natural_causes,dehydration,,,92,48,4
172,18,423,9,D5 Male,5,4,player_vs_player,spear,6.0,D4 Female,60,65,3
172,20,462,6,D4 Female,4,5,player_vs_player,spear,12.0,D7 Female,60,62,2
173,2,41,3,D2 Male,2,9,player_vs_player,fists,16.0,D9 Female,79,14,24
173,3,71,21,D11 Male,11,5,player_vs_player,fists,7.0,D4 Male,83,100,23
173,4,72,8,D5 Female,5,4,natural_causes,dehydration,,,13,104,22
173,4,72,20,D11 Female,11,4,natural_causes,dehydration,,,14,72,21
173,4,76,19,D10 Male,10,9,player_vs_player,fists,22.0,D12 Female,111,51,20
173,5,103,18,D10 Female,10,8,player_vs_player,rock,10.0,D6 Female,2,55,19
173,5,108,11,D6 Male,6,8,natural_causes,dehydration,,,14,107,18
173,5,112,9,D5 Male,5,7,player_vs_player,rock,6.0,D4 Female,60,3,17
173,5,114,4,D3 Female,3,6,player_vs_player,fists,1.0,D1 Male,111,44,16
173,6,125,12,D7 Female,7,5,natural_causes,untreated wound,,,108,74,15
173,6,129,23,D12 Male,12,4,player_vs_player,rock,10.0,D6 Female,11,63,14
173,7,147,17,D9 Male,9,5,player_vs_player,knife,0.0,D1 Female,69,74,13
173,8,188,14,D8 Female,8,2,player_vs_player,rock,10.0,D6 Female,34,37,12
173,9,197,15,D8 Male,8,5,player_vs_player,knife,0.0,D1 Female,46,78,11
173,9,203,2,D2 Female,2,9,player_vs_player,rock,10.0,D6 Female,32,43,10
173,9,203,5,D3 Male,3,4,player_vs_player,knife,0.0,D1 Female,45,79,9
173,10,221,13,D7 Male,7,9,player_vs_player,spear,16.0,D9 Female,74,14,8
173,11,260,1,D1 Male,1,6,player_vs_player,rock,22.0,D12 Female,92,74,7
173,13,298,16,D9 Female,9,7,player_vs_player,knife,6.0,D4 Female,54,34,6
173,14,316,22,D12 Female,12,6,natural_causes,dehydration,,,89,58,5
173,15,350,0,D1 Female,1,8,player_vs_player,spear,7.0,D4 Male,63,78,4
173,16,381,7,D4 Male,4,8,natural_causes,dehydration,,,69,73,3
173,17,391,10,D6 Female,6,3,natural_causes,dehydration,,,49,56,2
174,3,50,21,D11 Male,11,8,player_vs_player,fists,1.0,D1 Male,44,9,24
174,3,58,7,D4 Male,4,5,player_vs_player,fists,5.0,D3 Male,114,81,23
174,3,63,16,D9 Female,9,7,player_vs_player,fists,20.0,D11 Female,89,7,22
174,3,63,12,D7 Female,7,5,player_vs_player,fists,9.0,D5 Male,77,107,21
174,4,72,1,D1 Male,1,7,natural_causes,dehydration,,,33,8,20
174,5,96,18,D10 Female,10,12,player_vs_player,fists,19.0,D10 Male,29,44,19
174,5,105,4,D3 Female,3,4,player_vs_player,fists,3.0,D2 Male,46,84,18
174,5,105,14,D8 Female,8,4,player_vs_player,rock,11.0,D6 Male,46,82,17
174,5,108,15,D8 Male,8,6,player_vs_player,fists,8.0,D5 Female,118,59,16
174,5,108,3,D2 Male,2,8,player_vs_player,rock,11.0,D6 Male,44,84,15
174,5,108,20,D11 Female,11,11,natural_causes,dehydration,,,64,8,14
174,5,115,2,D2 Female,2,11,natural_causes,dehydration,,,59,11,13
174,6,127,19,D10 Male,10,3,player_vs_player,spear,17.0,D9 Male,35,26,12
174,6,143,0,D1 Female,1,6,player_vs_player,knife,10.0,D6 Female,103,54,11
174,7,161,9,D5 Male,5,9,player_vs_player,knife,11.0,D6 Male,80,108,10
174,8,183,8,D5 Female,5,10,player_vs_player,knife,10.0,D6 Female,89,70,9
174,9,206,10,D6 Female,6,6,player_vs_player,spear,22.0,D12 Female,90,58,8
174,13,309,6,D4 Female,4,7,player_vs_player,spear,17.0,D9 Male,59,21,7
174,16,374,23,D12 Male,12,5,player_vs_player,bow,5.0,D3 Male,39,59,6
174,16,376,13,D7 Male,7,3,player_vs_player,bow,5.0,D3 Male,35,53,5
174,19,438,17,D9 Male,9,4,player_vs_player,bow,5.0,D3 Male,60,53,4
174,19,455,22,D12 Female,12,5,player_vs_player,spear,11.0,D6 Male,72,55,3
174,20,464,5,D3 Male,3,9,natural_causes,untreated wound,,,59,54,2
175,3,52,4,D3 Female,3,5,player_vs_player,fists,16.0,D9 Female,107,43,24
175,3,55,14,D8 Female,8,6,player_vs_player,fists,16.0,D9 Female,105,43,23
175,3,57,13,D7 Male,7,4,player_vs_player,fists,0.0,D1 Female,9,91,22
175,4,72,7,D4 Male,4,2,natural_causes,dehydration,,,2,16,21
175,4,82,12,D7 Female,7,7,player_vs_player,fists,1.0,D1 Male,42,3,20
175,4,92,10,D6 Female,6,4,player_vs_player,knife,17.0,D9 Male,54,110,19
175,4,95,15,D8 Male,8,7,player_vs_player,knife,22.0,D12 Female,36,19,18
175,5,106,9,D5 Male,5,5,player_vs_player,rock,19.0,D10 Male,116,66,17
175,5,114,19,D10 Male,10,5,natural_causes,dehydration,,,116,70,16
175,7,148,18,D10 Female,10,7,player_vs_player,fists,3.0,D2 Male,64,20,15
175,7,152,1,D1 Male,1,11,player_vs_player,knife,22.0,D12 Female,43,0,14
175,8,176,5,D3 Male,3,7,player_vs_player,spear,20.0,D11 Female,41,46,13
175,8,178,6,D4 Female,4,8,player_vs_player,spear,16.0,D9 Female,106,88,12
175,9,197,3,D2 Male,2,9,player_vs_player,fists,2.0,D2 Female,56,22,11
175,9,206,23,D12 Male,12,5,player_vs_player,spear,8.0,D5 Female,85,92,10
175,11,250,22,D12 Female,12,11,natural_causes,dehydration,,,63,21,9
175,12,286,17,D9 Male,9,8,player_vs_player,knife,11.0,D6 Male,56,88,8
175,13,299,0,D1 Female,1,7,player_vs_player,knife,11.0,D6 Male,55,94,7
175,15,353,20,D11 Female,11,3,natural_causes,untreated wound,,,57,32,6
175,16,383,11,D6 Male,6,4,player_vs_player,spear,16.0,D9 Female,41,69,5
175,18,412,2,D2 Female,2,6,player_vs_player,sword,8.0,D5 Female,72,60,4
175,18,414,21,D11 Male,11,4,player_vs_player,sword,16.0,D9 Female,58,75,3
175,19,444,8,D5 Female,5,4,player_vs_player,bow,16.0,D9 Female,66,60,2
176,2,32,7,D4 Male,4,5,player_vs_player,fists,6.0,D4 Female,22,104,24
176,2,35,19,D10 Male,10,7,player_vs_player,fists,23.0,D12 Male,78,7,23
176,2,46,14,D8 Female,8,6,player_vs_player,fists,2.0,D2 Female,108,37,22
176,3,53,21,D11 Male,11,6,player_vs_player,fists,20.0,D11 Female,65,107,21
176,3,65,3,D2 Male,2,4,player_vs_player,fists,18.0,D10 Female,22,18,20
176,4,72,2,D2 Female,2,9,natural_causes,dehydration,,,97,38,19
176,4,72,9,D5 Male,5,5,natural_causes,dehydration,,,8,74,18
176,4,72,22,D12 Female,12,8,natural_causes,dehydration,,,14,18,17
176,5,102,13,D7 Male,7,9,natural_causes,dehydration,,,108,107,16
176,5,108,11,D6 Male,6,5,player_vs_player,fists,8.0,D5 Female,0,52,15
176,5,113,15,D8 Male,8,6,player_vs_player,fists,16.0,D9 Female,90,54,14
176,7,144,0,D1 Female,1,8,natural_causes,dehydration,,,13,74,13
176,7,152,5,D3 Male,3,6,player_vs_player,fists,16.0,D9 Female,116,60,12
176,8,168,12,D7 Female,7,5,player_vs_player,fists,8.0,D5 Female,21,28,11
176,8,187,8,D5 Female,5,8,natural_causes,dehydration,,,18,18,10
176,10,235,18,D10 Female,10,12,natural_causes,dehydration,,,32,20,9
176,12,266,1,D1 Male,1,10,gamemaker,arena hazard,,,68,13,8
176,14,317,23,D12 Male,12,7,player_vs_player,bow,17.0,D9 Male,55,54,7
176,15,339,4,D3 Female,3,10,player_vs_player,knife,10.0,D6 Female,70,49,6
176,17,396,10,D6 Female,6,7,player_vs_player,knife,16.0,D9 Female,68,63,5
176,18,411,6,D4 Female,4,5,player_vs_player,bow,17.0,D9 Male,46,60,4
176,18,416,16,D9 Female,9,6,player_vs_player,spear,20.0,D11 Female,74,56,3
176,20,465,20,D11 Female,11,9,player_vs_player,bow,17.0,D9 Male,62,60,2
177,2,43,16,D9 Female,9,8,player_vs_player,fists,20.0,D11 Female,34,0,24
177,3,63,13,D7 Male,7,12,player_vs_player,fists,23.0,D12 Male,67,1,23
177,3,67,19,D10 Male,10,1,player_vs_player,fists,8.0,D5 Female,5,23,22
177,4,80,8,D5 Female,5,2,player_vs_player,fists,4.0,D3 Female,2,34,21
177,5,102,12,D7 Female,7,7,player_vs_player,fists,11.0,D6 Male,83,18,20
177,5,104,10,D6 Female,6,4,player_vs_player,fists,7.0,D4 Male,35,99,19
177,5,109,21,D11 Male,11,4,player_vs_player,fists,6.0,D4 Female,54,99,18
177,5,112,1,D1 Male,1,5,player_vs_player,fists,0.0,D1 Female,118,67,17
177,6,121,14,D8 Female,8,9,player_vs_player,fists,22.0,D12 Female,92,73,16
177,6,138,11,D6 Male,6,9,natural_causes,untreated wound,,,78,26,15
177,8,181,6,D4 Female,4,8,natural_causes,untreated wound,,,43,94,14
177,8,187,23,D12 Male,12,8,natural_causes,untreated wound,,,66,9,13
177,9,212,18,D10 Female,10,3,player_vs_player,rock,4.0,D3 Female,39,29,12
177,10,218,2,D2 Female,2,4,player_vs_player,knife,7.0,D4 Male,40,93,11
177,10,225,17,D9 Male,9,7,player_vs_player,spear,15.0,D8 Male,79,11,10
177,10,231,4,D3 Female,3,12,natural_causes,dehydration,,,38,42,9
177,11,252,3,D2 Male,2,5,player_vs_player,spear,22.0,D12 Female,82,107,8
177,11,254,5,D3 Male,3,3,player_vs_player,bow,9.0,D5 Male,41,60,7
177,14,316,15,D8 Male,8,6,natural_causes,dehydration,,,60,15,6
177,15,350,20,D11 Female,11,8,natural_causes,dehydration,,,60,20,5
177,15,354,22,D12 Female,12,7,player_vs_player,bow,0.0,D1 Female,60,90,4
177,19,437,9,D5 Male,5,8,player_vs_player,sword,7.0,D4 Male,60,58,3
177,19,442,0,D1 Female,1,8,player_vs_player,sword,7.0,D4 Male,65,65,2
178,3,60,7,D4 Male,4,6,player_vs_player,fists,0.0,D1 Female,106,70,24
178,4,72,8,D5 Female,5,6,natural_causes,dehydration,,,113,107,23
178,4,73,20,D11 Female,11,10,player_vs_player,fists,15.0,D8 Male,109,25,22
178,4,78,10,D6 Female,6,6,player_vs_player,fists,14.0,D8 Female,103,97,21
178,4,78,14,D8 Female,8,6,player_vs_player,fists,3.0,D2 Male,103,97,20
178,4,80,19,D10 Male,10,1,player_vs_player,fists,12.0,D7 Female,12,29,19
178,4,84,15,D8 Male,8,7,player_vs_player,fists,22.0,D12 Female,100,31,18
178,4,89,6,D4 Female,4,6,player_vs_player,fists,22.0,D12 Female,101,28,17
178,5,109,13,D7 Male,7,8,player_vs_player,rock,9.0,D5 Male,68,22,16
178,5,115,5,D3 Male,3,8,natural_causes,dehydration,,,4,13,15
178,6,123,21,D11 Male,11,5,player_vs_player,fists,1.0,D1 Male,13,80,14
178,7,147,2,D2 Female,2,10,player_vs_player,rock,9.0,D5 Male,45,44,13
178,7,151,1,D1 Male,1,4,natural_causes,dehydration,,,3,85,12
178,7,166,18,D10 Female,10,5,player_vs_player,knife,4.0,D3 Female,50,92,11
178,8,178,4,D3 Female,3,9,player_vs_player,knife,17.0,D9 Male,53,84,10
178,10,231,17,D9 Male,9,9,natural_causes,untreated wound,,,55,82,9
178,11,243,12,D7 Female,7,11,natural_causes,dehydration,,,8,26,8
178,14,317,9,D5 Male,5,8,player_vs_player,bow,23.0,D12 Male,57,39,7
178,16,368,16,D9 Female,9,9,player_vs_player,sword,11.0,D6 Male,61,80,6
178,16,382,22,D12 Female,12,7,player_vs_player,bow,23.0,D12 Male,55,50,5
178,16,382,23,D12 Male,12,2,player_vs_player,spear,22.0,D12 Female,53,52,4
178,19,448,3,D2 Male,2,9,player_vs_player,sword,11.0,D6 Male,60,65,3
178,20,471,11,D6 Male,6,5,natural_causes,untreated wound,,,61,72,2
179,2,43,20,D11 Female,11,8,player_vs_player,fists,22.0,D12 Female,67,111,24
179,3,53,19,D10 Male,10,6,player_vs_player,fists,12.0,D7 Female,100,14,23
179,3,61,3,D2 Male,2,5,player_vs_player,fists,10.0,D6 Female,111,63,22
179,3,69,7,D4 Male,4,6,player_vs_player,fists,9.0,D5 Male,82,14,21
179,4,74,11,D6 Male,6,7,player_vs_player,fists,15.0,D8 Male,57,0,20
179,4,76,6,D4 Female,4,7,player_vs_player,fists,16.0,D9 Female,32,0,19
179,4,78,14,D8 Female,8,5,player_vs_player,fists,10.0,D6 Female,119,73,18
179,4,87,13,D7 Male,7,2,player_vs_player,rock,5.0,D3 Male,25,66,17
179,5,118,22,D12 Female,12,5,player_vs_player,knife,8.0,D5 Female,65,109,16
179,6,122,5,D3 Male,3,7,natural_causes,untreated wound,,,12,46,15
179,6,130,4,D3 Female,3,8,player_vs_player,knife,17.0,D9 Male,79,72,14
179,6,136,21,D11 Male,11,8,natural_causes,dehydration,,,54,99,13
179,7,165,9,D5 Male,5,6,player_vs_player,knife,1.0,D1 Male,77,18,12
179,8,178,16,D9 Female,9,12,player_vs_player,knife,23.0,D12 Male,46,23,11
179,8,178,23,D12 Male,12,3,player_vs_player,rock,15.0,D8 Male,46,23,10
179,9,210,17,D9 Male,9,5,player_vs_player,spear,12.0,D7 Female,81,58,9
179,10,233,12,D7 Female,7,6,player_vs_player,rock,10.0,D6 Female,73,56,8
179,10,235,1,D1 Male,1,10,player_vs_player,rock,15.0,D8 Male,56,22,7
179,10,237,8,D5 Female,5,4,player_vs_player,spear,2.0,D2 Female,38,87,6
179,11,242,15,D8 Male,8,11,natural_causes,dehydration,,,56,24,5
179,14,314,0,D1 Female,1,1,natural_causes,dehydration,,,31,60,4
179,16,373,2,D2 Female,2,3,player_vs_player,bow,10.0,D6 Female,51,58,3
179,17,387,18,D10 Female,10,2,player_vs_player,bow,10.0,D6 Female,66,47,2
180,3,54,14,D8 Female,8,10,player_vs_player,fists,20.0,D11 Female,113,104,24
180,3,55,12,D7 Female,7,6,player_vs_player,fists,10.0,D6 Female,119,37,23
180,3,64,13,D7 Male,7,10,player_vs_player,fists,16.0,D9 Female,114,72,22
180,3,65,5,D3 Male,3,4,player_vs_player,fists,8.0,D5 Female,49,87,21
180,4,73,3,D2 Male,2,2,player_vs_player,rock,4.0,D3 Female,14,40,20
180,4,82,15,D8 Male,8,3,player_vs_player,rock,4.0,D3 Female,13,46,19
180,5,108,11,D6 Male,6,11,natural_causes,dehydration,,,43,26,18
180,6,139,9,D5 Male,5,8,player_vs_player,knife,21.0,D11 Male,37,27,17
180,6,142,20,D11 Female,11,5,natural_causes,dehydration,,,116,84,16
180,7,144,18,D10 Female,10,5,natural_causes,dehydration,,,116,69,15
180,7,161,23,D12 Male,12,7,natural_causes,dehydration,,,63,19,14
180,8,172,1,D1 Male,1,3,player_vs_player,knife,8.0,D5 Female,36,55,13
180,8,186,8,D5 Female,5,9,player_vs_player,spear,2.0,D2 Female,36,44,12
180,8,191,10,D6 Female,6,6,natural_causes,untreated wound,,,100,32,11
180,9,192,4,D3 Female,3,8,player_vs_player,knife,21.0,D11 Male,21,34,10
180,9,211,6,D4 Female,4,10,player_vs_player,spear,17.0,D9 Male,60,41,9
180,11,244,21,D11 Male,11,8,player_vs_player,spear,2.0,D2 Female,35,46,8
180,12,270,16,D9 Female,9,6,player_vs_player,fists,19.0,D10 Male,57,63,7
180,13,300,17,D9 Male,9,7,natural_causes,untreated wound,,,61,49,6
180,14,329,19,D10 Male,10,4,player_vs_player,fists,22.0,D12 Female,73,76,5
180,15,348,2,D2 Female,2,3,player_vs_player,knife,7.0,D4 Male,55,50,4
180,15,358,22,D12 Female,12,9,player_vs_player,spear,0.0,D1 Female,63,71,3
180,18,412,7,D4 Male,4,10,player_vs_player,spear,0.0,D1 Female,58,60,2
181,2,35,16,D9 Female,9,1,player_vs_player,fists,17.0,D9 Male,2,18,24
181,3,51,21,D11 Male,11,6,player_vs_player,fists,0.0,D1 Female,94,0,23
181,3,57,18,D10 Female,10,3,player_vs_player,fists,7.0,D4 Male,5,73,22
181,3,69,13,D7 Male,7,5,player_vs_player,fists,12.0,D7 Female,116,41,21
181,4,72,8,D5 Female,5,6,natural_causes,dehydration,,,15,0,20
181,4,82,9,D5 Male,5,7,player_vs_player,fists,23.0,D12 Male,14,81,19
181,5,96,1,D1 Male,1,3,player_vs_player,fists,7.0,D4 Male,12,68,18
181,5,114,19,D10 Male,10,6,player_vs_player,fists,2.0,D2 Female,61,13,17
181,7,147,10,D6 Female,6,6,player_vs_player,rock,2.0,D2 Female,46,21,16
181,7,158,3,D2 Male,2,4,player_vs_player,knife,20.0,D11 Female,113,87,15
181,8,173,15,D8 Male,8,8,player_vs_player,knife,6.0,D4 Female,92,73,14
181,8,179,14,D8 Female,8,4,player_vs_player,spear,22.0,D12 Female,59,81,13
181,9,212,23,D12 Male,12,4,natural_causes,dehydration,,,4,68,12
181,10,237,4,D3 Female,3,7,player_vs_player,spear,22.0,D12 Female,35,72,11
181,11,249,17,D9 Male,9,12,player_vs_player,knife,5.0,D3 Male,55,11,10
181,14,321,11,D6 Male,6,5,player_vs_player,knife,20.0,D11 Female,85,60,9
181,14,323,7,D4 Male,4,6,player_vs_player,bow,22.0,D12 Female,47,54,8
181,15,340,0,D1 Female,1,10,player_vs_player,spear,2.0,D2 Female,42,39,7
181,15,340,6,D4 Female,4,4,player_vs_player,knife,12.0,D7 Female,60,89,6
181,17,392,5,D3 Male,3,2,player_vs_player,sword,2.0,D2 Female,62,50,5
181,17,404,12,D7 Female,7,8,player_vs_player,bow,22.0,D12 Female,52,76,4
181,19,446,22,D12 Female,12,4,natural_causes,untreated wound,,,53,65,3
181,20,460,20,D11 Female,11,5,player_vs_player,sword,2.0,D2 Female,67,59,2
182,3,54,7,D4 Male,4,9,player_vs_player,fists,12.0,D7 Female,102,9,24
182,3,61,21,D11 Male,11,5,player_vs_player,fists,14.0,D8 Female,87,100,23
182,4,72,17,D9 Male,9,6,natural_causes,dehydration,,,105,58,22
182,4,72,18,D10 Female,10,9,natural_causes,dehydration,,,105,60,21
182,4,83,15,D8 Male,8,1,player_vs_player,fists,22.0,D12 Female,23,13,20
182,4,91,8,D5 Female,5,6,player_vs_player,fists,5.0,D3 Male,56,26,19
182,4,93,10,D6 Female,6,4,player_vs_player,fists,19.0,D10 Male,63,119,18
182,5,96,13,D7 Male,7,6,player_vs_player,fists,12.0,D7 Female,116,13,17
182,5,114,19,D10 Male,10,4,player_vs_player,fists,6.0,D4 Female,55,118,16
182,6,132,14,D8 Female,8,5,player_vs_player,fists,0.0,D1 Female,65,111,15
182,6,136,9,D5 Male,5,6,player_vs_player,fists,12.0,D7 Female,101,0,14
182,6,140,22,D12 Female,12,1,player_vs_player,fists,2.0,D2 Female,42,8,13
182,8,173,3,D2 Male,2,7,player_vs_player,rock,5.0,D3 Male,82,14,12
182,8,176,20,D11 Female,11,6,player_vs_player,knife,23.0,D12 Male,96,34,11
182,9,209,12,D7 Female,7,6,player_vs_player,rock,5.0,D3 Male,95,21,10
182,11,240,4,D3 Female,3,3,player_vs_player,spear,1.0,D1 Male,22,31,9
182,12,275,16,D9 Female,9,8,player_vs_player,spear,1.0,D1 Male,52,24,8
182,13,296,0,D1 Female,1,8,natural_causes,dehydration,,,47,89,7
182,13,305,1,D1 Male,1,3,player_vs_player,knife,23.0,D12 Male,64,38,6
182,13,311,5,D3 Male,3,9,player_vs_player,knife,23.0,D12 Male,59,42,5
182,14,326,11,D6 Male,6,8,player_vs_player,spear,6.0,D4 Female,26,45,4
182,14,328,23,D12 Male,12,6,player_vs_player,bow,2.0,D2 Female,55,34,3
182,15,348,6,D4 Female,4,8,natural_causes,dehydration,,,26,47,2
183,2,30,8,D5 Female,5,7,player_vs_player,fists,2.0,D2 Female,90,1,24
183,3,48,17,D9 Male,9,6,player_vs_player,fists,10.0,D6 Female,44,110,23
183,3,62,3,D2 Male,2,10,player_vs_player,fists,7.0,D4 Male,40,11,22
183,4,83,18,D10 Female,10,8,player_vs_player,fists,23.0,D12 Male,73,0,21
183,4,84,15,D8 Male,8,8,player_vs_player,fists,22.0,D12 Female,22,67,20
183,4,88,1,D1 Male,1,5,player_vs_player,fists,13.0,D7 Male,35,119,19
183,5,104,21,D11 Male,11,7,player_vs_player,spear,0.0,D1 Female,96,71,18
183,5,104,14,D8 Female,8,6,player_vs_player,fists,5.0,D3 Male,66,97,17
183,5,118,5,D3 Male,3,8,player_vs_player,fists,16.0,D9 Female,60,99,16
183,7,164,2,D2 Female,2,9,player_vs_player,fists,23.0,D12 Male,83,10,15
183,7,166,19,D10 Male,10,7,natural_causes,untreated wound,,,69,37,14
183,8,191,16,D9 Female,9,6,player_vs_player,sword,12.0,D7 Female,49,89,13
183,9,201,9,D5 Male,5,4,player_vs_player,knife,10.0,D6 Female,29,97,12
183,11,249,4,D3 Female,3,11,player_vs_player,knife,11.0,D6 Male,64,18,11
183,12,274,12,D7 Female,7,4,player_vs_player,spear,13.0,D7 Male,43,60,10
183,12,279,7,D4 Male,4,7,natural_causes,untreated wound,,,60,14,9
183,13,305,11,D6 Male,6,7,natural_causes,dehydration,,,60,22,8
183,14,334,6,D4 Female,4,9,natural_causes,dehydration,,,87,63,7
183,15,347,10,D6 Female,6,8,player_vs_player,spear,13.0,D7 Male,46,66,6
183,15,350,23,D12 Male,12,8,natural_causes,dehydration,,,61,37,5
183,16,381,0,D1 Female,1,6,player_vs_player,spear,13.0,D7 Male,61,71,4
183,16,381,20,D11 Female,11,3,natural_causes,dehydration,,,49,48,3
183,17,396,22,D12 Female,12,4,player_vs_player,bow,13.0,D7 Male,61,63,2
184,2,36,21,D11 Male,11,5,player_vs_player,rock,2.0,D2 Female,46,119,24
184,2,43,4,D3 Female,3,5,player_vs_player,fists,13.0,D7 Male,106,89,23
184,3,70,13,D7 Male,7,10,player_vs_player,fists,5.0,D3 Male,102,78,22
184,4,72,1,D1 Male,1,12,natural_causes,dehydration,,,13,13,21
184,4,72,8,D5 Female,5,8,natural_causes,dehydration,,,15,13,20
184,4,72,9,D5 Male,5,6,natural_causes,dehydration,,,98,23,19
184,4,86,19,D10 Male,10,4,player_vs_player,fists,6.0,D4 Female,0,69,18
184,5,101,0,D1 Female,1,6,player_vs_player,fists,23.0,D12 Male,83,22,17
184,5,106,22,D12 Female,12,8,player_vs_player,rock,12.0,D7 Female,81,22,16
184,5,109,5,D3 Male,3,10,player_vs_player,knife,17.0,D9 Male,99,65,15
184,6,122,15,D8 Male,8,5,player_vs_player,rock,2.0,D2 Female,68,92,14
184,6,130,23,D12 Male,12,11,player_vs_player,rock,12.0,D7 Female,73,15,13
184,7,159,16,D9 Female,9,4,player_vs_player,rock,3.0,D2 Male,31,79,12
184,8,179,6,D4 Female,4,3,player_vs_player,knife,7.0,D4 Male,6,60,11
184,9,195,18,D10 Female,10,2,natural_causes,dehydration,,,14,22,10
184,12,265,10,D6 Female,6,8,player_vs_player,rock,12.0,D7 Female,60,21,9
184,13,310,7,D4 Male,4,8,player_vs_player,spear,3.0,D2 Male,33,60,8
184,14,324,17,D9 Male,9,6,player_vs_player,bow,14.0,D8 Female,82,46,7
184,15,348,11,D6 Male,6,3,player_vs_player,spear,20.0,D11 Female,58,90,6
184,15,359,14,D8 Female,8,5,player_vs_player,spear,12.0,D7 Female,80,41,5
184,17,394,3,D2 Male,2,8,gamemaker,arena hazard,,,32,61,4
184,19,446,20,D11 Female,11,12,player_vs_player,spear,12.0,D7 Female,60,59,3
184,19,450,12,D7 Female,7,8,natural_causes,untreated wound,,,59,56,2
185,2,36,23,D12 Male,12,7,player_vs_player,fists,0.0,D1 Female,94,1,24
185,3,69,13,D7 Male,7,11,player_vs_player,fists,11.0,D6 Male,42,7,23
185,4,74,1,D1 Male,1,8,player_vs_player,fists,22.0,D12 Female,8,99,22
185,4,74,2,D2 Female,2,6,player_vs_player,fists,6.0,D4 Female,101,14,21
185,4,78,19,D10 Male,10,6,player_vs_player,fists,9.0,D5 Male,84,103,20
185,4,94,11,D6 Male,6,8,natural_causes,dehydration,,,42,1,19
185,6,140,7,D4 Male,4,5,player_vs_player,spear,15.0,D8 Male,38,71,18
185,7,150,3,D2 Male,2,8,player_vs_player,spear,15.0,D8 Male,27,61,17
185,7,151,5,D3 Male,3,7,natural_causes,dehydration,,,37,7,16
185,7,156,6,D4 Female,4,10,gamemaker,arena hazard,,,91,9,15
185,7,166,4,D3 Female,3,11,natural_causes,dehydration,,,36,7,14
185,8,168,0,D1 Female,1,6,natural_causes,dehydration,,,73,3,13
185,8,171,9,D5 Male,5,9,player_vs_player,rock,18.0,D10 Female,100,103,12
185,9,201,10,D6 Female,6,6,natural_causes,dehydration,,,79,5,11
185,9,202,8,D5 Female,5,9,player_vs_player,sword,16.0,D9 Female,80,28,10
185,9,202,22,D12 Female,12,5,player_vs_player,bow,12.0,D7 Female,46,60,9
185,9,210,17,D9 Male,9,4,player_vs_player,bow,12.0,D7 Female,50,55,8
185,11,258,21,D11 Male,11,4,player_vs_player,sword,16.0,D9 Female,66,27,7
185,11,262,16,D9 Female,9,6,player_vs_player,spear,14.0,D8 Female,68,32,6
185,15,352,12,D7 Female,7,4,player_vs_player,spear,14.0,D8 Female,57,50,5
185,15,353,20,D11 Female,11,6,player_vs_player,sword,18.0,D10 Female,60,55,4
185,16,368,18,D10 Female,10,6,player_vs_player,spear,14.0,D8 Female,63,58,3
185,17,400,15,D8 Male,8,4,player_vs_player,spear,14.0,D8 Female,56,60,2
186,2,24,15,D8 Male,8,3,player_vs_player,fists,19.0,D10 Male,7,38,24
186,3,55,7,D4 Male,4,5,player_vs_player,fists,5.0,D3 Male,119,69,23
186,4,72,4,D3 Female,3,9,natural_causes,dehydration,,,98,112,22
186,4,72,8,D5 Female,5,8,natural_causes,dehydration,,,56,94,21
186,4,72,11,D6 Male,6,6,natural_causes,dehydration,,,91,5,20
186,4,72,14,D8 Female,8,4,natural_causes,dehydration,,,51,93,19
186,4,74,6,D4 Female,4,6,player_vs_player,fists,1.0,D1 Male,81,12,18
186,4,76,13,D7 Male,7,7,player_vs_player,fists,3.0,D2 Male,18,7,17
186,4,77,18,D10 Female,10,10,player_vs_player,fists,3.0,D2 Male,18,7,16
186,5,101,19,D10 Male,10,3,natural_causes,dehydration,,,41,16,15
186,6,121,16,D9 Female,9,4,player_vs_player,fists,23.0,D12 Male,22,103,14
186,6,123,22,D12 Female,12,4,player_vs_player,knife,20.0,D11 Female,22,88,13
186,6,130,17,D9 Male,9,6,player_vs_player,knife,21.0,D11 Male,97,22,12
186,7,165,5,D3 Male,3,5,player_vs_player,rock,9.0,D5 Male,93,68,11
186,9,195,2,D2 Female,2,9,player_vs_player,rock,9.0,D5 Male,93,72,10
186,10,227,20,D11 Female,11,4,player_vs_player,knife,23.0,D12 Male,40,64,9
186,12,264,3,D2 Male,2,6,player_vs_player,knife,10.0,D6 Female,35,48,8
186,12,265,0,D1 Female,1,9,player_vs_player,spear,1.0,D1 Male,55,36,7
186,13,293,9,D5 Male,5,4,gamemaker,arena hazard,,,84,75,6
186,13,311,23,D12 Male,12,8,player_vs_player,spear,1.0,D1 Male,59,46,5
186,14,313,12,D7 Female,7,4,natural_causes,dehydration,,,79,66,4
186,14,319,1,D1 Male,1,9,player_vs_player,spear,21.0,D11 Male,62,46,3
186,16,375,10,D6 Female,6,7,player_vs_player,bow,21.0,D11 Male,56,60,2
187,2,39,0,D1 Female,1,9,player_vs_player,fists,15.0,D8 Male,7,18,24
187,3,52,5,D3 Male,3,6,player_vs_player,fists,13.0,D7 Male,102,12,23
187,3,60,13,D7 Male,7,8,natural_causes,untreated wound,,,103,7,22
187,4,72,10,D6 Female,6,7,natural_causes,dehydration,,,11,90,21
187,4,72,11,D6 Male,6,6,natural_causes,dehydration,,,96,37,20
187,4,72,12,D7 Female,7,4,natural_causes,dehydration,,,48,98,19
187,4,86,9,D5 Male,5,7,player_vs_player,fists,4.0,D3 Female,18,96,18
187,5,106,15,D8 Male,8,7,player_vs_player,knife,14.0,D8 Female,30,22,17
187,5,117,20,D11 Female,11,4,player_vs_player,fists,4.0,D3 Female,1,94,16
187,6,135,6,D4 Female,4,5,player_vs_player,rock,22.0,D12 Female,116,81,15
187,6,137,21,D11 Male,11,5,player_vs_player,knife,7.0,D4 Male,72,92,14
187,7,162,19,D10 Male,10,8,player_vs_player,knife,17.0,D9 Male,107,42,13
187,8,170,16,D9 Female,9,7,player_vs_player,fists,18.0,D10 Female,55,37,12
187,8,173,8,D5 Female,5,7,player_vs_player,knife,2.0,D2 Female,80,90,11
187,10,217,18,D10 Female,10,9,player_vs_player,spear,3.0,D2 Male,50,38,10
187,11,242,17,D9 Male,9,5,player_vs_player,knife,23.0,D12 Male,63,36,9
187,11,247,2,D2 Female,2,7,player_vs_player,spear,7.0,D4 Male,102,86,8
187,14,316,22,D12 Female,12,5,natural_causes,dehydration,,,89,59,7
187,14,334,7,D4 Male,4,4,natural_causes,dehydration,,,90,58,6
187,15,348,1,D1 Male,1,2,player_vs_player,sword,23.0,D12 Male,60,42,5
187,16,365,14,D8 Female,8,2,player_vs_player,sword,23.0,D12 Male,53,40,4
187,16,376,3,D2 Male,2,6,gamemaker,arena hazard,,,53,30,3
187,19,444,4,D3 Female,3,3,player_vs_player,sword,23.0,D12 Male,54,60,2
188,3,53,7,D4 Male,4,7,player_vs_player,fists,10.0,D6 Female,72,25,24
188,3,65,11,D6 Male,6,4,player_vs_player,fists,0.0,D1 Female,9,97,23
188,4,72,12,D7 Female,7,6,natural_causes,dehydration,,,86,47,22
188,4,72,15,D8 Male,8,5,natural_causes,dehydration,,,98,100,21
188,4,72,17,D9 Male,9,5,natural_causes,dehydration,,,34,105,20
188,4,90,9,D5 Male,5,2,player_vs_player,rock,5.0,D3 Male,42,38,19
188,5,96,4,D3 Female,3,7,player_vs_player,fists,14.0,D8 Female,42,0,18
188,5,119,19,D10 Male,10,3,player_vs_player,rock,5.0,D3 Male,23,60,17
188,6,131,1,D1 Male,1,6,natural_causes,untreated wound,,,50,58,16
188,6,135,20,D11 Female,11,5,player_vs_player,fists,0.0,D1 Female,16,86,15
188,7,166,23,D12 Male,12,9,player_vs_player,fists,21.0,D11 Male,82,118,14
188,9,194,6,D4 Female,4,6,player_vs_player,rock,10.0,D6 Female,90,37,13
188,9,204,22,D12 Female,12,8,player_vs_player,rock,0.0,D1 Female,17,69,12
188,9,208,5,D3 Male,3,7,player_vs_player,bow,13.0,D7 Male,52,58,11
188,11,247,2,D2 Female,2,3,player_vs_player,rock,0.0,D1 Female,14,60,10
188,11,260,18,D10 Female,10,9,player_vs_player,rock,10.0,D6 Female,71,24,9
188,12,273,13,D7 Male,7,6,natural_causes,untreated wound,,,76,40,8
188,13,288,16,D9 Female,9,6,player_vs_player,bow,3.0,D2 Male,59,44,7
188,14,334,21,D11 Male,11,9,natural_causes,dehydration,,,69,95,6
188,15,340,8,D5 Female,5,5,player_vs_player,bow,3.0,D2 Male,66,46,5
188,15,349,10,D6 Female,6,10,gamemaker,arena hazard,,,68,23,4
188,19,436,3,D2 Male,2,9,player_vs_player,bow,0.0,D1 Female,65,61,3
188,19,448,0,D1 Female,1,8,player_vs_player,bow,14.0,D8 Female,56,67,2
189,2,27,17,D9 Male,9,6,player_vs_player,fists,10.0,D6 Female,115,35,24
189,2,33,12,D7 Female,7,3,player_vs_player,fists,7.0,D4 Male,11,73,23
189,2,46,13,D7 Male,7,12,player_vs_player,fists,1.0,D1 Male,45,8,22
189,3,49,23,D12 Male,12,5,player_vs_player,fists,3.0,D2 Male,78,100,21
189,4,72,1,D1 Male,1,6,natural_causes,dehydration,,,53,18,20
189,4,74,2,D2 Female,2,7,player_vs_player,fists,0.0,D1 Female,110,96,19
189,5,117,19,D10 Male,10,4,player_vs_player,fists,7.0,D4 Male,14,65,18
189,6,130,0,D1 Female,1,5,player_vs_player,rock,22.0,D12 Female,91,88,17
189,6,131,15,D8 Male,8,8,player_vs_player,fists,9.0,D5 Male,99,31,16
189,7,158,4,D3 Female,3,4,player_vs_player,fists,3.0,D2 Male,26,101,15
189,7,161,14,D8 Female,8,3,player_vs_player,fists,16.0,D9 Female,13,35,14
189,7,163,10,D6 Female,6,6,player_vs_player,fists,9.0,D5 Male,112,41,13
189,10,232,16,D9 Female,9,3,natural_causes,untreated wound,,,29,59,12
189,10,238,11,D6 Male,6,4,natural_causes,dehydration,,,22,69,11
189,11,242,7,D4 Male,4,7,player_vs_player,rock,21.0,D11 Male,28,49,10
189,11,242,6,D4 Female,4,7,natural_causes,untreated wound,,,27,53,9
189,12,270,20,D11 Female,11,8,player_vs_player,spear,18.0,D10 Female,83,40,8
189,12,275,9,D5 Male,5,6,natural_causes,dehydration,,,94,52,7
189,13,305,5,D3 Male,3,12,natural_causes,dehydration,,,46,40,6
189,15,336,21,D11 Male,11,7,natural_causes,dehydration,,,45,66,5
189,15,338,8,D5 Female,5,6,player_vs_player,spear,18.0,D10 Female,60,42,4
189,15,346,18,D10 Female,10,6,gamemaker,arena hazard,,,60,46,3
189,16,379,3,D2 Male,2,7,natural_causes,dehydration,,,50,60,2
190,2,46,15,D8 Male,8,1,player_vs_player,fists,5.0,D3 Male,0,31,24
190,3,51,17,D9 Male,9,5,player_vs_player,fists,10.0,D6 Female,117,89,23
190,3,61,16,D9 Female,9,5,player_vs_player,fists,8.0,D5 Female,113,53,22
190,3,71,12,D7 Female,7,2,player_vs_player,fists,21.0,D11 Male,4,44,21
190,4,73,10,D6 Female,6,10,player_vs_player,fists,4.0,D3 Female,119,94,20
190,4,74,20,D11 Female,11,4,player_vs_player,fists,2.0,D2 Female,101,119,19
190,4,74,19,D10 Male,10,3,player_vs_player,fists,23.0,D12 Male,1,87,18
190,5,100,9,D5 Male,5,3,player_vs_player,fists,14.0,D8 Female,22,105,17
190,6,135,4,D3 Female,3,4,natural_causes,untreated wound,,,113,84,16
190,6,138,11,D6 Male,6,11,player_vs_player,knife,3.0,D2 Male,60,3,15
190,7,151,18,D10 Female,10,7,player_vs_player,fists,6.0,D4 Female,66,8,14
190,7,161,7,D4 Male,4,3,player_vs_player,spear,13.0,D7 Male,60,82,13
190,7,161,6,D4 Female,4,10,player_vs_player,knife,3.0,D2 Male,67,9,12
190,8,191,22,D12 Female,12,4,player_vs_player,knife,14.0,D8 Female,72,96,11
190,9,198,23,D12 Male,12,3,natural_causes,untreated wound,,,23,86,10
190,10,231,21,D11 Male,11,8,natural_causes,dehydration,,,14,50,9
190,11,241,14,D8 Female,8,8,natural_causes,dehydration,,,56,101,8
190,11,248,8,D5 Female,5,5,player_vs_player,knife,2.0,D2 Female,93,58,7
190,12,282,3,D2 Male,2,7,player_vs_player,knife,1.0,D1 Male,72,49,6
190,13,289,0,D1 Female,1,7,player_vs_player,knife,5.0,D3 Male,56,63,5
190,14,335,2,D2 Female,2,8,natural_causes,dehydration,,,83,60,4
190,15,339,1,D1 Male,1,5,player_vs_player,bow,5.0,D3 Male,60,48,3
190,17,388,13,D7 Male,7,8,player_vs_player,bow,5.0,D3 Male,60,62,2
191,3,49,13,D7 Male,7,4,player_vs_player,fists,11.0,D6 Male,6,78,24
191,3,55,3,D2 Male,2,6,player_vs_player,fists,5.0,D3 Male,39,3,23
191,3,58,15,D8 Male,8,9,player_vs_player,fists,0.0,D1 Female,108,61,22
191,3,61,0,D1 Female,1,5,player_vs_player,fists,19.0,D10 Male,109,62,21
191,3,63,5,D3 Male,3,6,player_vs_player,fists,2.0,D2 Female,42,4,20
191,3,65,17,D9 Male,9,11,player_vs_player,fists,2.0,D2 Female,42,4,19
191,3,68,21,D11 Male,11,5,player_vs_player,fists,12.0,D7 Female,2,102,18
191,6,121,8,D5 Female,5,8,player_vs_player,fists,6.0,D4 Female,44,80,17
191,6,137,18,D10 Female,10,6,player_vs_player,fists,19.0,D10 Male,119,44,16
191,7,148,22,D12 Female,12,8,player_vs_player,rock,16.0,D9 Female,7,49,15
191,7,160,7,D4 Male,4,5,player_vs_player,fists,12.0,D7 Female,28,66,14
191,7,162,4,D3 Female,3,9,player_vs_player,rock,10.0,D6 Female,108,16,13
191,8,184,10,D6 Female,6,6,gamemaker,arena hazard,,,109,15,12
191,9,211,6,D4 Female,4,5,player_vs_player,fists,11.0,D6 Male,10,44,11
191,9,213,11,D6 Male,6,4,player_vs_player,rock,16.0,D9 Female,9,43,10
191,10,216,20,D11 Female,11,4,player_vs_player,rock,2.0,D2 Female,20,34,9
191,13,288,12,D7 Female,7,8,natural_causes,untreated wound,,,31,70,8
191,13,302,1,D1 Male,1,5,natural_causes,dehydration,,,80,82,7
191,13,308,14,D8 Female,8,5,player_vs_player,knife,2.0,D2 Female,38,41,6
191,13,308,2,D2 Female,2,11,player_vs_player,bow,14.0,D8 Female,38,41,5
191,16,371,9,D5 Male,5,6,natural_causes,dehydration,,,60,40,4
191,16,380,19,D10 Male,10,6,player_vs_player,spear,23.0,D12 Male,80,59,3
191,17,397,23,D12 Male,12,9,natural_causes,dehydration,,,80,60,2
192,2,38,19,D10 Male,10,3,player_vs_player,fists,14.0,D8 Female,12,22,24
192,3,48,4,D3 Female,3,9,player_vs_player,fists,6.0,D4 Female,95,12,23
192,3,56,7,D4 Male,4,5,player_vs_player,fists,15.0,D8 Male,94,23,22
192,3,66,11,D6 Male,6,3,player_vs_player,fists,18.0,D10 Female,2,33,21
192,4,72,15,D8 Male,8,5,natural_causes,dehydration,,,103,22,20
192,4,74,18,D10 Female,10,8,player_vs_player,fists,14.0,D8 Female,0,35,19
192,4,94,1,D1 Male,1,3,natural_causes,untreated wound,,,23,84,18
192,5,101,21,D11 Male,11,5,player_vs_player,spear,9.0,D5 Male,74,71,17
192,5,105,3,D2 Male,2,10,natural_causes,dehydration,,,48,45,16
192,5,108,2,D2 Female,2,5,natural_causes,dehydration,,,52,17,15
192,6,123,12,D7 Female,7,8,player_vs_player,rock,23.0,D12 Male,24,84,14
192,7,167,10,D6 Female,6,3,player_vs_player,rock,23.0,D12 Male,1,81,13
192,8,179,22,D12 Female,12,5,player_vs_player,spear,20.0,D11 Female,49,54,12
192,10,226,16,D9 Female,9,5,player_vs_player,rock,17.0,D9 Male,77,106,11
192,10,229,5,D3 Male,3,7,player_vs_player,knife,13.0,D7 Male,40,14,10
192,12,266,0,D1 Female,1,8,player_vs_player,spear,9.0,D5 Male,106,60,9
192,12,281,23,D12 Male,12,5,natural_causes,untreated wound,,,23,84,8
192,15,336,6,D4 Female,4,5,player_vs_player,spear,20.0,D11 Female,60,43,7
192,17,397,9,D5 Male,5,8,natural_causes,dehydration,,,83,60,6
192,17,401,20,D11 Female,11,5,player_vs_player,spear,8.0,D5 Female,52,49,5
192,18,412,13,D7 Male,7,7,player_vs_player,spear,14.0,D8 Female,48,48,4
192,19,436,17,D9 Male,9,5,player_vs_player,spear,8.0,D5 Female,61,41,3
192,20,477,14,D8 Female,8,11,player_vs_player,spear,8.0,D5 Female,56,56,2
193,2,28,16,D9 Female,9,8,player_vs_player,fists,8.0,D5 Female,10,109,24
193,2,46,13,D7 Male,7,1,player_vs_player,fists,2.0,D2 Female,0,33,23
193,3,52,10,D6 Female,6,5,player_vs_player,fists,5.0,D3 Male,70,105,22
193,3,60,15,D8 Male,8,7,player_vs_player,fists,7.0,D4 Male,82,1,21
193,3,61,19,D10 Male,10,6,player_vs_player,fists,18.0,D10 Female,101,65,20
193,3,66,12,D7 Female,7,4,player_vs_player,fists,20.0,D11 Female,0,97,19
193,5,103,20,D11 Female,11,3,player_vs_player,fists,8.0,D5 Female,1,89,18
193,5,118,14,D8 Female,8,6,player_vs_player,fists,18.0,D10 Female,101,48,17
193,6,120,11,D6 Male,6,5,player_vs_player,knife,5.0,D3 Male,63,108,16
193,6,137,0,D1 Female,1,9,natural_causes,untreated wound,,,79,33,15
193,6,138,9,D5 Male,5,2,player_vs_player,knife,17.0,D9 Male,0,47,14
193,7,153,1,D1 Male,1,5,player_vs_player,rock,18.0,D10 Female,98,60,13
193,7,165,4,D3 Female,3,5,player_vs_player,rock,18.0,D10 Female,96,67,12
193,8,187,6,D4 Female,4,6,player_vs_player,rock,21.0,D11 Male,106,59,11
193,9,199,18,D10 Female,10,9,player_vs_player,rock,21.0,D11 Male,111,53,10
193,9,215,3,D2 Male,2,8,player_vs_player,bow,23.0,D12 Male,82,82,9
193,13,303,22,D12 Female,12,8,player_vs_player,knife,2.0,D2 Female,44,28,8
193,14,335,23,D12 Male,12,8,natural_causes,untreated wound,,,81,77,7
193,16,374,2,D2 Female,2,10,player_vs_player,spear,7.0,D4 Male,54,40,6
193,18,408,7,D4 Male,4,10,player_vs_player,spear,21.0,D11 Male,63,50,5
193,18,415,8,D5 Female,5,4,player_vs_player,spear,21.0,D11 Male,60,55,4
193,19,439,17,D9 Male,9,8,player_vs_player,knife,5.0,D3 Male,47,60,3
193,19,455,21,D11 Male,11,7,natural_causes,untreated wound,,,57,60,2
194,2,28,23,D12 Male,12,11,player_vs_player,fists,22.0,D12 Female,60,9,24
194,3,48,13,D7 Male,7,4,player_vs_player,fists,4.0,D3 Female,19,119,23
194,3,53,16,D9 Female,9,5,player_vs_player,fists,21.0,D11 Male,83,116,22
194,4,72,6,D4 Female,4,6,natural_causes,dehydration,,,92,19,21
194,4,92,21,D11 Male,11,5,player_vs_player,fists,5.0,D3 Male,72,112,20
194,5,96,3,D2 Male,2,7,player_vs_player,fists,9.0,D5 Male,81,18,19
194,6,121,20,D11 Female,11,10,player_vs_player,fists,18.0,D10 Female,80,36,18
194,6,139,2,D2 Female,2,6,player_vs_player,rock,9.0,D5 Male,86,13,17
194,6,142,9,D5 Male,5,10,player_vs_player,rock,22.0,D12 Female,86,12,16
194,8,184,10,D6 Female,6,8,player_vs_player,fists,14.0,D8 Female,19,25,15
194,8,189,14,D8 Female,8,3,player_vs_player,fists,1.0,D1 Male,22,28,14
194,10,235,4,D3 Female,3,8,player_vs_player,spear,15.0,D8 Male,25,87,13
194,10,238,5,D3 Male,3,4,player_vs_player,bow,7.0,D4 Male,60,71,12
194,10,239,18,D10 Female,10,6,player_vs_player,rock,22.0,D12 Female,95,58,11
194,13,294,12,D7 Female,7,12,player_vs_player,fists,1.0,D1 Male,34,47,10
194,13,308,19,D10 Male,10,4,player_vs_player,bow,7.0,D4 Male,62,70,9
194,14,314,8,D5 Female,5,9,player_vs_player,rock,22.0,D12 Female,96,60,8
194,15,346,11,D6 Male,6,5,player_vs_player,bow,7.0,D4 Male,76,82,7
194,15,348,1,D1 Male,1,2,player_vs_player,sword,17.0,D9 Male,35,49,6
194,17,385,17,D9 Male,9,8,natural_causes,dehydration,,,46,43,5
194,17,407,22,D12 Female,12,8,player_vs_player,sword,0.0,D1 Female,76,63,4
194,18,415,7,D4 Male,4,3,player_vs_player,bow,15.0,D8 Male,64,77,3
194,20,456,15,D8 Male,8,9,player_vs_player,sword,0.0,D1 Female,60,63,2
195,2,34,20,D11 Female,11,6,player_vs_player,fists,14.0,D8 Female,113,90,24
195,2,46,7,D4 Male,4,4,player_vs_player,fists,17.0,D9 Male,4,32,23
195,3,54,13,D7 Male,7,6,player_vs_player,fists,14.0,D8 Female,119,88,22
195,3,69,19,D10 Male,10,7,player_vs_player,fists,18.0,D10 Female,59,15,21
195,4,72,14,D8 Female,8,9,natural_causes,dehydration,,,119,73,20
195,4,80,18,D10 Female,10,7,player_vs_player,fists,6.0,D4 Female,54,14,19
195,5,108,10,D6 Female,6,7,natural_causes,dehydration,,,14,67,18
195,5,115,9,D5 Male,5,5,player_vs_player,fists,0.0,D1 Female,47,118,17
195,5,115,4,D3 Female,3,6,natural_causes,dehydration,,,106,39,16
195,5,115,15,D8 Male,8,11,natural_causes,dehydration,,,105,37,15
195,6,124,5,D3 Male,3,5,player_vs_player,knife,22.0,D12 Female,99,85,14
195,6,136,8,D5 Female,5,5,player_vs_player,fists,21.0,D11 Male,40,96,13
195,7,166,11,D6 Male,6,7,player_vs_player,rock,12.0,D7 Female,95,22,12
195,8,186,2,D2 Female,2,12,natural_causes,untreated wound,,,103,31,11
195,10,233,22,D12 Female,12,6,player_vs_player,spear,1.0,D1 Male,95,82,10
195,11,254,0,D1 Female,1,7,player_vs_player,fists,21.0,D11 Male,68,104,9
195,14,327,21,D11 Male,11,9,player_vs_player,bow,23.0,D12 Male,60,82,8
195,16,360,17,D9 Male,9,4,player_vs_player,knife,6.0,D4 Female,40,53,7
195,16,368,3,D2 Male,2,6,player_vs_player,spear,12.0,D7 Female,63,44,6
195,16,374,1,D1 Male,1,9,player_vs_player,spear,12.0,D7 Female,65,49,5
195,16,380,6,D4 Female,4,11,player_vs_player,knife,16.0,D9 Female,44,57,4
195,18,415,16,D9 Female,9,5,player_vs_player,bow,23.0,D12 Male,50,60,3
195,18,428,23,D12 Male,12,5,player_vs_player,spear,12.0,D7 Female,57,59,2
196,2,25,3,D2 Male,2,4,player_vs_player,fists,11.0,D6 Male,37,118,24
196,2,29,8,D5 Female,5,5,player_vs_player,fists,1.0,D1 Male,113,77,23
196,2,38,22,D12 Female,12,7,player_vs_player,fists,5.0,D3 Male,94,4,22
196,2,44,9,D5 Male,5,7,player_vs_player,fists,10.0,D6 Female,20,12,21
196,3,48,5,D3 Male,3,6,natural_causes,untreated wound,,,92,7,20
196,3,64,6,D4 Female,4,7,player_vs_player,fists,17.0,D9 Male,8,52,19
196,3,67,19,D10 Male,10,1,player_vs_player,fists,17.0,D9 Male,8,52,18
196,4,72,4,D3 Female,3,10,natural_causes,dehydration,,,7,11,17
196,4,72,10,D6 Female,6,7,natural_causes,dehydration,,,25,8,16
196,4,88,20,D11 Female,11,9,player_vs_player,fists,18.0,D10 Female,112,31,15
196,4,89,11,D6 Male,6,4,player_vs_player,fists,21.0,D11 Male,45,104,14
196,4,93,17,D9 Male,9,3,player_vs_player,fists,13.0,D7 Male,8,37,13
196,5,99,14,D8 Female,8,5,player_vs_player,fists,7.0,D4 Male,68,101,12
196,5,108,13,D7 Male,7,1,natural_causes,dehydration,,,8,50,11
196,6,126,12,D7 Female,7,9,player_vs_player,fists,18.0,D10 Female,111,39,10
196,8,184,18,D10 Female,10,6,player_vs_player,knife,23.0,D12 Male,111,32,9
196,10,231,7,D4 Male,4,8,player_vs_player,bow,0.0,D1 Female,61,74,8
196,11,247,1,D1 Male,1,5,player_vs_player,bow,0.0,D1 Female,60,79,7
196,15,350,23,D12 Male,12,6,player_vs_player,spear,15.0,D8 Male,65,46,6
196,16,378,16,D9 Female,9,3,player_vs_player,spear,21.0,D11 Male,54,58,5
196,17,402,21,D11 Male,11,8,gamemaker,arena hazard,,,48,64,4
196,18,411,0,D1 Female,1,4,player_vs_player,sword,2.0,D2 Female,60,63,3
196,18,414,2,D2 Female,2,8,player_vs_player,spear,15.0,D8 Male,59,61,2
197,3,63,11,D6 Male,6,3,player_vs_player,fists,6.0,D4 Female,23,64,24
197,3,68,22,D12 Female,12,10,player_vs_player,fists,18.0,D10 Female,103,46,23
197,4,72,4,D3 Female,3,4,natural_causes,dehydration,,,85,98,22
197,4,78,23,D12 Male,12,7,player_vs_player,rock,1.0,D1 Male,68,0,21
197,4,90,5,D3 Male,3,3,player_vs_player,fists,2.0,D2 Female,40,119,20
197,6,122,2,D2 Female,2,7,natural_causes,untreated wound,,,42,105,19
197,6,126,7,D4 Male,4,6,natural_causes,untreated wound,,,66,15,18
197,6,131,13,D7 Male,7,10,natural_causes,untreated wound,,,96,16,17
197,6,135,0,D1 Female,1,4,player_vs_player,fists,3.0,D2 Male,108,44,16
197,7,156,1,D1 Male,1,10,player_vs_player,fists,20.0,D11 Female,76,32,15
197,8,176,3,D2 Male,2,4,natural_causes,dehydration,,,101,55,14
197,8,177,14,D8 Female,8,4,player_vs_player,fists,19.0,D10 Male,34,80,13
197,8,182,8,D5 Female,5,6,player_vs_player,fists,20.0,D11 Female,75,29,12
197,8,183,19,D10 Male,10,8,natural_causes,untreated wound,,,34,78,11
197,8,184,20,D11 Female,11,7,player_vs_player,fists,9.0,D5 Male,75,31,10
197,8,186,10,D6 Female,6,3,player_vs_player,rock,16.0,D9 Female,0,66,9
197,12,276,15,D8 Male,8,1,player_vs_player,fists,17.0,D9 Male,60,30,8
197,12,283,12,D7 Female,7,4,player_vs_player,spear,6.0,D4 Female,28,51,7
197,13,288,16,D9 Female,9,2,player_vs_player,spear,6.0,D4 Female,34,52,6
197,15,344,9,D5 Male,5,5,player_vs_player,bow,18.0,D10 Female,69,48,5
197,15,349,17,D9 Male,9,11,natural_causes,dehydration,,,49,42,4
197,17,401,18,D10 Female,10,5,player_vs_player,sword,21.0,D11 Male,60,55,3
197,18,426,6,D4 Female,4,7,natural_causes,untreated wound,,,55,53,2
198,2,34,19,D10 Male,10,3,player_vs_player,fists,22.0,D12 Female,49,111,24
198,2,43,8,D5 Female,5,8,player_vs_player,fists,14.0,D8 Female,116,38,23
198,3,59,2,D2 Female,2,5,player_vs_player,fists,21.0,D11 Male,90,25,22
198,4,72,15,D8 Male,8,9,natural_causes,dehydration,,,69,3,21
198,4,94,22,D12 Female,12,8,player_vs_player,fists,10.0,D6 Female,91,83,20
198,4,94,21,D11 Male,11,6,natural_causes,untreated wound,,,81,15,19
198,5,103,13,D7 Male,7,4,player_vs_player,fists,5.0,D3 Male,103,49,18
198,5,115,12,D7 Female,7,1,player_vs_player,fists,0.0,D1 Female,0,10,17
198,6,122,5,D3 Male,3,4,player_vs_player,fists,3.0,D2 Male,93,45,16
198,6,126,16,D9 Female,9,2,player_vs_player,spear,18.0,D10 Female,17,68,15
198,7,153,10,D6 Female,6,3,player_vs_player,rock,20.0,D11 Female,74,95,14
198,7,166,11,D6 Male,6,7,player_vs_player,spear,18.0,D10 Female,20,82,13
198,7,167,14,D8 Female,8,5,natural_causes,untreated wound,,,108,60,12
198,9,204,4,D3 Female,3,8,player_vs_player,fists,7.0,D4 Male,60,22,11
198,10,216,20,D11 Female,11,4,natural_causes,untreated wound,,,56,106,10
198,10,224,7,D4 Male,4,6,player_vs_player,knife,1.0,D1 Male,66,21,9
198,12,285,18,D10 Female,10,2,player_vs_player,knife,23.0,D12 Male,22,63,8
198,13,290,17,D9 Male,9,7,player_vs_player,knife,23.0,D12 Male,23,61,7
198,14,326,9,D5 Male,5,8,player_vs_player,bow,6.0,D4 Female,59,81,6
198,15,337,23,D12 Male,12,2,natural_causes,untreated wound,,,34,60,5
198,16,376,1,D1 Male,1,6,player_vs_player,spear,0.0,D1 Female,70,42,4
198,18,427,3,D2 Male,2,5,player_vs_player,bow,0.0,D1 Female,68,60,3
198,20,456,6,D4 Female,4,2,player_vs_player,bow,0.0,D1 Female,57,60,2
199,3,51,7,D4 Male,4,3,player_vs_player,fists,17.0,D9 Male,1,95,24
199,3,59,15,D8 Male,8,6,player_vs_player,knife,14.0,D8 Female,102,61,23
199,3,65,11,D6 Male,6,4,player_vs_player,fists,3.0,D2 Male,20,114,22
199,4,72,1,D1 Male,1,5,natural_causes,dehydration,,,80,104,21
199,4,76,8,D5 Female,5,6,player_vs_player,fists,13.0,D7 Male,90,10,20
199,4,81,5,D3 Male,3,1,player_vs_player,fists,4.0,D3 Female,0,48,19
199,5,97,18,D10 Female,10,6,player_vs_player,fists,22.0,D12 Female,76,63,18
199,5,98,16,D9 Female,9,8,player_vs_player,fists,21.0,D11 Male,35,9,17
199,5,112,23,D12 Male,12,3,player_vs_player,fists,4.0,D3 Female,19,46,16
199,6,132,2,D2 Female,2,8,player_vs_player,fists,20.0,D11 Female,18,116,15
199,6,138,19,D10 Male,10,7,player_vs_player,fists,12.0,D7 Female,61,0,14
199,8,175,17,D9 Male,9,4,natural_causes,untreated wound,,,23,75,13
199,10,221,0,D1 Female,1,5,player_vs_player,sword,22.0,D12 Female,79,90,12
199,10,233,21,D11 Male,11,8,player_vs_player,knife,12.0,D7 Female,41,41,11
199,11,254,3,D2 Male,2,4,player_vs_player,knife,20.0,D11 Female,29,73,10
199,11,259,12,D7 Female,7,11,player_vs_player,spear,9.0,D5 Male,54,52,9
199,12,271,6,D4 Female,4,10,player_vs_player,fists,13.0,D7 Male,37,28,8
199,13,300,13,D7 Male,7,6,player_vs_player,rock,4.0,D3 Female,60,18,7
199,16,361,4,D3 Female,3,11,player_vs_player,knife,14.0,D8 Female,55,34,6
199,16,363,9,D5 Male,5,8,player_vs_player,knife,20.0,D11 Female,41,71,5
199,17,399,22,D12 Female,12,6,player_vs_player,spear,10.0,D6 Female,60,83,4
199,18,426,20,D11 Female,11,9,player_vs_player,spear,10.0,D6 Female,49,70,3
199,19,441,14,D8 Female,8,10,natural_causes,dehydration,,,48,49,2
