game_id,player_id,name,district,sex,training_score,survival_score,brain,favor,gifts_received,placement,kills,days_survived,cause_of_death,alive_at_end
0,0,D1 Female,1,F,9,0.5153757785709134,voting,0.625,1,18,0,4.791666666666667,dehydration,False
0,1,D1 Male,1,M,7,0.6725212905332884,voting,0.6216666666666667,0,2,3,18.291666666666668,spear,False
0,2,D2 Female,2,F,8,0.7778409591774579,voting,0.7433333333333333,1,3,2,16.208333333333332,bow,False
0,3,D2 Male,2,M,4,0.522658517339741,voting,0.41666666666666663,0,13,0,5.541666666666667,fists,False
0,4,D3 Female,3,F,4,0.27852622324588205,voting,0.16666666666666666,0,6,0,13.583333333333334,dehydration,False
0,5,D3 Male,3,M,5,0.2808347318777632,voting,0.20833333333333334,0,23,0,2.3333333333333335,fists,False
0,6,D4 Female,4,F,7,0.47358044332993393,voting,0.5416666666666667,0,8,0,13.25,dehydration,False
0,7,D4 Male,4,M,5,0.36052535196301816,voting,0.45833333333333337,0,5,2,15.5,spear,False
0,8,D5 Female,5,F,8,0.5580321662430987,voting,0.3333333333333333,0,4,1,15.541666666666666,bow,False
0,9,D5 Male,5,M,8,0.7617868540739563,voting,0.3333333333333333,0,1,5,18.333333333333332,,True
0,10,D6 Female,6,F,5,0.3034365151290984,voting,0.20833333333333334,1,22,0,2.8333333333333335,fists,False
0,11,D6 Male,6,M,6,0.6249614200169846,voting,0.33,0,20,1,3.7916666666666665,untreated wound,False
0,12,D7 Female,7,F,7,0.6645780873171845,voting,0.2916666666666667,1,11,0,7.333333333333333,fists,False
0,13,D7 Male,7,M,5,0.39710419107283645,voting,0.28833333333333333,0,19,1,4.458333333333333,fists,False
0,14,D8 Female,8,F,9,0.49715742433840304,voting,0.375,0,24,0,2.2916666666666665,fists,False
0,15,D8 Male,8,M,4,0.21687710996238238,voting,0.16666666666666666,0,12,0,5.75,spear,False
0,16,D9 Female,9,F,8,0.5402898483853928,voting,0.3333333333333333,1,9,0,9.333333333333334,spear,False
0,17,D9 Male,9,M,6,0.6224808316260333,voting,0.25,0,14,0,5.5,fists,False
0,18,D10 Female,10,F,7,0.5491298501286144,voting,0.2916666666666667,0,7,0,13.5,dehydration,False
0,19,D10 Male,10,M,5,0.540729185800036,voting,0.20833333333333334,0,16,0,4.875,fists,False
0,20,D11 Female,11,F,4,0.38257986119443077,voting,0.16666666666666666,0,21,0,3.125,fists,False
0,21,D11 Male,11,M,3,0.46690814663527,voting,0.125,1,17,0,4.791666666666667,dehydration,False
0,22,D12 Female,12,F,4,0.25202326635230393,voting,0.24666666666666665,0,15,1,5.083333333333333,untreated wound,False
0,23,D12 Male,12,M,5,0.2775320670950283,voting,0.20833333333333334,0,10,0,7.833333333333333,spear,False
1,0,D1 Female,1,F,6,0.4000158807296675,voting,0.5,1,20,0,3.125,fists,False
1,1,D1 Male,1,M,6,0.5212717649147275,voting,0.5,1,14,0,5.416666666666667,fists,False
1,2,D2 Female,2,F,6,0.6583833191593733,voting,0.5,0,21,0,3.0,dehydration,False
1,3,D2 Male,2,M,8,0.48015294861136437,voting,0.5833333333333333,0,24,0,1.3333333333333333,fists,False
1,4,D3 Female,3,F,7,0.5285683795037724,voting,0.2916666666666667,0,11,0,7.75,fists,False
1,5,D3 Male,3,M,6,0.41060063987324014,voting,0.25,0,17,0,4.166666666666667,fists,False
1,6,D4 Female,4,F,10,0.6536353265733253,voting,0.6666666666666667,1,19,0,3.375,fists,False
1,7,D4 Male,4,M,5,0.5664589890494462,voting,0.45833333333333337,0,2,3,19.416666666666668,spear,False
1,8,D5 Female,5,F,7,0.722938023864562,voting,0.5316666666666667,0,9,3,9.0,dehydration,False
1,9,D5 Male,5,M,4,0.40027713017615824,voting,0.16666666666666666,0,5,0,16.458333333333332,bow,False
1,10,D6 Female,6,F,6,0.5985553721131016,voting,0.25,0,6,2,13.166666666666666,rock,False
1,11,D6 Male,6,M,1,0.18387594976805482,voting,0.041666666666666664,0,18,0,3.375,knife,False
1,12,D7 Female,7,F,8,0.6110246077216464,voting,0.3333333333333333,0,23,0,1.8333333333333333,fists,False
1,13,D7 Male,7,M,5,0.409100337762725,voting,0.28833333333333333,0,4,1,16.791666666666668,rock,False
1,14,D8 Female,8,F,7,0.658120064094379,voting,0.2916666666666667,0,22,0,2.4166666666666665,fists,False
1,15,D8 Male,8,M,8,0.520365670494693,voting,0.41333333333333333,0,10,1,8.625,spear,False
1,16,D9 Female,9,F,10,0.8036468663180842,voting,0.4966666666666667,1,12,1,6.125,untreated wound,False
1,17,D9 Male,9,M,3,0.3649648525003831,voting,0.125,0,15,0,4.791666666666667,fists,False
1,18,D10 Female,10,F,11,0.7057251629733962,voting,0.4583333333333333,0,8,2,11.791666666666666,spear,False
1,19,D10 Male,10,M,6,0.45383843852721806,voting,0.25,0,3,1,17.583333333333332,spear,False
1,20,D11 Female,11,F,1,0.2944333860481983,voting,0.041666666666666664,0,16,0,4.375,fists,False
1,21,D11 Male,11,M,9,0.7370993025833478,voting,0.535,1,1,3,19.458333333333332,,True
1,22,D12 Female,12,F,5,0.5261500982416218,voting,0.28833333333333333,0,13,1,5.583333333333333,dehydration,False
1,23,D12 Male,12,M,10,0.633856612270266,voting,0.4966666666666667,2,7,1,11.916666666666666,rock,False
2,0,D1 Female,1,F,7,0.45844698708751846,voting,0.5416666666666667,0,24,0,1.5416666666666667,fists,False
2,1,D1 Male,1,M,7,0.5937490733935751,voting,0.5416666666666667,1,13,0,4.791666666666667,dehydration,False
2,2,D2 Female,2,F,6,0.5615183131391048,voting,0.5,0,16,0,4.125,fists,False
2,3,D2 Male,2,M,5,0.5320683661843117,voting,0.45833333333333337,0,22,0,2.375,fists,False
2,4,D3 Female,3,F,10,0.6456130612182802,voting,0.4966666666666667,0,12,1,5.25,untreated wound,False
2,5,D3 Male,3,M,12,0.790760795541444,voting,0.5,0,7,0,14.083333333333334,knife,False
2,6,D4 Female,4,F,7,0.6632327642889324,voting,0.7016666666666668,0,6,2,16.041666666666668,spear,False
2,7,D4 Male,4,M,10,0.7989957401300837,voting,0.6666666666666667,0,3,1,17.541666666666668,spear,False
2,8,D5 Female,5,F,8,0.40982345699906503,voting,0.41333333333333333,0,5,1,16.208333333333332,bow,False
2,9,D5 Male,5,M,8,0.7294331138663519,voting,0.41333333333333333,0,20,1,3.0,dehydration,False
2,10,D6 Female,6,F,9,0.7465123468347687,voting,0.455,2,8,1,9.5,fists,False
2,11,D6 Male,6,M,9,0.45819689295997174,voting,0.455,0,19,1,3.0,dehydration,False
2,12,D7 Female,7,F,9,0.7645349998574018,voting,0.535,0,4,3,16.791666666666668,bow,False
2,13,D7 Male,7,M,5,0.5186267935271143,voting,0.20833333333333334,0,2,3,19.333333333333332,bow,False
2,14,D8 Female,8,F,6,0.632394311521137,voting,0.25,0,9,0,8.5,fists,False
2,15,D8 Male,8,M,6,0.427430648133756,voting,0.25,0,14,0,4.75,fists,False
2,16,D9 Female,9,F,4,0.38165663010337014,voting,0.16666666666666666,0,21,0,2.4583333333333335,fists,False
2,17,D9 Male,9,M,6,0.33708873610812845,voting,0.25,0,10,0,6.666666666666667,fists,False
2,18,D10 Female,10,F,4,0.5685385456105652,voting,0.16666666666666666,0,18,0,3.2916666666666665,fists,False
2,19,D10 Male,10,M,4,0.2919352507379398,voting,0.16666666666666666,0,23,0,2.125,fists,False
2,20,D11 Female,11,F,2,0.35239716237933727,voting,0.16333333333333333,1,15,1,4.5,fists,False
2,21,D11 Male,11,M,5,0.5424631960983013,voting,0.20833333333333334,0,17,0,3.5416666666666665,fists,False
2,22,D12 Female,12,F,6,0.3411269141704279,voting,0.25,0,11,0,6.541666666666667,dehydration,False
2,23,D12 Male,12,M,11,0.6754647131573811,voting,0.4583333333333333,1,1,3,19.375,,True
3,0,D1 Female,1,F,4,0.31704889834328837,voting,0.41666666666666663,1,16,0,4.375,fists,False
3,1,D1 Male,1,M,9,0.7566610735793385,voting,0.625,3,7,0,12.041666666666666,fists,False
3,2,D2 Female,2,F,6,0.60263064800618,voting,0.66,1,9,2,9.958333333333334,dehydration,False
3,3,D2 Male,2,M,4,0.403359431791372,voting,0.41666666666666663,1,12,0,7.0,fists,False
3,4,D3 Female,3,F,8,0.6509382566568408,voting,0.41333333333333333,0,6,1,13.375,spear,False
3,5,D3 Male,3,M,5,0.6105698613810122,voting,0.36833333333333335,0,5,3,13.875,spear,False
3,6,D4 Female,4,F,3,0.1606666169717673,voting,0.375,0,20,0,3.0833333333333335,fists,False
3,7,D4 Male,4,M,10,0.6322811056723936,voting,0.8266666666666668,2,4,2,14.25,spear,False
3,8,D5 Female,5,F,1,0.29521909346765707,voting,0.041666666666666664,0,17,0,4.166666666666667,fists,False
3,9,D5 Male,5,M,6,0.5937999944296158,voting,0.25,0,22,1,2.6666666666666665,fists,False
3,10,D6 Female,6,F,7,0.47570098429616614,voting,0.2916666666666667,1,15,0,4.666666666666667,fists,False
3,11,D6 Male,6,M,3,0.1652962318311145,voting,0.125,0,14,0,5.375,fists,False
3,12,D7 Female,7,F,8,0.6285714836176213,voting,0.3333333333333333,0,19,0,3.875,fists,False
3,13,D7 Male,7,M,6,0.309440472805992,voting,0.25,0,11,0,8.291666666666666,spear,False
3,14,D8 Female,8,F,2,0.38964177909065817,voting,0.08333333333333333,0,13,0,5.833333333333333,fists,False
3,15,D8 Male,8,M,9,0.5138945338204781,voting,0.375,0,24,0,2.0833333333333335,fists,False
3,16,D9 Female,9,F,6,0.3846706853501717,voting,0.25,0,21,0,3.0,dehydration,False
3,17,D9 Male,9,M,9,0.845133482833323,voting,0.455,2,2,1,15.25,dehydration,False
3,18,D10 Female,10,F,5,0.5187756421627661,voting,0.20833333333333334,0,18,0,4.083333333333333,fists,False
3,19,D10 Male,10,M,9,0.8069689396751152,voting,0.455,1,10,1,9.333333333333334,dehydration,False
3,20,D11 Female,11,F,9,0.5085287434506629,voting,0.375,0,8,0,11.625,spear,False
3,21,D11 Male,11,M,6,0.6277306893969888,voting,0.25,0,23,0,2.6666666666666665,fists,False
3,22,D12 Female,12,F,8,0.5492347710977008,voting,0.41333333333333333,1,3,2,14.625,arena hazard,False
3,23,D12 Male,12,M,9,0.5559767164574854,voting,0.625,1,1,5,15.291666666666666,,True
4,0,D1 Female,1,F,3,0.37120454683697857,voting,0.455,0,11,1,7.458333333333333,dehydration,False
4,1,D1 Male,1,M,6,0.4840382679779483,voting,0.5,0,2,3,17.125,bow,False
4,2,D2 Female,2,F,8,0.5000724086348913,voting,0.5833333333333333,0,6,0,11.333333333333334,spear,False
4,3,D2 Male,2,M,4,0.4797382785891683,voting,0.49666666666666665,0,18,1,4.083333333333333,fists,False
4,4,D3 Female,3,F,5,0.5315291430425797,voting,0.20833333333333334,0,12,0,7.333333333333333,dehydration,False
4,5,D3 Male,3,M,7,0.6138968137680737,voting,0.2916666666666667,0,19,0,3.0416666666666665,fists,False
4,6,D4 Female,4,F,11,0.8546898833264122,voting,0.7083333333333333,1,13,1,6.958333333333333,fists,False
4,7,D4 Male,4,M,5,0.2599210863853657,voting,0.45833333333333337,0,9,0,9.458333333333334,knife,False
4,8,D5 Female,5,F,4,0.4178704915211213,voting,0.24666666666666665,0,14,1,5.625,fists,False
4,9,D5 Male,5,M,2,0.11293296892166595,voting,0.08333333333333333,0,23,0,2.2916666666666665,fists,False
4,10,D6 Female,6,F,10,0.5594891334814797,voting,0.4166666666666667,0,22,0,3.0,dehydration,False
4,11,D6 Male,6,M,1,0.05317994321294903,voting,0.041666666666666664,0,15,0,5.541666666666667,knife,False
4,12,D7 Female,7,F,9,0.6135584432192482,voting,0.375,0,21,0,3.0,dehydration,False
4,13,D7 Male,7,M,11,0.9107295974960549,voting,0.5383333333333333,0,17,1,4.166666666666667,fists,False
4,14,D8 Female,8,F,1,0.13592477118292873,voting,0.041666666666666664,0,20,0,3.0,dehydration,False
4,15,D8 Male,8,M,9,0.5360931594601033,voting,0.375,0,5,2,11.708333333333334,spear,False
4,16,D9 Female,9,F,7,0.6751669328390186,voting,0.3716666666666667,1,8,1,9.916666666666666,spear,False
4,17,D9 Male,9,M,3,0.4906118553397413,voting,0.125,0,16,0,4.166666666666667,fists,False
4,18,D10 Female,10,F,8,0.48474855214463153,voting,0.3333333333333333,0,10,0,8.708333333333334,dehydration,False
4,19,D10 Male,10,M,8,0.42877868395349245,voting,0.4933333333333333,0,7,2,10.666666666666666,arena hazard,False
4,20,D11 Female,11,F,8,0.6647233274855835,voting,0.4933333333333333,1,1,3,17.166666666666668,,True
4,21,D11 Male,11,M,7,0.6452686150347651,voting,0.2916666666666667,0,4,0,12.333333333333334,spear,False
4,22,D12 Female,12,F,6,0.3064461119632027,voting,0.25,0,3,0,16.166666666666668,spear,False
4,23,D12 Male,12,M,5,0.4043613381458403,voting,0.20833333333333334,0,24,0,2.125,fists,False
5,0,D1 Female,1,F,8,0.7021313526806001,voting,0.7433333333333333,1,3,3,18.958333333333332,spear,False
5,1,D1 Male,1,M,6,0.3841960428610253,voting,0.5,0,10,0,11.416666666666666,bow,False
5,2,D2 Female,2,F,10,0.6533115481871888,voting,0.7466666666666667,1,6,2,16.125,spear,False
5,3,D2 Male,2,M,2,0.20895863998753572,voting,0.3333333333333333,0,22,0,2.75,fists,False
5,4,D3 Female,3,F,8,0.6373883638251829,voting,0.3333333333333333,0,18,0,5.958333333333333,knife,False
5,5,D3 Male,3,M,10,0.5852187383982249,voting,0.4166666666666667,0,23,0,1.8333333333333333,fists,False
5,6,D4 Female,4,F,5,0.4652125816082804,voting,0.45833333333333337,0,12,0,9.041666666666666,sword,False
5,7,D4 Male,4,M,5,0.5564508854684034,voting,0.45833333333333337,0,8,0,12.125,bow,False
5,8,D5 Female,5,F,6,0.516222585683895,voting,0.41000000000000003,0,5,2,17.583333333333332,arena hazard,False
5,9,D5 Male,5,M,5,0.3659464735233945,voting,0.20833333333333334,0,13,0,8.5,spear,False
5,10,D6 Female,6,F,11,0.7186927533424102,voting,0.4583333333333333,1,15,0,8.291666666666666,knife,False
5,11,D6 Male,6,M,9,0.5610916206508133,voting,0.375,0,11,0,9.833333333333334,spear,False
5,12,D7 Female,7,F,7,0.6473103646705156,voting,0.2916666666666667,0,14,0,8.416666666666666,spear,False
5,13,D7 Male,7,M,4,0.5204729278254191,voting,0.16666666666666666,0,21,0,2.75,fists,False
5,14,D8 Female,8,F,7,0.35666400306876095,voting,0.3716666666666667,0,19,1,4.791666666666667,fists,False
5,15,D8 Male,8,M,6,0.5756084645388011,voting,0.49,1,1,4,21.208333333333332,,True
5,16,D9 Female,9,F,8,0.4267302175033677,voting,0.5733333333333333,2,4,3,18.208333333333332,spear,False
5,17,D9 Male,9,M,4,0.23423518897384532,voting,0.16666666666666666,0,24,0,1.6666666666666667,fists,False
5,18,D10 Female,10,F,9,0.7959506467568971,voting,0.455,0,9,1,11.625,sword,False
5,19,D10 Male,10,M,9,0.7731363324914755,voting,0.535,0,2,2,21.166666666666668,bow,False
5,20,D11 Female,11,F,3,0.27063744086428665,voting,0.20500000000000002,0,16,1,7.291666666666667,dehydration,False
5,21,D11 Male,11,M,6,0.30382200213626415,voting,0.25,0,20,0,3.4583333333333335,fists,False
5,22,D12 Female,12,F,9,0.8253439615190276,voting,0.375,0,7,0,13.708333333333334,bow,False
5,23,D12 Male,12,M,7,0.5945562232911256,voting,0.3716666666666667,0,17,1,6.375,dehydration,False
6,0,D1 Female,1,F,10,0.869040953124027,voting,0.6666666666666667,0,3,3,15.958333333333334,bow,False
6,1,D1 Male,1,M,4,0.33124053686082044,voting,0.41666666666666663,2,6,0,11.958333333333334,rock,False
6,2,D2 Female,2,F,6,0.5999472137868798,voting,0.5,0,16,0,3.0,dehydration,False
6,3,D2 Male,2,M,9,0.7481299554220502,voting,0.625,2,9,0,9.541666666666666,dehydration,False
6,4,D3 Female,3,F,8,0.49962583989996723,voting,0.41333333333333333,0,15,1,3.0,dehydration,False
6,5,D3 Male,3,M,5,0.5677946718874767,voting,0.20833333333333334,0,21,0,2.1666666666666665,fists,False
6,6,D4 Female,4,F,7,0.3732336569636855,voting,0.5416666666666667,0,24,0,1.25,fists,False
6,7,D4 Male,4,M,9,0.753792331547992,voting,0.705,1,8,1,9.625,rock,False
6,8,D5 Female,5,F,3,0.36212665083269924,voting,0.20500000000000002,1,2,1,15.958333333333334,untreated wound,False
6,9,D5 Male,5,M,2,0.2957465728032308,voting,0.08333333333333333,0,20,0,2.5416666666666665,fists,False
6,10,D6 Female,6,F,6,0.31651921639603364,voting,0.25,0,19,0,2.7083333333333335,fists,False
6,11,D6 Male,6,M,6,0.40016330581102166,voting,0.25,0,12,0,3.625,rock,False
6,12,D7 Female,7,F,4,0.27367271628369666,voting,0.16666666666666666,0,22,0,1.9166666666666667,fists,False
6,13,D7 Male,7,M,12,0.8245789266459805,voting,0.5,1,1,2,16.0,,True
6,14,D8 Female,8,F,6,0.5700536114853928,voting,0.25,0,5,0,13.208333333333334,fists,False
6,15,D8 Male,8,M,5,0.6154394944001458,voting,0.20833333333333334,0,14,0,3.0,dehydration,False
6,16,D9 Female,9,F,12,0.9157452666821613,voting,0.5,0,7,0,10.166666666666666,dehydration,False
6,17,D9 Male,9,M,7,0.5110287114673496,voting,0.3716666666666667,1,13,1,3.0,dehydration,False
6,18,D10 Female,10,F,6,0.6046897187071597,voting,0.25,0,4,1,15.375,bow,False
6,19,D10 Male,10,M,7,0.6031898676630916,voting,0.2916666666666667,0,18,0,2.9166666666666665,fists,False
6,20,D11 Female,11,F,6,0.6282297580745405,voting,0.33,0,17,1,3.0,fists,False
6,21,D11 Male,11,M,4,0.5728254498393485,voting,0.24666666666666665,0,11,1,6.916666666666667,untreated wound,False
6,22,D12 Female,12,F,11,0.7503316396304357,voting,0.6183333333333333,1,10,2,7.041666666666667,dehydration,False
6,23,D12 Male,12,M,8,0.47185575689365544,voting,0.3333333333333333,0,23,0,1.75,fists,False
7,0,D1 Female,1,F,7,0.4194626878609607,voting,0.5416666666666667,1,8,1,10.75,spear,False
7,1,D1 Male,1,M,6,0.538130683220827,voting,0.5,0,16,0,4.708333333333333,rock,False
7,2,D2 Female,2,F,6,0.4795313557691901,voting,0.5,0,15,0,5.291666666666667,rock,False
7,3,D2 Male,2,M,3,0.38388453436919573,voting,0.375,0,18,0,4.375,fists,False
7,4,D3 Female,3,F,9,0.7134166696073135,voting,0.535,0,11,2,10.125,spear,False
7,5,D3 Male,3,M,6,0.45081444274001437,voting,0.25,0,23,0,2.5416666666666665,fists,False
7,6,D4 Female,4,F,9,0.5339135549262328,voting,0.875,2,4,5,16.458333333333332,bow,False
7,7,D4 Male,4,M,1,0.19187146364202542,voting,0.3716666666666667,0,2,1,17.458333333333332,sword,False
7,8,D5 Female,5,F,5,0.48724168693291303,voting,0.20833333333333334,0,22,0,2.9166666666666665,fists,False
7,9,D5 Male,5,M,10,0.6714093633490328,voting,0.4966666666666667,0,12,1,9.916666666666666,rock,False
7,10,D6 Female,6,F,12,0.9143486656579908,voting,0.5,1,6,0,13.666666666666666,spear,False
7,11,D6 Male,6,M,10,0.5973497919712257,voting,0.4166666666666667,0,7,1,10.875,spear,False
7,12,D7 Female,7,F,6,0.6145690831092445,voting,0.25,0,1,3,17.5,,True
7,13,D7 Male,7,M,9,0.7855566608742723,voting,0.375,0,19,0,3.6666666666666665,rock,False
7,14,D8 Female,8,F,8,0.5688330457298567,voting,0.3333333333333333,1,13,0,7.583333333333333,rock,False
7,15,D8 Male,8,M,8,0.4240115115888665,voting,0.3333333333333333,0,17,0,4.5,dehydration,False
7,16,D9 Female,9,F,12,0.662998895741545,voting,0.66,3,3,2,16.75,untreated wound,False
7,17,D9 Male,9,M,5,0.3970703742978039,voting,0.20833333333333334,0,10,2,10.291666666666666,knife,False
7,18,D10 Female,10,F,5,0.2527988650207369,voting,0.20833333333333334,0,21,0,3.4166666666666665,rock,False
7,19,D10 Male,10,M,7,0.6841198456017298,voting,0.2916666666666667,0,20,0,3.5,fists,False
7,20,D11 Female,11,F,9,0.6990453239724468,voting,0.455,0,5,2,16.291666666666668,spear,False
7,21,D11 Male,11,M,4,0.5389921831780259,voting,0.16666666666666666,0,14,0,7.458333333333333,dehydration,False
7,22,D12 Female,12,F,5,0.39724657678859965,voting,0.20833333333333334,0,9,0,10.541666666666666,knife,False
7,23,D12 Male,12,M,8,0.4855765536304642,voting,0.3333333333333333,0,24,0,2.5416666666666665,fists,False
8,0,D1 Female,1,F,7,0.4403354656838228,voting,0.6216666666666667,0,20,1,3.0416666666666665,fists,False
8,1,D1 Male,1,M,6,0.6365659316924338,voting,0.5,0,9,0,11.75,sword,False
8,2,D2 Female,2,F,1,0.31925573201280566,voting,0.2916666666666667,0,22,0,2.5833333333333335,fists,False
8,3,D2 Male,2,M,6,0.4157764253169097,voting,0.5,2,11,0,8.416666666666666,fists,False
8,4,D3 Female,3,F,7,0.454579000808219,voting,0.5416666666666667,0,3,4,14.875,bow,False
8,5,D3 Male,3,M,3,0.3545810452869849,voting,0.20500000000000002,0,10,1,11.583333333333334,dehydration,False
8,6,D4 Female,4,F,5,0.6115180088937526,voting,0.45833333333333337,1,5,1,13.833333333333334,sword,False
8,7,D4 Male,4,M,7,0.45739910640760273,voting,0.7016666666666668,0,2,2,18.875,dehydration,False
8,8,D5 Female,5,F,8,0.7924975606795751,voting,0.3333333333333333,0,15,0,5.5,dehydration,False
8,9,D5 Male,5,M,7,0.4448314620246276,voting,0.2916666666666667,1,19,0,3.6666666666666665,fists,False
8,10,D6 Female,6,F,10,0.7478248478570106,voting,0.5766666666666667,1,7,2,12.083333333333334,sword,False
8,11,D6 Male,6,M,8,0.5794510672909455,voting,0.41333333333333333,0,18,1,4.458333333333333,fists,False
8,12,D7 Female,7,F,11,0.7348356867896196,voting,0.4583333333333333,0,4,0,14.0,dehydration,False
8,13,D7 Male,7,M,6,0.4643346300265089,voting,0.25,0,24,0,1.7916666666666667,fists,False
8,14,D8 Female,8,F,5,0.5456290847763225,voting,0.20833333333333334,0,8,0,11.791666666666666,sword,False
8,15,D8 Male,8,M,10,0.5015846601093837,voting,0.4166666666666667,1,16,0,5.0,untreated wound,False
8,16,D9 Female,9,F,5,0.49309176380270214,voting,0.20833333333333334,0,14,0,5.625,dehydration,False
8,17,D9 Male,9,M,7,0.47871213379398647,voting,0.2916666666666667,0,17,0,4.583333333333333,fists,False
8,18,D10 Female,10,F,4,0.5613739486620253,voting,0.16666666666666666,0,1,0,18.916666666666668,,True
8,19,D10 Male,10,M,6,0.5402554074555898,voting,0.33,0,13,1,6.375,rock,False
8,20,D11 Female,11,F,12,0.9018772125672235,voting,0.66,1,6,2,13.541666666666666,arena hazard,False
8,21,D11 Male,11,M,3,0.21625469054268642,voting,0.125,1,21,0,2.6666666666666665,fists,False
8,22,D12 Female,12,F,9,0.7183504836449303,voting,0.375,0,12,1,8.041666666666666,knife,False
8,23,D12 Male,12,M,4,0.5958587422147977,voting,0.16666666666666666,0,23,0,2.0416666666666665,fists,False
9,0,D1 Female,1,F,5,0.5827625353182424,voting,0.45833333333333337,0,16,0,6.791666666666667,fists,False
9,1,D1 Male,1,M,2,0.15079035964220033,voting,0.3333333333333333,0,9,0,12.125,knife,False
9,2,D2 Female,2,F,4,0.3166376525059411,voting,0.41666666666666663,0,4,1,18.291666666666668,spear,False
9,3,D2 Male,2,M,6,0.3472190817809267,voting,0.58,0,1,2,20.041666666666668,,True
9,4,D3 Female,3,F,9,0.6994674586120313,voting,0.375,0,19,2,3.8333333333333335,fists,False
9,5,D3 Male,3,M,8,0.4888647879659761,voting,0.3333333333333333,0,10,0,12.041666666666666,fists,False
9,6,D4 Female,4,F,6,0.6581830165980811,voting,0.5,0,12,0,10.958333333333334,sword,False
9,7,D4 Male,4,M,7,0.597183541636511,voting,0.7016666666666668,0,3,2,19.416666666666668,dehydration,False
9,8,D5 Female,5,F,7,0.4846534507643053,voting,0.2916666666666667,0,18,0,4.833333333333333,fists,False
9,9,D5 Male,5,M,6,0.5777619836895289,voting,0.25,0,21,0,3.0833333333333335,fists,False
9,10,D6 Female,6,F,10,0.7100007452800234,voting,0.4966666666666667,1,11,1,11.375,knife,False
9,11,D6 Male,6,M,10,0.8493839750993968,voting,0.4966666666666667,0,17,1,6.541666666666667,fists,False
9,12,D7 Female,7,F,4,0.32001978894038063,voting,0.16666666666666666,0,23,0,2.625,fists,False
9,13,D7 Male,7,M,1,0.29807778633514836,voting,0.041666666666666664,0,22,0,2.6666666666666665,fists,False
9,14,D8 Female,8,F,6,0.38500188656967604,voting,0.25,0,20,0,3.375,fists,False
9,15,D8 Male,8,M,7,0.39856677247248007,voting,0.2916666666666667,1,5,0,17.916666666666668,dehydration,False
9,16,D9 Female,9,F,7,0.6850174048648563,voting,0.45166666666666666,2,2,2,20.0,bow,False
9,17,D9 Male,9,M,9,0.7863410724945981,voting,0.535,1,8,3,14.208333333333334,bow,False
9,18,D10 Female,10,F,6,0.43746330901129216,voting,0.25,2,6,0,17.208333333333332,rock,False
9,19,D10 Male,10,M,4,0.4757393233644529,voting,0.16666666666666666,0,14,0,7.333333333333333,knife,False
9,20,D11 Female,11,F,7,0.5312764796047554,voting,0.2916666666666667,0,24,0,1.75,fists,False
9,21,D11 Male,11,M,3,0.23789752556913143,voting,0.125,0,13,0,9.125,knife,False
9,22,D12 Female,12,F,8,0.6847622770986834,voting,0.41333333333333333,0,15,1,7.125,dehydration,False
9,23,D12 Male,12,M,11,0.6714541898364531,voting,0.7083333333333333,0,7,4,16.75,dehydration,False
10,0,D1 Female,1,F,10,0.662397097031515,voting,0.7466666666666667,2,3,1,16.083333333333332,dehydration,False
10,1,D1 Male,1,M,7,0.7013130881230406,voting,0.5416666666666667,1,14,0,6.541666666666667,fists,False
10,2,D2 Female,2,F,3,0.5398511643470085,voting,0.375,0,1,2,17.333333333333332,,True
10,3,D2 Male,2,M,6,0.5745221909638805,voting,0.5,0,10,2,8.416666666666666,spear,False
10,4,D3 Female,3,F,7,0.5249579756139455,voting,0.2916666666666667,0,7,0,11.5,fists,False
10,5,D3 Male,3,M,9,0.5568339206506773,voting,0.375,0,17,0,5.5,fists,False
10,6,D4 Female,4,F,3,0.49423266911051,voting,0.375,0,23,0,1.8333333333333333,fists,False
10,7,D4 Male,4,M,11,0.9482606168689219,voting,0.9583333333333333,3,2,5,17.291666666666668,bow,False
10,8,D5 Female,5,F,3,0.38608817138223933,voting,0.20500000000000002,0,16,1,5.833333333333333,dehydration,False
10,9,D5 Male,5,M,5,0.42743671026126356,voting,0.20833333333333334,0,22,0,2.0416666666666665,fists,False
10,10,D6 Female,6,F,7,0.6206476192466375,voting,0.2916666666666667,0,21,0,2.4166666666666665,fists,False
10,11,D6 Male,6,M,12,0.95,voting,0.5,1,6,1,11.708333333333334,fists,False
10,12,D7 Female,7,F,7,0.630632843431661,voting,0.2916666666666667,0,4,0,16.083333333333332,bow,False
10,13,D7 Male,7,M,8,0.7894336849363003,voting,0.41333333333333333,1,5,1,16.041666666666668,spear,False
10,14,D8 Female,8,F,8,0.7419848988768447,voting,0.41333333333333333,0,9,1,9.0,bow,False
10,15,D8 Male,8,M,7,0.36269362520891424,voting,0.2916666666666667,2,18,0,3.5833333333333335,fists,False
10,16,D9 Female,9,F,5,0.6141038983305844,voting,0.20833333333333334,0,12,1,7.541666666666667,spear,False
10,17,D9 Male,9,M,7,0.6286611065718037,voting,0.2916666666666667,0,20,0,2.7916666666666665,rock,False
10,18,D10 Female,10,F,8,0.5175198432182342,voting,0.41333333333333333,0,8,1,10.083333333333334,fists,False
10,19,D10 Male,10,M,5,0.6177378546193997,voting,0.20833333333333334,0,13,0,7.125,fists,False
10,20,D11 Female,11,F,6,0.3776587881244672,voting,0.25,0,11,2,8.416666666666666,knife,False
10,21,D11 Male,11,M,10,0.5838408104407812,voting,0.4966666666666667,0,19,1,3.0,dehydration,False
10,22,D12 Female,12,F,1,0.1283063227914128,voting,0.041666666666666664,0,24,0,1.6666666666666667,fists,False
10,23,D12 Male,12,M,3,0.2225403151280273,voting,0.20500000000000002,0,15,1,6.541666666666667,spear,False
11,0,D1 Female,1,F,8,0.4217445695702246,voting,0.5833333333333333,1,17,0,4.0,fists,False
11,1,D1 Male,1,M,7,0.4076700196950433,voting,0.5416666666666667,0,19,0,3.0,dehydration,False
11,2,D2 Female,2,F,8,0.6483484262907913,voting,0.6633333333333332,1,6,1,14.5,dehydration,False
11,3,D2 Male,2,M,8,0.4060674003353164,voting,0.5833333333333333,0,21,0,2.7083333333333335,fists,False
11,4,D3 Female,3,F,3,0.5306958657697493,voting,0.365,0,1,4,19.041666666666668,,True
11,5,D3 Male,3,M,5,0.31778238695849986,voting,0.28833333333333333,1,3,1,18.208333333333332,sword,False
11,6,D4 Female,4,F,7,0.7082763173500264,voting,0.5416666666666667,0,18,0,3.625,fists,False
11,7,D4 Male,4,M,5,0.25203164145450485,voting,0.45833333333333337,0,10,0,8.625,knife,False
11,8,D5 Female,5,F,4,0.5071317887894121,voting,0.16666666666666666,0,4,2,17.75,bow,False
11,9,D5 Male,5,M,7,0.6932980619566023,voting,0.5316666666666667,0,2,3,19.0,dehydration,False
11,10,D6 Female,6,F,6,0.5302374300723601,voting,0.25,0,15,0,4.708333333333333,fists,False
11,11,D6 Male,6,M,7,0.5206867964565117,voting,0.2916666666666667,1,16,0,4.083333333333333,fists,False
11,12,D7 Female,7,F,4,0.20489195515863534,voting,0.16666666666666666,0,23,0,2.2083333333333335,fists,False
11,13,D7 Male,7,M,10,0.5271699160984175,voting,0.4966666666666667,0,12,1,5.25,fists,False
11,14,D8 Female,8,F,6,0.40623071740106365,voting,0.33,2,7,1,12.541666666666666,dehydration,False
11,15,D8 Male,8,M,6,0.5052457233042189,voting,0.25,0,14,2,4.833333333333333,rock,False
11,16,D9 Female,9,F,6,0.3216687074017069,voting,0.25,0,22,0,2.25,fists,False
11,17,D9 Male,9,M,4,0.5529109870094412,voting,0.16666666666666666,1,5,0,15.0,bow,False
11,18,D10 Female,10,F,2,0.434461405970226,voting,0.16333333333333333,0,11,1,8.041666666666666,untreated wound,False
11,19,D10 Male,10,M,6,0.4775016341862638,voting,0.25,0,8,2,11.833333333333334,spear,False
11,20,D11 Female,11,F,6,0.40713677707926454,voting,0.25,0,13,0,5.125,fists,False
11,21,D11 Male,11,M,1,0.26748471541056246,voting,0.041666666666666664,0,20,0,2.7916666666666665,fists,False
11,22,D12 Female,12,F,6,0.3972571360523153,voting,0.25,1,9,0,11.833333333333334,spear,False
11,23,D12 Male,12,M,7,0.5542655570772361,voting,0.2916666666666667,0,24,0,1.4166666666666667,fists,False
12,0,D1 Female,1,F,3,0.1729026996631927,voting,0.375,0,6,0,14.458333333333334,knife,False
12,1,D1 Male,1,M,4,0.41514123122554336,voting,0.41666666666666663,0,22,0,3.0,dehydration,False
12,2,D2 Female,2,F,6,0.5456728477038323,voting,0.5,0,13,0,7.541666666666667,spear,False
12,3,D2 Male,2,M,5,0.41561038150423046,voting,0.45833333333333337,0,24,0,2.75,fists,False
12,4,D3 Female,3,F,6,0.3281490724381495,voting,0.25,0,21,0,3.0,dehydration,False
12,5,D3 Male,3,M,7,0.4205968880801734,voting,0.2916666666666667,0,23,0,2.9583333333333335,fists,False
12,6,D4 Female,4,F,8,0.42108328818434626,voting,0.7433333333333333,2,3,2,16.333333333333332,spear,False
12,7,D4 Male,4,M,8,0.5564879274838868,voting,0.6633333333333332,2,11,1,9.333333333333334,knife,False
12,8,D5 Female,5,F,4,0.2912796756921855,voting,0.16666666666666666,0,8,0,11.666666666666666,spear,False
12,9,D5 Male,5,M,6,0.5667638998303521,voting,0.25,0,20,0,3.0,dehydration,False
12,10,D6 Female,6,F,7,0.6889933766401906,voting,0.45166666666666666,0,5,2,15.375,spear,False
12,11,D6 Male,6,M,9,0.7831037450986557,voting,0.375,0,16,0,4.833333333333333,fists,False
12,12,D7 Female,7,F,6,0.3796550082056295,voting,0.33,0,2,1,18.166666666666668,arena hazard,False
12,13,D7 Male,7,M,8,0.5888486731399241,voting,0.3333333333333333,1,15,0,5.166666666666667,dehydration,False
12,14,D8 Female,8,F,5,0.4362411991262458,voting,0.20833333333333334,1,18,0,3.25,fists,False
12,15,D8 Male,8,M,8,0.5500457753699393,voting,0.3333333333333333,0,9,0,9.833333333333334,dehydration,False
12,16,D9 Female,9,F,4,0.5745939157895937,voting,0.4066666666666666,1,1,4,18.208333333333332,,True
12,17,D9 Male,9,M,6,0.5454125172904903,voting,0.25,0,17,0,3.75,fists,False
12,18,D10 Female,10,F,9,0.8383708652906894,voting,0.375,0,19,0,3.0,dehydration,False
12,19,D10 Male,10,M,5,0.25587419331224287,voting,0.28833333333333333,0,7,1,12.083333333333334,untreated wound,False
12,20,D11 Female,11,F,10,0.6203795092006862,voting,0.4966666666666667,1,14,1,5.666666666666667,fists,False
12,21,D11 Male,11,M,5,0.2627411750179393,voting,0.20833333333333334,1,10,1,9.666666666666666,rock,False
12,22,D12 Female,12,F,9,0.6382679113664315,voting,0.455,1,12,1,7.791666666666667,dehydration,False
12,23,D12 Male,12,M,6,0.4023907331668285,voting,0.25,1,4,0,15.5,spear,False
13,0,D1 Female,1,F,9,0.6747026352793997,voting,0.625,0,14,0,6.666666666666667,dehydration,False
13,1,D1 Male,1,M,8,0.7880367526104335,voting,0.5833333333333333,0,4,0,13.791666666666666,bow,False
13,2,D2 Female,2,F,3,0.4225484465749635,voting,0.615,1,5,3,13.625,sword,False
13,3,D2 Male,2,M,7,0.6512523599310305,voting,0.6216666666666667,2,8,1,11.208333333333334,spear,False
13,4,D3 Female,3,F,6,0.339867046963191,voting,0.25,0,18,0,4.416666666666667,fists,False
13,5,D3 Male,3,M,6,0.6099033066873258,voting,0.25,0,11,0,8.5,rock,False
13,6,D4 Female,4,F,7,0.580838650383941,voting,0.5416666666666667,0,24,0,1.4166666666666667,fists,False
13,7,D4 Male,4,M,5,0.4182943352022993,voting,0.7083333333333334,2,1,5,16.333333333333332,,True
13,8,D5 Female,5,F,4,0.40198647684119304,voting,0.32666666666666666,0,10,2,9.75,fists,False
13,9,D5 Male,5,M,8,0.4119566514274845,voting,0.3333333333333333,0,17,0,4.5,rock,False
13,10,D6 Female,6,F,8,0.6020814155538069,voting,0.3333333333333333,0,19,0,3.0,dehydration,False
13,11,D6 Male,6,M,8,0.5484700035561653,voting,0.41333333333333333,0,3,1,14.583333333333334,bow,False
13,12,D7 Female,7,F,7,0.4948869357527892,voting,0.2916666666666667,0,23,0,2.0416666666666665,fists,False
13,13,D7 Male,7,M,3,0.5031539950938406,voting,0.125,0,16,0,5.166666666666667,dehydration,False
13,14,D8 Female,8,F,4,0.49605039620395575,voting,0.24666666666666665,0,9,1,10.958333333333334,knife,False
13,15,D8 Male,8,M,10,0.854435460916059,voting,0.4166666666666667,0,2,1,16.291666666666668,bow,False
13,16,D9 Female,9,F,7,0.5883820278949118,voting,0.45166666666666666,0,7,2,11.958333333333334,spear,False
13,17,D9 Male,9,M,6,0.3097501611391329,voting,0.25,0,6,1,13.291666666666666,bow,False
13,18,D10 Female,10,F,9,0.4864951982114916,voting,0.375,0,13,1,7.291666666666667,fists,False
13,19,D10 Male,10,M,7,0.6054486095828937,voting,0.3716666666666667,0,12,1,7.291666666666667,dehydration,False
13,20,D11 Female,11,F,3,0.3649584819120928,voting,0.125,1,15,0,6.25,knife,False
13,21,D11 Male,11,M,7,0.4295870423324264,voting,0.2916666666666667,0,21,0,2.375,fists,False
13,22,D12 Female,12,F,4,0.37460697358488826,voting,0.16666666666666666,0,20,0,2.5416666666666665,fists,False
13,23,D12 Male,12,M,10,0.6329384650044982,voting,0.4166666666666667,0,22,0,2.2083333333333335,fists,False
14,0,D1 Female,1,F,3,0.4232886090277803,voting,0.375,0,2,1,16.875,bow,False
14,1,D1 Male,1,M,7,0.5322786882097631,voting,0.6216666666666667,2,3,1,14.083333333333334,bow,False
14,2,D2 Female,2,F,3,0.4184067847650059,voting,0.375,0,9,0,9.375,knife,False
14,3,D2 Male,2,M,8,0.7464830870128629,voting,0.6633333333333332,0,7,1,10.333333333333334,spear,False
14,4,D3 Female,3,F,8,0.61676379405377,voting,0.5833333333333333,1,4,4,13.958333333333334,bow,False
14,5,D3 Male,3,M,8,0.7439874357743981,voting,0.3333333333333333,0,1,4,16.916666666666668,,True
14,6,D4 Female,4,F,6,0.32616953635136514,voting,0.5,0,24,0,1.125,fists,False
14,7,D4 Male,4,M,10,0.5151466390702162,voting,0.6666666666666667,0,22,0,1.7916666666666667,fists,False
14,8,D5 Female,5,F,9,0.5588044668740155,voting,0.375,0,18,0,3.0,fists,False
14,9,D5 Male,5,M,6,0.6605858177737651,voting,0.33,1,11,1,9.041666666666666,knife,False
14,10,D6 Female,6,F,1,0.05963157193324391,voting,0.041666666666666664,0,21,0,2.375,fists,False
14,11,D6 Male,6,M,7,0.6318355659975586,voting,0.3716666666666667,0,13,1,7.5,dehydration,False
14,12,D7 Female,7,F,8,0.5740698532257869,voting,0.3333333333333333,0,20,0,2.5833333333333335,fists,False
14,13,D7 Male,7,M,9,0.8206932930570086,voting,0.375,0,10,1,9.041666666666666,untreated wound,False
14,14,D8 Female,8,F,9,0.7016014698866053,voting,0.375,0,23,0,1.3333333333333333,fists,False
14,15,D8 Male,8,M,10,0.6722208075873171,voting,0.4166666666666667,1,8,0,9.458333333333334,untreated wound,False
14,16,D9 Female,9,F,5,0.3076627271405187,voting,0.20833333333333334,0,17,0,3.0,dehydration,False
14,17,D9 Male,9,M,2,0.23837463708375572,voting,0.08333333333333333,0,16,0,3.1666666666666665,fists,False
14,18,D10 Female,10,F,5,0.4113571485368156,voting,0.28833333333333333,1,6,1,11.166666666666666,bow,False
14,19,D10 Male,10,M,9,0.5205861195206992,voting,0.375,0,15,0,6.625,dehydration,False
14,20,D11 Female,11,F,10,0.7901689839683577,voting,0.4166666666666667,2,12,0,8.5,dehydration,False
14,21,D11 Male,11,M,4,0.44823656600118644,voting,0.16666666666666666,0,14,0,6.791666666666667,spear,False
14,22,D12 Female,12,F,5,0.2754900846495623,voting,0.20833333333333334,0,19,0,2.875,fists,False
14,23,D12 Male,12,M,5,0.5913080687588599,voting,0.28833333333333333,0,5,2,13.958333333333334,spear,False
15,0,D1 Female,1,F,4,0.5050938157822666,voting,0.41666666666666663,0,20,0,1.9583333333333333,fists,False
15,1,D1 Male,1,M,11,0.6263554123033901,voting,0.7083333333333333,1,12,0,5.166666666666667,fists,False
15,2,D2 Female,2,F,8,0.5975285942695356,voting,0.5833333333333333,0,16,0,3.0833333333333335,fists,False
15,3,D2 Male,2,M,9,0.5009133420056546,voting,0.785,1,5,2,11.208333333333334,arena hazard,False
15,4,D3 Female,3,F,4,0.5227467436086075,voting,0.24666666666666665,1,8,1,8.5,untreated wound,False
15,5,D3 Male,3,M,9,0.6604152356840965,voting,0.455,0,3,1,16.0,bow,False
15,6,D4 Female,4,F,8,0.46249051729005064,voting,0.5833333333333333,0,22,0,1.7916666666666667,fists,False
15,7,D4 Male,4,M,7,0.6653351633672413,voting,0.5416666666666667,0,15,0,3.2083333333333335,rock,False
15,8,D5 Female,5,F,12,0.916894641223149,voting,0.58,0,11,1,6.333333333333333,untreated wound,False
15,9,D5 Male,5,M,12,0.9059852577655744,voting,0.5,1,13,0,4.791666666666667,dehydration,False
15,10,D6 Female,6,F,9,0.6143803430916369,voting,0.375,0,1,3,16.166666666666668,,True
15,11,D6 Male,6,M,6,0.5758860620351643,voting,0.25,1,19,0,2.3333333333333335,fists,False
15,12,D7 Female,7,F,8,0.564205086068677,voting,0.3333333333333333,0,24,0,1.7083333333333333,fists,False
15,13,D7 Male,7,M,6,0.3062746439953557,voting,0.25,0,23,0,1.75,fists,False
15,14,D8 Female,8,F,4,0.22143493819771742,voting,0.16666666666666666,0,10,0,7.416666666666667,knife,False
15,15,D8 Male,8,M,5,0.4449723321473207,voting,0.20833333333333334,0,6,0,9.208333333333334,bow,False
15,16,D9 Female,9,F,7,0.7378044726213766,voting,0.3716666666666667,0,7,1,9.208333333333334,spear,False
15,17,D9 Male,9,M,8,0.4933525872654637,voting,0.3333333333333333,0,17,0,3.0,dehydration,False
15,18,D10 Female,10,F,2,0.4771166622589372,voting,0.3233333333333333,0,4,3,14.0,bow,False
15,19,D10 Male,10,M,8,0.529979269400127,voting,0.41333333333333333,0,14,1,4.666666666666667,untreated wound,False
15,20,D11 Female,11,F,5,0.5456341507294328,voting,0.28833333333333333,1,9,1,8.208333333333334,knife,False
15,21,D11 Male,11,M,4,0.3426616082370064,voting,0.16666666666666666,0,21,1,1.9166666666666667,fists,False
15,22,D12 Female,12,F,7,0.44549326518547583,voting,0.2916666666666667,0,2,0,16.125,arena hazard,False
15,23,D12 Male,12,M,7,0.44077187660530986,voting,0.2916666666666667,0,18,1,2.5,fists,False
16,0,D1 Female,1,F,8,0.7010650263452141,voting,0.6633333333333332,1,10,1,8.166666666666666,spear,False
16,1,D1 Male,1,M,3,0.52511592702871,voting,0.455,0,12,1,7.083333333333333,untreated wound,False
16,2,D2 Female,2,F,6,0.497822948248458,voting,0.5,0,14,0,5.666666666666667,dehydration,False
16,3,D2 Male,2,M,8,0.5543803864635599,voting,0.7433333333333333,0,4,2,16.166666666666668,sword,False
16,4,D3 Female,3,F,7,0.5280867049862202,voting,0.45166666666666666,1,11,2,8.083333333333334,knife,False
16,5,D3 Male,3,M,6,0.6004302885046843,voting,0.25,0,1,2,17.625,,True
16,6,D4 Female,4,F,5,0.40111505598493646,voting,0.5383333333333333,1,3,1,16.208333333333332,spear,False
16,7,D4 Male,4,M,8,0.4443160371265966,voting,0.5833333333333333,1,15,0,5.625,untreated wound,False
16,8,D5 Female,5,F,4,0.5372569523219265,voting,0.16666666666666666,0,2,1,17.583333333333332,bow,False
16,9,D5 Male,5,M,6,0.5243422894469152,voting,0.25,0,20,0,3.75,fists,False
16,10,D6 Female,6,F,10,0.6667755565043656,voting,0.4166666666666667,2,6,0,12.125,dehydration,False
16,11,D6 Male,6,M,5,0.5455017499368819,voting,0.20833333333333334,0,17,0,5.5,rock,False
16,12,D7 Female,7,F,10,0.8099124878106176,voting,0.4966666666666667,0,13,1,5.958333333333333,dehydration,False
16,13,D7 Male,7,M,10,0.8764128180696975,voting,0.4166666666666667,4,5,0,12.75,arena hazard,False
16,14,D8 Female,8,F,6,0.652277094028471,voting,0.25,0,18,0,5.0,fists,False
16,15,D8 Male,8,M,7,0.5718954066147368,voting,0.2916666666666667,0,24,0,1.8333333333333333,fists,False
16,16,D9 Female,9,F,7,0.40561948297757305,voting,0.3716666666666667,0,21,1,3.0,dehydration,False
16,17,D9 Male,9,M,4,0.36032699685825853,voting,0.16666666666666666,0,23,0,1.9166666666666667,fists,False
16,18,D10 Female,10,F,5,0.47467449132987194,voting,0.20833333333333334,0,7,1,10.75,spear,False
16,19,D10 Male,10,M,6,0.34557899695601124,voting,0.25,0,9,1,9.625,spear,False
16,20,D11 Female,11,F,6,0.3118413843712294,voting,0.33,0,8,1,10.458333333333334,untreated wound,False
16,21,D11 Male,11,M,7,0.39786820249363714,voting,0.2916666666666667,0,22,0,2.8333333333333335,fists,False
16,22,D12 Female,12,F,8,0.4295183082598892,voting,0.3333333333333333,0,16,0,5.625,fists,False
16,23,D12 Male,12,M,5,0.5777495227687992,voting,0.20833333333333334,0,19,0,3.9166666666666665,fists,False
17,0,D1 Female,1,F,6,0.3708034898174345,voting,0.5,0,24,0,1.7083333333333333,fists,False
17,1,D1 Male,1,M,8,0.6327125264883283,voting,0.5833333333333333,0,5,0,13.125,arena hazard,False
17,2,D2 Female,2,F,1,0.3691896410711233,voting,0.2916666666666667,0,21,1,4.5,dehydration,False
17,3,D2 Male,2,M,3,0.30531545482707745,voting,0.375,0,20,0,4.5,dehydration,False
17,4,D3 Female,3,F,7,0.5333150236061105,voting,0.3716666666666667,0,9,1,10.833333333333334,dehydration,False
17,5,D3 Male,3,M,5,0.28602314984285265,voting,0.20833333333333334,1,18,1,4.625,fists,False
17,6,D4 Female,4,F,9,0.522162594695547,voting,0.625,0,19,1,4.625,fists,False
17,7,D4 Male,4,M,2,0.27361852251414953,voting,0.41333333333333333,1,10,1,10.125,spear,False
17,8,D5 Female,5,F,9,0.5626644651256308,voting,0.375,1,3,1,16.208333333333332,bow,False
17,9,D5 Male,5,M,10,0.5185524577212446,voting,0.5766666666666667,1,8,2,11.5,knife,False
17,10,D6 Female,6,F,10,0.7574025635348154,voting,0.4166666666666667,0,7,1,12.083333333333334,bow,False
17,11,D6 Male,6,M,8,0.7131613334800853,voting,0.3333333333333333,1,1,2,16.916666666666668,,True
17,12,D7 Female,7,F,6,0.4451094206356053,voting,0.25,0,6,0,12.25,untreated wound,False
17,13,D7 Male,7,M,10,0.5386255844928043,voting,0.4166666666666667,0,13,0,7.291666666666667,dehydration,False
17,14,D8 Female,8,F,1,0.19003124230076124,voting,0.041666666666666664,0,16,0,5.125,fists,False
17,15,D8 Male,8,M,4,0.5356510184170461,voting,0.24666666666666665,0,2,3,16.875,spear,False
17,16,D9 Female,9,F,9,0.7037574816369258,voting,0.375,0,15,0,6.958333333333333,knife,False
17,17,D9 Male,9,M,9,0.4945322558142909,voting,0.375,0,23,0,4.0,fists,False
17,18,D10 Female,10,F,10,0.5293273471426028,voting,0.4966666666666667,1,14,1,7.166666666666667,untreated wound,False
17,19,D10 Male,10,M,9,0.8213976451409795,voting,0.375,1,17,0,5.0,fists,False
17,20,D11 Female,11,F,3,0.27500858234786657,voting,0.125,0,4,1,16.208333333333332,sword,False
17,21,D11 Male,11,M,10,0.5992296348086392,voting,0.4166666666666667,1,12,0,9.708333333333334,knife,False
17,22,D12 Female,12,F,6,0.3807815253159038,voting,0.25,0,22,0,4.458333333333333,fists,False
17,23,D12 Male,12,M,8,0.41525433035783943,voting,0.3333333333333333,0,11,0,9.75,knife,False
18,0,D1 Female,1,F,9,0.5499781132219064,voting,0.785,0,7,2,7.541666666666667,fists,False
18,1,D1 Male,1,M,5,0.586363701358188,voting,0.45833333333333337,0,14,0,5.625,dehydration,False
18,2,D2 Female,2,F,7,0.6080778710659862,voting,0.6216666666666667,0,12,1,5.666666666666667,untreated wound,False
18,3,D2 Male,2,M,10,0.6437702524199321,voting,0.7466666666666667,3,2,1,15.458333333333334,dehydration,False
18,4,D3 Female,3,F,7,0.36582983478962877,voting,0.2916666666666667,0,22,0,2.875,fists,False
18,5,D3 Male,3,M,11,0.7907917684817722,voting,0.4583333333333333,3,8,1,6.958333333333333,rock,False
18,6,D4 Female,4,F,3,0.39413728923240465,voting,0.375,0,13,0,5.666666666666667,fists,False
18,7,D4 Male,4,M,8,0.5148666743322248,voting,0.5833333333333333,0,20,0,3.0,dehydration,False
18,8,D5 Female,5,F,3,0.26050472833730787,voting,0.20500000000000002,0,6,1,10.875,spear,False
18,9,D5 Male,5,M,4,0.34086967815861635,voting,0.16666666666666666,0,18,0,3.0833333333333335,fists,False
18,10,D6 Female,6,F,7,0.529225291124264,voting,0.2916666666666667,0,21,0,2.9583333333333335,fists,False
18,11,D6 Male,6,M,6,0.31875601087487093,voting,0.25,0,15,0,3.5,fists,False
18,12,D7 Female,7,F,9,0.7634885449006108,voting,0.375,0,1,1,15.5,,True
18,13,D7 Male,7,M,8,0.7510043181371137,voting,0.3333333333333333,0,16,0,3.4583333333333335,fists,False
18,14,D8 Female,8,F,6,0.684272417023861,voting,0.25,0,24,0,2.7083333333333335,fists,False
18,15,D8 Male,8,M,6,0.5721186356402032,voting,0.25,0,19,0,3.0,dehydration,False
18,16,D9 Female,9,F,10,0.6589884621893897,voting,0.5766666666666667,0,17,2,3.375,untreated wound,False
18,17,D9 Male,9,M,3,0.2485779524664585,voting,0.125,0,10,0,6.541666666666667,fists,False
18,18,D10 Female,10,F,9,0.5879882717904431,voting,0.375,0,5,4,12.5,spear,False
18,19,D10 Male,10,M,4,0.5332785667737265,voting,0.16666666666666666,0,3,0,14.625,arena hazard,False
18,20,D11 Female,11,F,4,0.24562248782139443,voting,0.16666666666666666,0,11,0,5.791666666666667,spear,False
18,21,D11 Male,11,M,9,0.45037210867299016,voting,0.375,0,9,0,6.958333333333333,spear,False
18,22,D12 Female,12,F,9,0.5035163071326516,voting,0.535,0,4,3,12.5,spear,False
18,23,D12 Male,12,M,8,0.5792908641352024,voting,0.3333333333333333,0,23,0,2.7916666666666665,fists,False
19,0,D1 Female,1,F,4,0.3596431921478669,voting,0.41666666666666663,0,16,0,4.0,spear,False
19,1,D1 Male,1,M,5,0.4563258802471895,voting,0.45833333333333337,0,5,0,14.416666666666666,spear,False
19,2,D2 Female,2,F,3,0.26464411310800084,voting,0.375,0,17,0,3.7916666666666665,fists,False
19,3,D2 Male,2,M,8,0.5669237238586027,voting,0.6633333333333332,0,11,1,6.25,rock,False
19,4,D3 Female,3,F,8,0.5822411044166848,voting,0.3333333333333333,0,10,0,6.416666666666667,spear,False
19,5,D3 Male,3,M,8,0.7066439073092401,voting,0.41333333333333333,0,14,1,4.5,dehydration,False
19,6,D4 Female,4,F,8,0.4402083478077342,voting,0.6633333333333332,0,8,1,8.875,spear,False
19,7,D4 Male,4,M,7,0.5905249574695011,voting,0.5416666666666667,1,3,4,15.541666666666666,sword,False
19,8,D5 Female,5,F,8,0.6105080934865805,voting,0.5733333333333333,1,2,3,17.791666666666668,knife,False
19,9,D5 Male,5,M,7,0.5947035898243911,voting,0.2916666666666667,0,19,0,2.9166666666666665,fists,False
19,10,D6 Female,6,F,6,0.6534505852387023,voting,0.33,1,6,1,13.208333333333334,spear,False
19,11,D6 Male,6,M,2,0.41326257980325914,voting,0.08333333333333333,0,22,0,2.1666666666666665,fists,False
19,12,D7 Female,7,F,6,0.5818005614685532,voting,0.25,0,21,0,2.375,fists,False
19,13,D7 Male,7,M,4,0.5128078420086499,voting,0.16666666666666666,0,4,3,15.208333333333334,bow,False
19,14,D8 Female,8,F,4,0.43635231205777514,voting,0.16666666666666666,0,23,0,1.5,fists,False
19,15,D8 Male,8,M,4,0.2918353527994807,voting,0.16666666666666666,0,18,0,3.0,dehydration,False
19,16,D9 Female,9,F,3,0.26831268861891483,voting,0.125,0,9,0,6.708333333333333,fists,False
19,17,D9 Male,9,M,4,0.36837342305703963,voting,0.16666666666666666,0,24,0,1.4583333333333333,fists,False
19,18,D10 Female,10,F,10,0.6849769152439877,voting,0.5766666666666667,0,7,2,9.333333333333334,dehydration,False
19,19,D10 Male,10,M,6,0.6169877542762271,voting,0.25,0,13,1,5.666666666666667,rock,False
19,20,D11 Female,11,F,4,0.22141944952489542,voting,0.16666666666666666,0,12,0,5.916666666666667,fists,False
19,21,D11 Male,11,M,4,0.395627554281358,voting,0.16666666666666666,0,20,0,2.6666666666666665,fists,False
19,22,D12 Female,12,F,10,0.5917524710605876,voting,0.5766666666666667,1,1,3,17.833333333333332,,True
19,23,D12 Male,12,M,6,0.32334988601434045,voting,0.25,0,15,0,4.166666666666667,fists,False
20,0,D1 Female,1,F,12,0.7673333100456727,voting,0.83,1,1,2,17.291666666666668,sword,False
20,1,D1 Male,1,M,7,0.42701990234045545,voting,0.5416666666666667,0,19,0,3.0,dehydration,False
20,2,D2 Female,2,F,6,0.30317889364753026,voting,0.5,0,22,0,2.5416666666666665,fists,False
20,3,D2 Male,2,M,3,0.44334410942019964,voting,0.375,0,20,0,3.0,fists,False
20,4,D3 Female,3,F,6,0.6078563563656572,voting,0.25,0,23,0,2.375,fists,False
20,5,D3 Male,3,M,7,0.539838935867995,voting,0.2916666666666667,0,21,0,2.9583333333333335,fists,False
20,6,D4 Female,4,F,6,0.4690682511425992,voting,0.5,0,15,0,5.75,rock,False
20,7,D4 Male,4,M,8,0.41009081725838903,voting,0.5833333333333333,0,16,0,5.625,rock,False
20,8,D5 Female,5,F,3,0.26251549312545164,voting,0.125,2,8,0,13.166666666666666,sword,False
20,9,D5 Male,5,M,1,0.3347385248496163,voting,0.041666666666666664,0,2,2,17.291666666666668,spear,False
20,10,D6 Female,6,F,5,0.4917091275011938,voting,0.20833333333333334,0,17,0,3.9166666666666665,fists,False
20,11,D6 Male,6,M,7,0.6506584568608875,voting,0.2916666666666667,0,12,1,6.166666666666667,fists,False
20,12,D7 Female,7,F,3,0.3673258678427734,voting,0.125,0,18,0,3.0,dehydration,False
20,13,D7 Male,7,M,7,0.7196177664056547,voting,0.3716666666666667,0,10,1,10.375,dehydration,False
20,14,D8 Female,8,F,1,0.3326194667301419,voting,0.041666666666666664,0,24,0,1.9583333333333333,fists,False
20,15,D8 Male,8,M,10,0.5283744743582468,voting,0.4966666666666667,0,11,1,7.583333333333333,untreated wound,False
20,16,D9 Female,9,F,7,0.4699840585906857,voting,0.2916666666666667,0,14,0,5.75,rock,False
20,17,D9 Male,9,M,10,0.7506511862592399,voting,0.4166666666666667,0,3,1,14.833333333333334,arena hazard,False
20,18,D10 Female,10,F,8,0.7827003992392418,voting,0.3333333333333333,0,13,1,6.083333333333333,knife,False
20,19,D10 Male,10,M,4,0.26341779639491825,voting,0.16666666666666666,0,7,0,13.291666666666666,dehydration,False
20,20,D11 Female,11,F,8,0.6642026755465404,voting,0.41333333333333333,0,5,1,14.333333333333334,dehydration,False
20,21,D11 Male,11,M,7,0.6408139036449328,voting,0.2916666666666667,0,9,1,12.416666666666666,spear,False
20,22,D12 Female,12,F,5,0.5748935114212168,voting,0.28833333333333333,0,6,1,13.583333333333334,dehydration,False
20,23,D12 Male,12,M,9,0.6460384644655651,voting,0.375,0,4,4,14.666666666666666,knife,False
21,0,D1 Female,1,F,9,0.8309686596892722,voting,0.785,0,5,2,13.833333333333334,bow,False
21,1,D1 Male,1,M,1,0.28267723111127147,voting,0.2916666666666667,0,21,0,3.2916666666666665,fists,False
21,2,D2 Female,2,F,3,0.2662178459398697,voting,0.375,2,3,0,16.416666666666668,bow,False
21,3,D2 Male,2,M,9,0.7296419277628956,voting,0.705,1,22,1,3.2083333333333335,untreated wound,False
21,4,D3 Female,3,F,9,0.6902900033991141,voting,0.455,0,14,1,6.291666666666667,fists,False
21,5,D3 Male,3,M,6,0.4622567726322482,voting,0.25,0,17,0,5.375,fists,False
21,6,D4 Female,4,F,8,0.49219565767160295,voting,0.5833333333333333,0,18,0,5.333333333333333,dehydration,False
21,7,D4 Male,4,M,6,0.3389458670626207,voting,0.5,0,23,0,2.2916666666666665,fists,False
21,8,D5 Female,5,F,8,0.7844618865948776,voting,0.41333333333333333,1,6,1,12.416666666666666,dehydration,False
21,9,D5 Male,5,M,8,0.4890542046372339,voting,0.3333333333333333,1,16,0,5.458333333333333,rock,False
21,10,D6 Female,6,F,6,0.540489953689184,voting,0.41000000000000003,0,1,4,16.875,,True
21,11,D6 Male,6,M,8,0.796459082210585,voting,0.3333333333333333,0,24,0,2.2916666666666665,fists,False
21,12,D7 Female,7,F,6,0.41972024176538547,voting,0.25,0,19,0,5.333333333333333,fists,False
21,13,D7 Male,7,M,4,0.4852837037437351,voting,0.16666666666666666,0,15,0,5.791666666666667,dehydration,False
21,14,D8 Female,8,F,3,0.4892875951944612,voting,0.125,0,20,0,4.916666666666667,fists,False
21,15,D8 Male,8,M,7,0.7186521848497015,voting,0.3716666666666667,0,12,2,6.916666666666667,dehydration,False
21,16,D9 Female,9,F,2,0.10089073159358469,voting,0.08333333333333333,0,10,0,8.541666666666666,fists,False
21,17,D9 Male,9,M,3,0.24783829004133162,voting,0.20500000000000002,0,7,1,11.625,dehydration,False
21,18,D10 Female,10,F,8,0.5051037846244666,voting,0.3333333333333333,0,2,2,16.833333333333332,bow,False
21,19,D10 Male,10,M,5,0.6350863920744592,voting,0.20833333333333334,0,9,0,8.625,bow,False
21,20,D11 Female,11,F,9,0.597111755852644,voting,0.375,0,13,1,6.75,spear,False
21,21,D11 Male,11,M,6,0.4531176156497446,voting,0.25,0,8,0,10.083333333333334,bow,False
21,22,D12 Female,12,F,9,0.730583737922267,voting,0.375,0,11,0,7.125,spear,False
21,23,D12 Male,12,M,6,0.5607258205438483,voting,0.41000000000000003,1,4,2,16.166666666666668,bow,False
22,0,D1 Female,1,F,6,0.5088392201470245,voting,0.5,1,12,0,6.958333333333333,knife,False
22,1,D1 Male,1,M,4,0.532988435756218,voting,0.49666666666666665,1,1,2,18.708333333333332,,True
22,2,D2 Female,2,F,5,0.3862863935432801,voting,0.45833333333333337,0,4,0,17.833333333333332,sword,False
22,3,D2 Male,2,M,6,0.5388847185163603,voting,0.58,0,14,1,6.208333333333333,untreated wound,False
22,4,D3 Female,3,F,8,0.7424508813645674,voting,0.3333333333333333,1,11,0,7.25,dehydration,False
22,5,D3 Male,3,M,9,0.651731968220299,voting,0.375,0,16,0,4.916666666666667,knife,False
22,6,D4 Female,4,F,6,0.371603310307756,voting,0.66,1,6,2,15.541666666666666,knife,False
22,7,D4 Male,4,M,8,0.4875606221124269,voting,0.5833333333333333,1,20,0,4.5,fists,False
22,8,D5 Female,5,F,8,0.6208131303609887,voting,0.3333333333333333,0,15,0,5.708333333333333,dehydration,False
22,9,D5 Male,5,M,9,0.6161101192436569,voting,0.375,0,18,0,4.666666666666667,fists,False
22,10,D6 Female,6,F,4,0.3858927620456929,voting,0.16666666666666666,0,22,0,3.0,dehydration,False
22,11,D6 Male,6,M,9,0.7938302751449133,voting,0.375,0,17,2,4.75,fists,False
22,12,D7 Female,7,F,2,0.39519269113133226,voting,0.08333333333333333,0,7,2,12.791666666666666,knife,False
22,13,D7 Male,7,M,7,0.6915358536604208,voting,0.2916666666666667,0,8,0,12.125,spear,False
22,14,D8 Female,8,F,8,0.795974860200918,voting,0.41333333333333333,0,10,1,7.791666666666667,untreated wound,False
22,15,D8 Male,8,M,6,0.5772591666405973,voting,0.25,0,9,0,8.791666666666666,spear,False
22,16,D9 Female,9,F,6,0.6847087115310788,voting,0.25,0,24,0,1.8333333333333333,fists,False
22,17,D9 Male,9,M,3,0.33889328993000134,voting,0.125,0,21,0,4.416666666666667,fists,False
22,18,D10 Female,10,F,6,0.4901845478269628,voting,0.41000000000000003,1,5,2,16.166666666666668,dehydration,False
22,19,D10 Male,10,M,7,0.3502573482422529,voting,0.45166666666666666,1,2,2,18.666666666666668,dehydration,False
22,20,D11 Female,11,F,5,0.37452199142224707,voting,0.20833333333333334,0,19,0,4.625,fists,False
22,21,D11 Male,11,M,5,0.4087566198564593,voting,0.20833333333333334,1,13,0,6.958333333333333,rock,False
22,22,D12 Female,12,F,10,0.6036887063401156,voting,0.5766666666666667,0,3,2,17.916666666666668,spear,False
22,23,D12 Male,12,M,4,0.4508331237279761,voting,0.16666666666666666,0,23,0,2.625,fists,False
23,0,D1 Female,1,F,6,0.5603126044097475,voting,0.5,0,20,0,2.5416666666666665,fists,False
23,1,D1 Male,1,M,10,0.5178641391318365,voting,0.6666666666666667,0,23,0,1.5,fists,False
23,2,D2 Female,2,F,8,0.49489636342365884,voting,0.5833333333333333,0,1,2,16.5,,True
23,3,D2 Male,2,M,7,0.5168017634518229,voting,0.5416666666666667,0,4,2,14.875,bow,False
23,4,D3 Female,3,F,11,0.8050693779107033,voting,0.6183333333333333,1,3,3,16.291666666666668,spear,False
23,5,D3 Male,3,M,7,0.6218993567092332,voting,0.3716666666666667,1,8,1,10.416666666666666,bow,False
23,6,D4 Female,4,F,4,0.4323806255210256,voting,0.41666666666666663,0,13,0,4.0,fists,False
23,7,D4 Male,4,M,10,0.5780035413174907,voting,0.6666666666666667,0,12,1,6.666666666666667,knife,False
23,8,D5 Female,5,F,6,0.3533520956837133,voting,0.25,0,9,1,7.25,fists,False
23,9,D5 Male,5,M,5,0.6174897981215024,voting,0.28833333333333333,0,2,2,16.458333333333332,sword,False
23,10,D6 Female,6,F,6,0.4726135522659168,voting,0.25,0,22,1,1.7916666666666667,fists,False
23,11,D6 Male,6,M,3,0.32634754154764134,voting,0.125,0,11,0,6.875,knife,False
23,12,D7 Female,7,F,5,0.43600849711137585,voting,0.20833333333333334,0,24,0,1.2916666666666667,fists,False
23,13,D7 Male,7,M,11,0.6171617500087184,voting,0.6183333333333333,0,5,2,13.458333333333334,bow,False
23,14,D8 Female,8,F,5,0.5247268096751186,voting,0.20833333333333334,0,17,0,3.0,dehydration,False
23,15,D8 Male,8,M,5,0.4587918495322094,voting,0.20833333333333334,0,19,0,2.6666666666666665,fists,False
23,16,D9 Female,9,F,5,0.460230038746954,voting,0.20833333333333334,0,15,0,3.0833333333333335,fists,False
23,17,D9 Male,9,M,4,0.4354232824798483,voting,0.16666666666666666,0,10,0,7.166666666666667,fists,False
23,18,D10 Female,10,F,8,0.4921013482306218,voting,0.41333333333333333,0,14,2,3.2916666666666665,untreated wound,False
23,19,D10 Male,10,M,8,0.5060443386998801,voting,0.4933333333333333,1,6,2,13.208333333333334,dehydration,False
23,20,D11 Female,11,F,5,0.4258732993314759,voting,0.20833333333333334,0,16,0,3.0833333333333335,fists,False
23,21,D11 Male,11,M,6,0.5398022650399851,voting,0.33,1,7,1,10.708333333333334,knife,False
23,22,D12 Female,12,F,6,0.35241555053322904,voting,0.25,0,21,0,2.0,fists,False
23,23,D12 Male,12,M,7,0.44550642246805544,voting,0.2916666666666667,1,18,0,2.8333333333333335,fists,False
24,0,D1 Female,1,F,2,0.3175558847159056,voting,0.3333333333333333,0,19,0,3.0416666666666665,fists,False
24,1,D1 Male,1,M,7,0.4103823229468684,voting,0.5416666666666667,0,22,0,1.8333333333333333,fists,False
24,2,D2 Female,2,F,1,0.3892897781548943,voting,0.2916666666666667,0,12,1,5.208333333333333,knife,False
24,3,D2 Male,2,M,8,0.4033089398743403,voting,0.5833333333333333,0,11,0,5.541666666666667,fists,False
24,4,D3 Female,3,F,10,0.5693765538170614,voting,0.4966666666666667,1,17,1,3.6666666666666665,fists,False
24,5,D3 Male,3,M,4,0.2846632341681913,voting,0.16666666666666666,0,10,0,6.125,spear,False
24,6,D4 Female,4,F,6,0.39410175957814997,voting,0.5,0,24,0,1.4583333333333333,fists,False
24,7,D4 Male,4,M,7,0.5701052529320971,voting,0.6216666666666667,0,20,1,3.0,dehydration,False
24,8,D5 Female,5,F,3,0.17613391334662878,voting,0.125,0,18,0,3.4583333333333335,fists,False
24,9,D5 Male,5,M,6,0.6916770802309038,voting,0.25,0,15,0,4.875,fists,False
24,10,D6 Female,6,F,1,0.4147042648550407,voting,0.041666666666666664,0,16,1,4.708333333333333,fists,False
24,11,D6 Male,6,M,8,0.5585366420262687,voting,0.3333333333333333,0,13,1,5.083333333333333,fists,False
24,12,D7 Female,7,F,9,0.7472173594117797,voting,0.375,0,1,2,16.416666666666668,,True
24,13,D7 Male,7,M,5,0.41635806339165526,voting,0.20833333333333334,0,8,0,8.583333333333334,dehydration,False
24,14,D8 Female,8,F,8,0.6235205323014308,voting,0.41333333333333333,2,3,1,15.208333333333334,bow,False
24,15,D8 Male,8,M,9,0.48591176242706685,voting,0.455,0,14,1,5.0,fists,False
24,16,D9 Female,9,F,2,0.2114336177596503,voting,0.08333333333333333,0,21,0,2.7916666666666665,fists,False
24,17,D9 Male,9,M,9,0.7239346313773589,voting,0.375,1,4,2,12.875,sword,False
24,18,D10 Female,10,F,6,0.6710199125149932,voting,0.25,0,7,1,8.958333333333334,knife,False
24,19,D10 Male,10,M,1,0.1960940812207907,voting,0.041666666666666664,0,23,0,1.75,fists,False
24,20,D11 Female,11,F,8,0.7931101690901257,voting,0.41333333333333333,0,6,1,10.291666666666666,arena hazard,False
24,21,D11 Male,11,M,5,0.42133773687640086,voting,0.36833333333333335,1,2,3,16.375,sword,False
24,22,D12 Female,12,F,4,0.5219631499605969,voting,0.32666666666666666,0,9,2,8.541666666666666,untreated wound,False
24,23,D12 Male,12,M,7,0.5712301013925416,voting,0.3716666666666667,0,5,1,11.458333333333334,knife,False
25,0,D1 Female,1,F,10,0.549781253044996,voting,0.6666666666666667,0,16,0,4.791666666666667,rock,False
25,1,D1 Male,1,M,7,0.48223604436961454,voting,0.5416666666666667,0,13,2,7.625,fists,False
25,2,D2 Female,2,F,12,0.8327473123679429,voting,0.75,0,7,1,12.708333333333334,spear,False
25,3,D2 Male,2,M,9,0.552964688404668,voting,0.625,0,1,1,18.458333333333332,,True
25,4,D3 Female,3,F,8,0.45946999812900674,voting,0.3333333333333333,0,9,0,10.5,sword,False
25,5,D3 Male,3,M,10,0.8614462506833558,voting,0.6666666666666667,1,3,4,17.791666666666668,bow,False
25,6,D4 Female,4,F,5,0.36562560704657443,voting,0.45833333333333337,1,21,0,2.4166666666666665,fists,False
25,7,D4 Male,4,M,8,0.5272619916465623,voting,0.5833333333333333,2,11,0,8.458333333333334,sword,False
25,8,D5 Female,5,F,3,0.1799139266864433,voting,0.28500000000000003,0,4,2,16.375,bow,False
25,9,D5 Male,5,M,5,0.4516841286987099,voting,0.28833333333333333,0,6,1,12.875,dehydration,False
25,10,D6 Female,6,F,7,0.5375242488542303,voting,0.2916666666666667,0,18,0,3.4583333333333335,fists,False
25,11,D6 Male,6,M,6,0.4165036301283766,voting,0.33,1,8,1,10.625,knife,False
25,12,D7 Female,7,F,9,0.8194242167308504,voting,0.535,0,14,2,7.041666666666667,untreated wound,False
25,13,D7 Male,7,M,7,0.48299342427554726,voting,0.2916666666666667,0,10,0,9.0,spear,False
25,14,D8 Female,8,F,3,0.3587294290048274,voting,0.20500000000000002,0,5,1,13.25,bow,False
25,15,D8 Male,8,M,8,0.4930014499539004,voting,0.3333333333333333,0,19,0,3.1666666666666665,fists,False
25,16,D9 Female,9,F,6,0.4452582604961865,voting,0.49,0,2,3,18.416666666666668,sword,False
25,17,D9 Male,9,M,3,0.33130674022680645,voting,0.125,0,24,0,1.6666666666666667,fists,False
25,18,D10 Female,10,F,4,0.21267412174448194,voting,0.16666666666666666,0,12,0,7.666666666666667,untreated wound,False
25,19,D10 Male,10,M,7,0.712193357083136,voting,0.2916666666666667,0,22,0,1.8333333333333333,fists,False
25,20,D11 Female,11,F,5,0.4874269176542792,voting,0.20833333333333334,0,23,0,1.75,fists,False
25,21,D11 Male,11,M,8,0.5668567087936351,voting,0.3333333333333333,0,20,0,2.9166666666666665,fists,False
25,22,D12 Female,12,F,5,0.3577937145681486,voting,0.20833333333333334,0,17,0,3.6666666666666665,fists,False
25,23,D12 Male,12,M,11,0.725392385745,voting,0.6183333333333333,0,15,2,6.166666666666667,fists,False
26,0,D1 Female,1,F,10,0.7501920538531028,voting,0.7466666666666667,0,15,1,4.458333333333333,dehydration,False
26,1,D1 Male,1,M,3,0.32849445631298707,voting,0.375,0,24,0,1.9583333333333333,fists,False
26,2,D2 Female,2,F,4,0.22170639593647484,voting,0.41666666666666663,0,7,1,10.916666666666666,fists,False
26,3,D2 Male,2,M,9,0.5797661602307426,voting,0.705,1,10,3,6.5,spear,False
26,4,D3 Female,3,F,6,0.5051423247216922,voting,0.33,0,2,2,18.958333333333332,sword,False
26,5,D3 Male,3,M,6,0.4185113972807371,voting,0.25,0,23,0,2.6666666666666665,fists,False
26,6,D4 Female,4,F,6,0.5050255071238133,voting,0.5,0,13,0,4.916666666666667,fists,False
26,7,D4 Male,4,M,5,0.42270538108856226,voting,0.45833333333333337,0,21,0,2.9166666666666665,rock,False
26,8,D5 Female,5,F,8,0.6797185543058266,voting,0.41333333333333333,0,5,1,14.625,rock,False
26,9,D5 Male,5,M,7,0.5038146824344939,voting,0.2916666666666667,0,16,0,3.75,fists,False
26,10,D6 Female,6,F,7,0.4015158600744485,voting,0.2916666666666667,0,9,0,6.916666666666667,dehydration,False
26,11,D6 Male,6,M,2,0.30350842026881975,voting,0.08333333333333333,0,11,0,6.291666666666667,knife,False
26,12,D7 Female,7,F,9,0.5637171952170391,voting,0.455,0,6,1,12.666666666666666,dehydration,False
26,13,D7 Male,7,M,6,0.31322754400461045,voting,0.25,0,4,1,17.291666666666668,bow,False
26,14,D8 Female,8,F,7,0.7314014533160691,voting,0.3716666666666667,0,8,1,6.958333333333333,dehydration,False
26,15,D8 Male,8,M,4,0.24951127853218952,voting,0.16666666666666666,0,19,0,3.25,fists,False
26,16,D9 Female,9,F,10,0.8354308565443963,voting,0.4966666666666667,1,1,3,19.0,,True
26,17,D9 Male,9,M,5,0.5443587295077623,voting,0.28833333333333333,0,3,1,17.333333333333332,sword,False
26,18,D10 Female,10,F,8,0.6716194350444846,voting,0.41333333333333333,0,18,2,3.5416666666666665,untreated wound,False
26,19,D10 Male,10,M,6,0.3023427729973385,voting,0.25,0,22,0,2.75,fists,False
26,20,D11 Female,11,F,3,0.20405801387703953,voting,0.125,0,12,0,5.708333333333333,dehydration,False
26,21,D11 Male,11,M,10,0.689232688027894,voting,0.4166666666666667,0,20,0,2.9583333333333335,fists,False
26,22,D12 Female,12,F,10,0.6423189149773445,voting,0.4166666666666667,0,14,0,4.541666666666667,fists,False
26,23,D12 Male,12,M,8,0.6199613778307917,voting,0.3333333333333333,0,17,0,3.75,fists,False
27,0,D1 Female,1,F,5,0.5695049012038542,voting,0.6983333333333334,6,4,3,17.25,bow,False
27,1,D1 Male,1,M,8,0.4946952532337757,voting,0.5833333333333333,4,8,0,12.25,spear,False
27,2,D2 Female,2,F,9,0.6010892100572112,voting,0.625,0,23,0,2.4583333333333335,fists,False
27,3,D2 Male,2,M,7,0.39309304986876914,voting,0.7916666666666667,1,2,4,18.041666666666668,spear,False
27,4,D3 Female,3,F,3,0.28554139644736737,voting,0.28500000000000003,0,3,2,17.916666666666668,bow,False
27,5,D3 Male,3,M,7,0.6172368524462314,voting,0.2916666666666667,0,9,0,11.5,bow,False
27,6,D4 Female,4,F,5,0.5722818461854422,voting,0.45833333333333337,0,18,0,3.0416666666666665,fists,False
27,7,D4 Male,4,M,6,0.3373774347475273,voting,0.5,0,15,0,5.875,knife,False
27,8,D5 Female,5,F,3,0.4333382782407863,voting,0.125,0,24,0,2.2916666666666665,fists,False
27,9,D5 Male,5,M,6,0.6382617055626334,voting,0.25,0,17,0,3.8333333333333335,fists,False
27,10,D6 Female,6,F,11,0.7231054638421264,voting,0.5383333333333333,0,7,1,13.125,dehydration,False
27,11,D6 Male,6,M,7,0.4421506706054893,voting,0.2916666666666667,0,20,1,3.0,dehydration,False
27,12,D7 Female,7,F,10,0.5726719538099775,voting,0.4166666666666667,1,11,0,10.791666666666666,dehydration,False
27,13,D7 Male,7,M,7,0.3684055989159562,voting,0.2916666666666667,0,22,0,3.0,fists,False
27,14,D8 Female,8,F,9,0.7348500777410286,voting,0.455,0,6,1,14.375,arena hazard,False
27,15,D8 Male,8,M,10,0.6450478444185435,voting,0.4166666666666667,0,12,0,7.5,dehydration,False
27,16,D9 Female,9,F,2,0.15981586481120796,voting,0.08333333333333333,0,21,0,3.0,fists,False
27,17,D9 Male,9,M,7,0.6242130579309532,voting,0.2916666666666667,0,19,0,3.0,dehydration,False
27,18,D10 Female,10,F,7,0.5070209488912614,voting,0.2916666666666667,0,5,0,16.916666666666668,dehydration,False
27,19,D10 Male,10,M,7,0.4505781413073482,voting,0.2916666666666667,0,1,1,18.083333333333332,,True
27,20,D11 Female,11,F,10,0.7849669484782337,voting,0.4966666666666667,0,13,1,6.791666666666667,dehydration,False
27,21,D11 Male,11,M,4,0.46943463497265003,voting,0.16666666666666666,0,10,0,11.083333333333334,dehydration,False
27,22,D12 Female,12,F,4,0.4034872365031918,voting,0.16666666666666666,0,16,0,4.75,rock,False
27,23,D12 Male,12,M,6,0.3964599417339262,voting,0.25,2,14,0,5.958333333333333,fists,False
28,0,D1 Female,1,F,8,0.7930466569828227,voting,0.5833333333333333,1,1,1,21.0,,True
28,1,D1 Male,1,M,5,0.5732128206661218,voting,0.45833333333333337,0,16,0,4.333333333333333,fists,False
28,2,D2 Female,2,F,3,0.24995736267071425,voting,0.375,0,11,1,6.666666666666667,fists,False
28,3,D2 Male,2,M,9,0.5912771585148725,voting,0.625,0,8,1,8.458333333333334,fists,False
28,4,D3 Female,3,F,5,0.5074313267051822,voting,0.20833333333333334,0,15,0,4.458333333333333,fists,False
28,5,D3 Male,3,M,3,0.26363627138231,voting,0.125,1,14,0,5.083333333333333,fists,False
28,6,D4 Female,4,F,5,0.4262235891783671,voting,0.45833333333333337,0,13,2,5.625,untreated wound,False
28,7,D4 Male,4,M,6,0.6619185036120248,voting,0.5,0,17,0,3.3333333333333335,fists,False
28,8,D5 Female,5,F,7,0.5034568326853995,voting,0.3716666666666667,0,9,1,7.958333333333333,untreated wound,False
28,9,D5 Male,5,M,10,0.7476741582220638,voting,0.4166666666666667,0,4,1,18.041666666666668,knife,False
28,10,D6 Female,6,F,8,0.6382795410228355,voting,0.4933333333333333,1,5,2,13.75,dehydration,False
28,11,D6 Male,6,M,6,0.5044267121546702,voting,0.33,0,7,1,10.583333333333334,untreated wound,False
28,12,D7 Female,7,F,3,0.35514017690941657,voting,0.125,0,20,0,2.8333333333333335,fists,False
28,13,D7 Male,7,M,8,0.7390733636426317,voting,0.3333333333333333,0,19,0,3.0,dehydration,False
28,14,D8 Female,8,F,6,0.6485670313752538,voting,0.25,0,22,0,2.6666666666666665,rock,False
28,15,D8 Male,8,M,6,0.6871808529317239,voting,0.41000000000000003,1,2,2,20.958333333333332,spear,False
28,16,D9 Female,9,F,8,0.6769697337939405,voting,0.3333333333333333,0,21,0,2.7916666666666665,fists,False
28,17,D9 Male,9,M,4,0.20418514417875575,voting,0.16666666666666666,0,24,0,1.7083333333333333,fists,False
28,18,D10 Female,10,F,6,0.6685245984813647,voting,0.25,0,10,0,7.125,knife,False
28,19,D10 Male,10,M,3,0.20664225862824406,voting,0.125,0,23,0,2.0416666666666665,fists,False
28,20,D11 Female,11,F,7,0.6100574629872184,voting,0.3716666666666667,1,12,1,6.541666666666667,rock,False
28,21,D11 Male,11,M,11,0.8176167582862566,voting,0.6983333333333333,1,3,3,20.083333333333332,arena hazard,False
28,22,D12 Female,12,F,9,0.4998849849385327,voting,0.375,0,18,0,3.0,dehydration,False
28,23,D12 Male,12,M,10,0.6368886425591207,voting,0.4166666666666667,1,6,0,13.041666666666666,knife,False
29,0,D1 Female,1,F,8,0.495880202725011,voting,0.6633333333333332,1,13,1,8.291666666666666,fists,False
29,1,D1 Male,1,M,2,0.46722560360795945,voting,0.3333333333333333,0,20,0,3.4166666666666665,fists,False
29,2,D2 Female,2,F,10,0.7641866547207177,voting,0.6666666666666667,0,21,0,3.0,dehydration,False
29,3,D2 Male,2,M,9,0.7874392908655081,voting,0.625,0,22,0,2.8333333333333335,fists,False
29,4,D3 Female,3,F,10,0.6162424790084946,voting,0.4966666666666667,3,4,1,18.666666666666668,bow,False
29,5,D3 Male,3,M,4,0.36761956833094056,voting,0.16666666666666666,0,3,3,19.166666666666668,bow,False
29,6,D4 Female,4,F,9,0.7751070696398907,voting,0.625,0,1,1,20.041666666666668,,True
29,7,D4 Male,4,M,6,0.3833788171315998,voting,0.58,0,17,1,5.541666666666667,fists,False
29,8,D5 Female,5,F,6,0.6257013506187803,voting,0.25,0,14,0,6.791666666666667,sword,False
29,9,D5 Male,5,M,7,0.7416395107008309,voting,0.2916666666666667,1,12,0,8.875,dehydration,False
29,10,D6 Female,6,F,3,0.4030746550638319,voting,0.125,0,23,0,2.2916666666666665,fists,False
29,11,D6 Male,6,M,6,0.607266151192668,voting,0.25,0,24,0,1.9583333333333333,fists,False
29,12,D7 Female,7,F,3,0.19288179596740998,voting,0.20500000000000002,0,5,1,17.25,dehydration,False
29,13,D7 Male,7,M,7,0.5513724005886353,voting,0.2916666666666667,0,15,0,6.5,dehydration,False
29,14,D8 Female,8,F,5,0.6334931410752103,voting,0.28833333333333333,1,16,1,6.208333333333333,sword,False
29,15,D8 Male,8,M,5,0.46221813454171295,voting,0.44833333333333336,1,2,3,20.0,bow,False
29,16,D9 Female,9,F,7,0.6003628785000996,voting,0.3716666666666667,1,9,1,11.916666666666666,sword,False
29,17,D9 Male,9,M,9,0.7953284883317191,voting,0.455,0,10,1,11.541666666666666,untreated wound,False
29,18,D10 Female,10,F,10,0.5270937925419992,voting,0.4966666666666667,0,19,1,4.75,fists,False
29,19,D10 Male,10,M,4,0.3518969749670716,voting,0.16666666666666666,0,18,0,5.208333333333333,untreated wound,False
29,20,D11 Female,11,F,12,0.7983439054976537,voting,0.58,2,7,1,13.291666666666666,spear,False
29,21,D11 Male,11,M,4,0.3857496102519026,voting,0.16666666666666666,0,11,0,9.25,spear,False
29,22,D12 Female,12,F,8,0.43498630248926684,voting,0.3333333333333333,2,8,0,12.458333333333334,spear,False
29,23,D12 Male,12,M,5,0.3081958002611235,voting,0.20833333333333334,1,6,0,13.791666666666666,arena hazard,False
30,0,D1 Female,1,F,6,0.4740190228446121,voting,0.5,0,9,0,7.958333333333333,rock,False
30,1,D1 Male,1,M,9,0.6850579596940257,voting,0.705,1,11,1,6.875,spear,False
30,2,D2 Female,2,F,7,0.4137413802854364,voting,0.5416666666666667,0,21,0,2.875,fists,False
30,3,D2 Male,2,M,10,0.8279106777070513,voting,0.7466666666666667,2,17,1,3.0416666666666665,fists,False
30,4,D3 Female,3,F,7,0.4172090861161738,voting,0.2916666666666667,0,20,0,3.0,fists,False
30,5,D3 Male,3,M,6,0.3034480737472258,voting,0.25,0,24,0,2.1666666666666665,fists,False
30,6,D4 Female,4,F,4,0.21047910863870586,voting,0.41666666666666663,0,16,1,3.4166666666666665,fists,False
30,7,D4 Male,4,M,10,0.5354403946256118,voting,0.6666666666666667,0,10,0,7.416666666666667,rock,False
30,8,D5 Female,5,F,5,0.44769000818680277,voting,0.28833333333333333,0,5,1,13.583333333333334,dehydration,False
30,9,D5 Male,5,M,4,0.25398440066673883,voting,0.16666666666666666,0,22,0,2.4166666666666665,fists,False
30,10,D6 Female,6,F,5,0.4436813222809686,voting,0.20833333333333334,0,15,0,3.9583333333333335,fists,False
30,11,D6 Male,6,M,5,0.31569139031016163,voting,0.20833333333333334,0,19,0,3.0,dehydration,False
30,12,D7 Female,7,F,9,0.8481902444157381,voting,0.375,0,12,0,6.583333333333333,knife,False
30,13,D7 Male,7,M,4,0.5196068356668149,voting,0.16666666666666666,0,8,0,9.791666666666666,knife,False
30,14,D8 Female,8,F,8,0.6099368528127787,voting,0.41333333333333333,0,13,2,5.916666666666667,untreated wound,False
30,15,D8 Male,8,M,8,0.4632220584279769,voting,0.41333333333333333,1,14,1,5.5,fists,False
30,16,D9 Female,9,F,5,0.5683787147268834,voting,0.20833333333333334,0,23,0,2.2916666666666665,fists,False
30,17,D9 Male,9,M,7,0.720735818252349,voting,0.45166666666666666,1,1,2,17.333333333333332,,True
30,18,D10 Female,10,F,11,0.6705186445473795,voting,0.5383333333333333,1,2,1,17.291666666666668,arena hazard,False
30,19,D10 Male,10,M,6,0.5507640557781781,voting,0.41000000000000003,0,4,2,16.083333333333332,spear,False
30,20,D11 Female,11,F,6,0.4660020198288053,voting,0.33,0,7,1,12.666666666666666,spear,False
30,21,D11 Male,11,M,8,0.6719417582153802,voting,0.5733333333333333,1,6,3,13.583333333333334,knife,False
30,22,D12 Female,12,F,2,0.14207894952539268,voting,0.16333333333333333,1,3,1,17.125,dehydration,False
30,23,D12 Male,12,M,9,0.5913521794213743,voting,0.375,0,18,0,3.0,dehydration,False
31,0,D1 Female,1,F,5,0.5264970744786748,voting,0.5383333333333333,1,5,1,15.375,dehydration,False
31,1,D1 Male,1,M,6,0.5667496850257875,voting,0.5,1,4,0,16.0,knife,False
31,2,D2 Female,2,F,4,0.26552221875074045,voting,0.41666666666666663,0,2,0,17.916666666666668,spear,False
31,3,D2 Male,2,M,9,0.47581597456976127,voting,0.625,1,22,0,2.2083333333333335,fists,False
31,4,D3 Female,3,F,4,0.28141347157106755,voting,0.16666666666666666,0,12,0,7.375,fists,False
31,5,D3 Male,3,M,4,0.2354148799023716,voting,0.16666666666666666,0,21,0,2.75,fists,False
31,6,D4 Female,4,F,6,0.43384697636156505,voting,0.5,0,8,0,9.375,rock,False
31,7,D4 Male,4,M,8,0.7751097990272025,voting,0.5833333333333333,0,1,3,17.958333333333332,,True
31,8,D5 Female,5,F,8,0.6487972220793403,voting,0.3333333333333333,0,20,0,3.0,dehydration,False
31,9,D5 Male,5,M,8,0.6400880177450259,voting,0.41333333333333333,1,11,2,7.416666666666667,rock,False
31,10,D6 Female,6,F,3,0.28076200372948207,voting,0.125,0,15,0,4.416666666666667,fists,False
31,11,D6 Male,6,M,3,0.1506894390435404,voting,0.125,0,9,0,8.458333333333334,rock,False
31,12,D7 Female,7,F,2,0.24085688998224392,voting,0.24333333333333335,0,13,2,7.25,untreated wound,False
31,13,D7 Male,7,M,4,0.4859197457320378,voting,0.16666666666666666,0,19,0,3.0,dehydration,False
31,14,D8 Female,8,F,3,0.38297113683178075,voting,0.125,0,16,0,3.5416666666666665,fists,False
31,15,D8 Male,8,M,7,0.7182339766856141,voting,0.3716666666666667,1,3,3,16.166666666666668,spear,False
31,16,D9 Female,9,F,8,0.47536333639759776,voting,0.3333333333333333,0,10,1,7.791666666666667,rock,False
31,17,D9 Male,9,M,5,0.4545859079955697,voting,0.20833333333333334,0,23,0,2.2083333333333335,fists,False
31,18,D10 Female,10,F,6,0.6507031282894364,voting,0.25,0,24,0,1.2916666666666667,fists,False
31,19,D10 Male,10,M,5,0.32250109948232686,voting,0.28833333333333333,0,18,1,3.0,dehydration,False
31,20,D11 Female,11,F,10,0.8458896156576649,voting,0.5766666666666667,0,7,2,12.541666666666666,dehydration,False
31,21,D11 Male,11,M,6,0.44814646255947144,voting,0.33,0,6,1,14.166666666666666,spear,False
31,22,D12 Female,12,F,6,0.4755695862706192,voting,0.25,0,17,1,3.0416666666666665,fists,False
31,23,D12 Male,12,M,12,0.8572184928364333,voting,0.5,1,14,0,6.0,sword,False
32,0,D1 Female,1,F,3,0.37977932253140145,voting,0.535,0,4,3,13.916666666666666,sword,False
32,1,D1 Male,1,M,6,0.500582172892134,voting,0.5,0,18,0,3.125,fists,False
32,2,D2 Female,2,F,1,0.4201670255263844,voting,0.2916666666666667,0,10,1,9.5,rock,False
32,3,D2 Male,2,M,8,0.7234727102573308,voting,0.5833333333333333,0,13,1,8.958333333333334,spear,False
32,4,D3 Female,3,F,6,0.4670241869160866,voting,0.33,0,6,1,12.583333333333334,sword,False
32,5,D3 Male,3,M,7,0.6608289398936988,voting,0.45166666666666666,1,2,2,15.333333333333334,sword,False
32,6,D4 Female,4,F,8,0.4384411474169748,voting,0.5833333333333333,2,5,0,12.625,rock,False
32,7,D4 Male,4,M,5,0.25705232846649756,voting,0.45833333333333337,0,15,0,7.25,dehydration,False
32,8,D5 Female,5,F,11,0.5881784021492134,voting,0.4583333333333333,1,21,0,2.7083333333333335,fists,False
32,9,D5 Male,5,M,7,0.4277376634884868,voting,0.2916666666666667,0,12,0,9.291666666666666,knife,False
32,10,D6 Female,6,F,5,0.5061960353778359,voting,0.20833333333333334,0,1,2,15.375,,True
32,11,D6 Male,6,M,8,0.7820009363802425,voting,0.4933333333333333,0,9,2,9.791666666666666,untreated wound,False
32,12,D7 Female,7,F,4,0.5025511979293821,voting,0.24666666666666665,0,19,1,3.0,untreated wound,False
32,13,D7 Male,7,M,8,0.6620403082920914,voting,0.3333333333333333,0,7,0,12.208333333333334,knife,False
32,14,D8 Female,8,F,5,0.6379933076328204,voting,0.20833333333333334,1,16,0,5.166666666666667,fists,False
32,15,D8 Male,8,M,5,0.45281949275214506,voting,0.20833333333333334,0,14,0,7.333333333333333,fists,False
32,16,D9 Female,9,F,4,0.3650256568245544,voting,0.16666666666666666,0,24,0,1.5833333333333333,fists,False
32,17,D9 Male,9,M,8,0.674214314733631,voting,0.5733333333333333,0,8,3,11.041666666666666,dehydration,False
32,18,D10 Female,10,F,5,0.3288217658870828,voting,0.28833333333333333,0,17,1,4.416666666666667,knife,False
32,19,D10 Male,10,M,4,0.45634244481080277,voting,0.16666666666666666,0,20,0,2.7916666666666665,fists,False
32,20,D11 Female,11,F,2,0.1682215233552981,voting,0.08333333333333333,0,23,0,1.9583333333333333,fists,False
32,21,D11 Male,11,M,8,0.6923062903833733,voting,0.41333333333333333,0,3,1,13.916666666666666,dehydration,False
32,22,D12 Female,12,F,5,0.303923112186832,voting,0.20833333333333334,0,22,0,2.2083333333333335,fists,False
32,23,D12 Male,12,M,7,0.5649334155536399,voting,0.2916666666666667,0,11,0,9.5,knife,False
33,0,D1 Female,1,F,6,0.47902367832748044,voting,0.58,0,7,1,11.375,arena hazard,False
33,1,D1 Male,1,M,7,0.6292913339663933,voting,0.6216666666666667,0,1,5,18.583333333333332,,True
33,2,D2 Female,2,F,5,0.6191479179726689,voting,0.45833333333333337,0,14,0,7.916666666666667,knife,False
33,3,D2 Male,2,M,8,0.6057212767610708,voting,0.6633333333333332,0,15,1,5.416666666666667,fists,False
33,4,D3 Female,3,F,5,0.5524204773031078,voting,0.20833333333333334,0,9,0,9.625,fists,False
33,5,D3 Male,3,M,3,0.21538602426027842,voting,0.125,0,19,0,2.8333333333333335,fists,False
33,6,D4 Female,4,F,4,0.5763195675232847,voting,0.5766666666666667,0,6,2,12.25,untreated wound,False
33,7,D4 Male,4,M,5,0.3511612140370267,voting,0.45833333333333337,0,11,1,9.125,fists,False
33,8,D5 Female,5,F,7,0.3835510860442934,voting,0.2916666666666667,0,12,1,8.958333333333334,fists,False
33,9,D5 Male,5,M,5,0.2877003092324467,voting,0.20833333333333334,0,18,0,3.0,dehydration,False
33,10,D6 Female,6,F,6,0.4007754473160831,voting,0.25,0,16,1,4.791666666666667,fists,False
33,11,D6 Male,6,M,5,0.384371245321369,voting,0.20833333333333334,2,5,0,13.833333333333334,knife,False
33,12,D7 Female,7,F,8,0.6542730762385567,voting,0.3333333333333333,0,4,0,14.5,spear,False
33,13,D7 Male,7,M,5,0.6065431527958551,voting,0.20833333333333334,0,24,0,1.9583333333333333,fists,False
33,14,D8 Female,8,F,5,0.29316610589741426,voting,0.20833333333333334,0,17,0,3.2916666666666665,fists,False
33,15,D8 Male,8,M,4,0.27982729092155634,voting,0.24666666666666665,0,13,1,8.625,fists,False
33,16,D9 Female,9,F,6,0.3316304043465301,voting,0.25,0,22,1,2.25,fists,False
33,17,D9 Male,9,M,8,0.640051316178029,voting,0.3333333333333333,2,3,1,18.083333333333332,bow,False
33,18,D10 Female,10,F,6,0.31882538631360124,voting,0.25,0,23,0,2.125,fists,False
33,19,D10 Male,10,M,12,0.7675907854043582,voting,0.58,1,10,1,9.166666666666666,dehydration,False
33,20,D11 Female,11,F,5,0.4517699253883949,voting,0.20833333333333334,0,21,0,2.375,fists,False
33,21,D11 Male,11,M,4,0.35187086358714215,voting,0.16666666666666666,0,8,0,10.291666666666666,knife,False
33,22,D12 Female,12,F,6,0.687666636734017,voting,0.41000000000000003,1,2,2,18.541666666666668,untreated wound,False
33,23,D12 Male,12,M,3,0.44977685741677564,voting,0.125,0,20,0,2.7916666666666665,fists,False
34,0,D1 Female,1,F,10,0.8280691114664673,voting,0.7466666666666667,0,9,1,10.958333333333334,sword,False
34,1,D1 Male,1,M,5,0.26051265861759476,voting,0.45833333333333337,0,20,0,3.625,fists,False
34,2,D2 Female,2,F,1,0.1504026027932383,voting,0.2916666666666667,0,2,1,18.75,bow,False
34,3,D2 Male,2,M,3,0.2591630646624768,voting,0.455,2,6,1,14.708333333333334,rock,False
34,4,D3 Female,3,F,5,0.41335879662874514,voting,0.28833333333333333,0,8,1,11.666666666666666,sword,False
34,5,D3 Male,3,M,8,0.598583868404843,voting,0.3333333333333333,0,22,0,2.4583333333333335,fists,False
34,6,D4 Female,4,F,5,0.631336158423353,voting,0.5383333333333333,1,16,1,7.166666666666667,dehydration,False
34,7,D4 Male,4,M,4,0.4685078182566471,voting,0.41666666666666663,0,18,0,5.583333333333333,knife,False
34,8,D5 Female,5,F,9,0.5606195290131778,voting,0.375,0,1,5,18.791666666666668,,True
34,9,D5 Male,5,M,9,0.7959691877498718,voting,0.455,0,12,1,9.166666666666666,dehydration,False
34,10,D6 Female,6,F,7,0.6828891224221302,voting,0.3716666666666667,1,15,1,7.708333333333333,spear,False
34,11,D6 Male,6,M,3,0.30140178820280306,voting,0.125,0,23,0,1.875,fists,False
34,12,D7 Female,7,F,5,0.4587067890751305,voting,0.28833333333333333,1,7,1,12.541666666666666,bow,False
34,13,D7 Male,7,M,7,0.6673370046298628,voting,0.3716666666666667,1,17,1,6.0,knife,False
34,14,D8 Female,8,F,5,0.2776683338684706,voting,0.36833333333333335,0,5,2,15.291666666666666,bow,False
34,15,D8 Male,8,M,5,0.3649837230757671,voting,0.28833333333333333,0,14,1,7.708333333333333,rock,False
34,16,D9 Female,9,F,6,0.43783904620740505,voting,0.25,0,13,0,8.0,fists,False
34,17,D9 Male,9,M,8,0.49958328524762236,voting,0.3333333333333333,0,19,0,4.958333333333333,fists,False
34,18,D10 Female,10,F,7,0.5565119442681485,voting,0.2916666666666667,0,24,0,1.5416666666666667,fists,False
34,19,D10 Male,10,M,7,0.585026603327381,voting,0.2916666666666667,0,10,1,10.833333333333334,bow,False
34,20,D11 Female,11,F,1,0.16999347997445807,voting,0.041666666666666664,0,11,0,9.208333333333334,knife,False
34,21,D11 Male,11,M,4,0.5105445003571323,voting,0.24666666666666665,1,4,2,17.291666666666668,bow,False
34,22,D12 Female,12,F,4,0.20122054056769842,voting,0.16666666666666666,1,21,0,2.7083333333333335,fists,False
34,23,D12 Male,12,M,8,0.4047448947292854,voting,0.3333333333333333,0,3,1,18.583333333333332,bow,False
35,0,D1 Female,1,F,6,0.4750725388544938,voting,0.5,0,17,0,3.0833333333333335,fists,False
35,1,D1 Male,1,M,7,0.3551208954151079,voting,0.6216666666666667,1,4,1,14.25,spear,False
35,2,D2 Female,2,F,8,0.42677135189673904,voting,0.5833333333333333,0,14,0,5.25,fists,False
35,3,D2 Male,2,M,3,0.41916261787663434,voting,0.375,0,16,0,3.0833333333333335,fists,False
35,4,D3 Female,3,F,9,0.6317141492144933,voting,0.455,0,7,1,10.083333333333334,spear,False
35,5,D3 Male,3,M,6,0.6507633257657812,voting,0.33,0,8,1,10.041666666666666,dehydration,False
35,6,D4 Female,4,F,3,0.19207887693214235,voting,0.375,0,13,0,6.541666666666667,dehydration,False
35,7,D4 Male,4,M,6,0.3134724702281302,voting,0.5,0,21,0,2.8333333333333335,fists,False
35,8,D5 Female,5,F,4,0.4943044609928572,voting,0.16666666666666666,0,23,0,2.1666666666666665,fists,False
35,9,D5 Male,5,M,5,0.4141618676525124,voting,0.20833333333333334,0,15,0,3.4166666666666665,fists,False
35,10,D6 Female,6,F,12,0.8163276665628882,voting,0.5,0,19,0,3.0,dehydration,False
35,11,D6 Male,6,M,7,0.6789816708364692,voting,0.3716666666666667,0,12,1,7.375,dehydration,False
35,12,D7 Female,7,F,4,0.38364506490756306,voting,0.16666666666666666,0,3,0,15.041666666666666,arena hazard,False
35,13,D7 Male,7,M,6,0.49010844593927705,voting,0.25,0,18,0,3.0,dehydration,False
35,14,D8 Female,8,F,10,0.8338909322674793,voting,0.4166666666666667,0,1,4,17.375,,True
35,15,D8 Male,8,M,7,0.6674625411729176,voting,0.3716666666666667,0,11,1,8.583333333333334,fists,False
35,16,D9 Female,9,F,9,0.7918970757586008,voting,0.455,1,20,1,2.9583333333333335,fists,False
35,17,D9 Male,9,M,7,0.6300181696604906,voting,0.2916666666666667,0,22,0,2.625,fists,False
35,18,D10 Female,10,F,3,0.255044491724155,voting,0.125,0,10,0,9.916666666666666,dehydration,False
35,19,D10 Male,10,M,6,0.30809990861658104,voting,0.25,0,24,0,1.9166666666666667,fists,False
35,20,D11 Female,11,F,6,0.6638803796466388,voting,0.41000000000000003,0,6,2,11.208333333333334,knife,False
35,21,D11 Male,11,M,6,0.48122187679500367,voting,0.25,0,9,1,10.0,rock,False
35,22,D12 Female,12,F,5,0.5172388308062927,voting,0.20833333333333334,0,2,0,17.333333333333332,spear,False
35,23,D12 Male,12,M,8,0.7944355375602454,voting,0.4933333333333333,0,5,2,12.0,dehydration,False
36,0,D1 Female,1,F,3,0.519926475799178,voting,0.375,0,23,0,2.125,fists,False
36,1,D1 Male,1,M,8,0.6944982295728868,voting,0.5833333333333333,1,8,2,9.583333333333334,arena hazard,False
36,2,D2 Female,2,F,7,0.7413337568461544,voting,0.6216666666666667,1,7,1,10.041666666666666,rock,False
36,3,D2 Male,2,M,12,0.95,voting,0.75,1,9,0,8.958333333333334,knife,False
36,4,D3 Female,3,F,8,0.4831662357949949,voting,0.3333333333333333,0,12,0,5.625,fists,False
36,5,D3 Male,3,M,6,0.3079270242932401,voting,0.41000000000000003,0,10,2,6.125,untreated wound,False
36,6,D4 Female,4,F,4,0.5105732305557629,voting,0.41666666666666663,0,22,0,2.9166666666666665,fists,False
36,7,D4 Male,4,M,6,0.3020090117315197,voting,0.5,0,15,0,4.416666666666667,rock,False
36,8,D5 Female,5,F,10,0.8821255958695784,voting,0.4966666666666667,0,16,1,4.208333333333333,untreated wound,False
36,9,D5 Male,5,M,9,0.4710344109767158,voting,0.375,0,3,1,16.583333333333332,bow,False
36,10,D6 Female,6,F,9,0.7286236073335137,voting,0.455,0,1,3,16.833333333333332,,True
36,11,D6 Male,6,M,8,0.5394983785478094,voting,0.41333333333333333,0,20,1,3.0,dehydration,False
36,12,D7 Female,7,F,8,0.6225004397083267,voting,0.3333333333333333,0,13,0,5.541666666666667,fists,False
36,13,D7 Male,7,M,7,0.7027292818359785,voting,0.3716666666666667,0,6,2,10.5,arena hazard,False
36,14,D8 Female,8,F,6,0.6442568374182147,voting,0.33,0,5,1,10.833333333333334,dehydration,False
36,15,D8 Male,8,M,7,0.5323031633299997,voting,0.2916666666666667,0,4,0,11.291666666666666,knife,False
36,16,D9 Female,9,F,5,0.3721148315584508,voting,0.20833333333333334,0,11,0,5.625,knife,False
36,17,D9 Male,9,M,4,0.5625366043088327,voting,0.16666666666666666,0,19,0,3.0,dehydration,False
36,18,D10 Female,10,F,4,0.393855604073194,voting,0.16666666666666666,0,18,0,3.0,dehydration,False
36,19,D10 Male,10,M,2,0.24014206712252978,voting,0.08333333333333333,0,17,0,3.0,dehydration,False
36,20,D11 Female,11,F,9,0.8207425574690181,voting,0.375,0,14,0,4.666666666666667,rock,False
36,21,D11 Male,11,M,7,0.3836700658682852,voting,0.2916666666666667,0,21,0,2.9583333333333335,fists,False
36,22,D12 Female,12,F,8,0.5895351398748334,voting,0.3333333333333333,0,24,0,1.125,fists,False
36,23,D12 Male,12,M,5,0.34628929545631004,voting,0.20833333333333334,0,2,0,16.791666666666668,bow,False
37,0,D1 Female,1,F,3,0.22556920642001108,voting,0.375,0,7,0,8.875,spear,False
37,1,D1 Male,1,M,6,0.35180496139637796,voting,0.5,0,24,0,1.0833333333333333,fists,False
37,2,D2 Female,2,F,10,0.6625555548711587,voting,0.7466666666666667,1,15,1,3.125,fists,False
37,3,D2 Male,2,M,5,0.29436189197215124,voting,0.45833333333333337,2,3,0,14.791666666666666,spear,False
37,4,D3 Female,3,F,4,0.41446909030902057,voting,0.16666666666666666,0,20,0,3.0,dehydration,False
37,5,D3 Male,3,M,4,0.5832036735562314,voting,0.24666666666666665,0,19,1,3.0,dehydration,False
37,6,D4 Female,4,F,4,0.3733365784317778,voting,0.41666666666666663,0,21,0,2.8333333333333335,fists,False
37,7,D4 Male,4,M,10,0.812895851849881,voting,0.6666666666666667,0,13,0,4.5,dehydration,False
37,8,D5 Female,5,F,4,0.5105150891263286,voting,0.16666666666666666,0,4,3,14.208333333333334,sword,False
37,9,D5 Male,5,M,6,0.621408183173622,voting,0.25,0,11,0,7.416666666666667,spear,False
37,10,D6 Female,6,F,4,0.23578399085817814,voting,0.16666666666666666,0,16,0,3.0416666666666665,fists,False
37,11,D6 Male,6,M,9,0.663887143534084,voting,0.375,0,8,1,8.666666666666666,spear,False
37,12,D7 Female,7,F,10,0.5496119602221077,voting,0.4166666666666667,0,18,0,3.0,dehydration,False
37,13,D7 Male,7,M,7,0.47364061223833176,voting,0.2916666666666667,0,2,2,14.875,sword,False
37,14,D8 Female,8,F,12,0.6754939950284335,voting,0.58,0,6,1,12.75,spear,False
37,15,D8 Male,8,M,7,0.6024312475685257,voting,0.2916666666666667,0,22,0,1.5416666666666667,fists,False
37,16,D9 Female,9,F,11,0.8834579669598255,voting,0.5383333333333333,1,5,2,14.166666666666666,spear,False
37,17,D9 Male,9,M,7,0.47787045096110237,voting,0.3716666666666667,1,9,1,7.958333333333333,fists,False
37,18,D10 Female,10,F,8,0.6404305895546345,voting,0.3333333333333333,0,14,1,3.1666666666666665,fists,False
37,19,D10 Male,10,M,6,0.6249340630363525,voting,0.25,0,10,1,7.666666666666667,spear,False
37,20,D11 Female,11,F,3,0.42275918956213376,voting,0.125,0,12,0,5.291666666666667,fists,False
37,21,D11 Male,11,M,6,0.5153230318877269,voting,0.25,0,23,0,1.375,fists,False
37,22,D12 Female,12,F,11,0.7662540762227682,voting,0.6183333333333333,0,1,4,14.916666666666666,,True
37,23,D12 Male,12,M,6,0.6981851511639074,voting,0.25,0,17,0,3.0,dehydration,False
38,0,D1 Female,1,F,7,0.35352507224568747,voting,0.6216666666666667,1,10,1,11.291666666666666,spear,False
38,1,D1 Male,1,M,11,0.6317757635388233,voting,0.7083333333333333,0,16,0,7.5,knife,False
38,2,D2 Female,2,F,12,0.727516251691142,voting,0.75,0,14,0,7.958333333333333,knife,False
38,3,D2 Male,2,M,4,0.44958419076944156,voting,0.41666666666666663,0,21,0,3.375,fists,False
38,4,D3 Female,3,F,3,0.22489674753027145,voting,0.20500000000000002,0,7,1,14.333333333333334,dehydration,False
38,5,D3 Male,3,M,4,0.24466707492078787,voting,0.16666666666666666,0,19,0,4.083333333333333,fists,False
38,6,D4 Female,4,F,9,0.6589610849813248,voting,0.705,3,2,1,18.416666666666668,dehydration,False
38,7,D4 Male,4,M,3,0.30212922304806283,voting,0.375,0,22,0,2.4583333333333335,fists,False
38,8,D5 Female,5,F,7,0.5444893909346562,voting,0.2916666666666667,2,12,1,10.75,rock,False
38,9,D5 Male,5,M,9,0.5609048668105688,voting,0.615,2,6,3,14.375,spear,False
38,10,D6 Female,6,F,12,0.8104196793610081,voting,0.5,0,17,0,7.083333333333333,arena hazard,False
38,11,D6 Male,6,M,7,0.6746195588717384,voting,0.3716666666666667,0,8,1,12.0,rock,False
38,12,D7 Female,7,F,5,0.5269448428470539,voting,0.20833333333333334,0,24,0,2.0833333333333335,fists,False
38,13,D7 Male,7,M,10,0.6389432551982867,voting,0.6566666666666667,1,1,3,18.458333333333332,,True
38,14,D8 Female,8,F,4,0.5794351532356221,voting,0.32666666666666666,0,5,2,14.375,knife,False
38,15,D8 Male,8,M,5,0.5375521815641493,voting,0.28833333333333333,2,9,1,11.916666666666666,knife,False
38,16,D9 Female,9,F,2,0.46006580808129505,voting,0.08333333333333333,0,15,0,7.791666666666667,knife,False
38,17,D9 Male,9,M,3,0.15081748172572812,voting,0.125,1,3,1,16.416666666666668,spear,False
38,18,D10 Female,10,F,7,0.5338440176229021,voting,0.2916666666666667,0,18,0,6.583333333333333,rock,False
38,19,D10 Male,10,M,8,0.5374831631795495,voting,0.41333333333333333,0,11,1,10.958333333333334,spear,False
38,20,D11 Female,11,F,5,0.25541491341243594,voting,0.20833333333333334,0,23,0,2.375,fists,False
38,21,D11 Male,11,M,6,0.6623972327443028,voting,0.33,0,4,1,15.583333333333334,dehydration,False
38,22,D12 Female,12,F,5,0.4059498424990453,voting,0.28833333333333333,0,20,1,3.875,untreated wound,False
38,23,D12 Male,12,M,5,0.38259204062053265,voting,0.20833333333333334,0,13,0,9.5,knife,False
39,0,D1 Female,1,F,5,0.5831738277460006,voting,0.45833333333333337,0,23,0,3.0,dehydration,False
39,1,D1 Male,1,M,5,0.4537223021149842,voting,0.45833333333333337,1,20,0,3.5,spear,False
39,2,D2 Female,2,F,9,0.7099472096255277,voting,0.625,0,17,0,5.166666666666667,fists,False
39,3,D2 Male,2,M,9,0.6785628431490531,voting,0.705,1,10,1,9.75,knife,False
39,4,D3 Female,3,F,8,0.4033753654779281,voting,0.3333333333333333,1,24,0,2.1666666666666665,fists,False
39,5,D3 Male,3,M,9,0.7257578734800123,voting,0.375,0,5,2,13.125,spear,False
39,6,D4 Female,4,F,4,0.41042878170774855,voting,0.41666666666666663,0,4,2,14.625,sword,False
39,7,D4 Male,4,M,8,0.7107990998344278,voting,0.5833333333333333,0,19,0,3.5416666666666665,dehydration,False
39,8,D5 Female,5,F,6,0.685310761644637,voting,0.25,0,18,0,3.7916666666666665,fists,False
39,9,D5 Male,5,M,6,0.3436374656273785,voting,0.33,0,11,1,7.916666666666667,fists,False
39,10,D6 Female,6,F,6,0.533299998550685,voting,0.25,0,9,0,9.833333333333334,fists,False
39,11,D6 Male,6,M,6,0.680035487594791,voting,0.41000000000000003,1,1,3,17.875,,True
39,12,D7 Female,7,F,9,0.45643788705060906,voting,0.455,1,2,1,17.833333333333332,bow,False
39,13,D7 Male,7,M,8,0.4008132989812929,voting,0.3333333333333333,1,7,2,12.458333333333334,spear,False
39,14,D8 Female,8,F,6,0.44808578591464976,voting,0.25,0,22,0,3.0,dehydration,False
39,15,D8 Male,8,M,7,0.42494278149643405,voting,0.2916666666666667,0,21,0,3.2083333333333335,fists,False
39,16,D9 Female,9,F,7,0.3949464796830119,voting,0.45166666666666666,1,8,2,11.708333333333334,untreated wound,False
39,17,D9 Male,9,M,4,0.2227593377879394,voting,0.16666666666666666,1,14,0,7.041666666666667,fists,False
39,18,D10 Female,10,F,11,0.8412086073303799,voting,0.4583333333333333,0,12,0,7.416666666666667,knife,False
39,19,D10 Male,10,M,8,0.43175357006776044,voting,0.4933333333333333,0,3,2,15.75,untreated wound,False
39,20,D11 Female,11,F,4,0.37575513134254107,voting,0.16666666666666666,0,16,0,5.75,fists,False
39,21,D11 Male,11,M,7,0.7319367641737273,voting,0.2916666666666667,1,6,0,12.833333333333334,knife,False
39,22,D12 Female,12,F,8,0.7969466538236889,voting,0.41333333333333333,1,15,1,6.0,knife,False
39,23,D12 Male,12,M,6,0.48339134199457956,voting,0.33,0,13,1,7.375,knife,False
40,0,D1 Female,1,F,5,0.5516100233671049,voting,0.45833333333333337,1,5,0,14.0,sword,False
40,1,D1 Male,1,M,1,0.1609706650139963,voting,0.2916666666666667,0,7,1,9.958333333333334,bow,False
40,2,D2 Female,2,F,7,0.7332597904203197,voting,0.7016666666666668,2,3,2,16.0,arena hazard,False
40,3,D2 Male,2,M,5,0.28862721549867676,voting,0.45833333333333337,0,6,1,11.291666666666666,bow,False
40,4,D3 Female,3,F,1,0.31712799748823317,voting,0.041666666666666664,0,20,0,3.0416666666666665,rock,False
40,5,D3 Male,3,M,7,0.4082505957449041,voting,0.2916666666666667,0,22,0,3.0,dehydration,False
40,6,D4 Female,4,F,11,0.7146696570153718,voting,0.7083333333333333,0,14,0,4.5,dehydration,False
40,7,D4 Male,4,M,3,0.4870702689253681,voting,0.375,0,8,2,7.958333333333333,fists,False
40,8,D5 Female,5,F,5,0.49172120764770894,voting,0.20833333333333334,0,18,1,3.5,fists,False
40,9,D5 Male,5,M,8,0.730400002517406,voting,0.3333333333333333,0,13,1,4.583333333333333,fists,False
40,10,D6 Female,6,F,5,0.5916325650855395,voting,0.20833333333333334,0,9,1,5.958333333333333,rock,False
40,11,D6 Male,6,M,8,0.5121031626607278,voting,0.41333333333333333,0,1,3,16.083333333333332,,True
40,12,D7 Female,7,F,7,0.4513503416187278,voting,0.2916666666666667,0,21,0,3.0,dehydration,False
40,13,D7 Male,7,M,3,0.5374649228932247,voting,0.125,0,23,0,1.9166666666666667,fists,False
40,14,D8 Female,8,F,11,0.6746446282803054,voting,0.5383333333333333,0,10,1,5.833333333333333,dehydration,False
40,15,D8 Male,8,M,8,0.53703349438194,voting,0.3333333333333333,0,19,0,3.25,fists,False
40,16,D9 Female,9,F,7,0.3861361662956176,voting,0.2916666666666667,1,16,0,3.875,fists,False
40,17,D9 Male,9,M,9,0.5187531277335051,voting,0.375,0,24,0,1.875,fists,False
40,18,D10 Female,10,F,7,0.6947222999795168,voting,0.3716666666666667,0,11,1,5.583333333333333,dehydration,False
40,19,D10 Male,10,M,7,0.41134083453833287,voting,0.2916666666666667,1,12,1,4.791666666666667,dehydration,False
40,20,D11 Female,11,F,6,0.5164147610343507,voting,0.25,0,15,0,4.416666666666667,fists,False
40,21,D11 Male,11,M,8,0.4905166684944491,voting,0.3333333333333333,0,4,0,14.125,knife,False
40,22,D12 Female,12,F,4,0.35005948195723324,voting,0.16666666666666666,0,17,0,3.6666666666666665,fists,False
40,23,D12 Male,12,M,6,0.41361668052050876,voting,0.25,0,2,1,16.041666666666668,bow,False
41,0,D1 Female,1,F,9,0.7704016944067957,voting,0.705,0,12,1,6.333333333333333,rock,False
41,1,D1 Male,1,M,9,0.48544631920172515,voting,0.705,1,7,2,10.916666666666666,knife,False
41,2,D2 Female,2,F,6,0.3889360632530071,voting,0.58,1,4,1,17.458333333333332,sword,False
41,3,D2 Male,2,M,7,0.6423689460079887,voting,0.5416666666666667,0,15,0,4.916666666666667,rock,False
41,4,D3 Female,3,F,12,0.95,voting,0.58,1,11,1,6.666666666666667,spear,False
41,5,D3 Male,3,M,9,0.4942806626012968,voting,0.535,0,2,2,17.958333333333332,dehydration,False
41,6,D4 Female,4,F,1,0.09846631945137457,voting,0.2916666666666667,0,17,0,4.458333333333333,fists,False
41,7,D4 Male,4,M,5,0.45357577937247595,voting,0.45833333333333337,0,22,0,2.9583333333333335,fists,False
41,8,D5 Female,5,F,6,0.3333110558963204,voting,0.25,0,14,0,4.958333333333333,fists,False
41,9,D5 Male,5,M,4,0.24858268416319285,voting,0.32666666666666666,1,3,2,17.625,dehydration,False
41,10,D6 Female,6,F,2,0.29353326437613525,voting,0.08333333333333333,0,24,0,2.0,fists,False
41,11,D6 Male,6,M,6,0.42354154834431124,voting,0.33,0,5,1,13.666666666666666,untreated wound,False
41,12,D7 Female,7,F,4,0.519824514022814,voting,0.16666666666666666,0,8,0,10.25,knife,False
41,13,D7 Male,7,M,6,0.4144489191586987,voting,0.33,1,19,1,3.9583333333333335,rock,False
41,14,D8 Female,8,F,9,0.6074652469031966,voting,0.375,0,16,0,4.458333333333333,rock,False
41,15,D8 Male,8,M,8,0.5977222792806708,voting,0.4933333333333333,1,6,2,13.583333333333334,dehydration,False
41,16,D9 Female,9,F,5,0.40284066260463236,voting,0.20833333333333334,0,20,0,3.5833333333333335,fists,False
41,17,D9 Male,9,M,7,0.5333284250074319,voting,0.45166666666666666,1,1,3,18.0,,True
41,18,D10 Female,10,F,9,0.625908414807422,voting,0.375,0,21,0,3.0,dehydration,False
41,19,D10 Male,10,M,4,0.5909327290778905,voting,0.16666666666666666,0,13,0,5.166666666666667,rock,False
41,20,D11 Female,11,F,5,0.4441519012635643,voting,0.28833333333333333,0,9,1,8.166666666666666,knife,False
41,21,D11 Male,11,M,7,0.4057266673234764,voting,0.2916666666666667,0,18,0,4.0,fists,False
41,22,D12 Female,12,F,1,0.1450415463543926,voting,0.041666666666666664,0,23,0,2.9583333333333335,fists,False
41,23,D12 Male,12,M,12,0.6071334302350879,voting,0.5,0,10,1,7.416666666666667,knife,False
42,0,D1 Female,1,F,2,0.2371349946960561,voting,0.3333333333333333,0,22,0,2.75,fists,False
42,1,D1 Male,1,M,5,0.5720331565456522,voting,0.5383333333333333,1,6,1,13.791666666666666,untreated wound,False
42,2,D2 Female,2,F,5,0.4386266203317588,voting,0.45833333333333337,0,10,0,10.041666666666666,spear,False
42,3,D2 Male,2,M,9,0.7848349339785086,voting,0.625,0,7,1,11.5,rock,False
42,4,D3 Female,3,F,4,0.2005107781114454,voting,0.16666666666666666,0,13,0,7.708333333333333,fists,False
42,5,D3 Male,3,M,10,0.8023711294483353,voting,0.4166666666666667,0,16,0,5.625,rock,False
42,6,D4 Female,4,F,7,0.6329069510564859,voting,0.5416666666666667,1,15,0,6.0,rock,False
42,7,D4 Male,4,M,9,0.6034604484438366,voting,0.705,0,3,2,16.458333333333332,sword,False
42,8,D5 Female,5,F,9,0.7046811866144809,voting,0.375,0,20,0,3.0,dehydration,False
42,9,D5 Male,5,M,7,0.6171764091168573,voting,0.2916666666666667,0,12,1,7.916666666666667,fists,False
42,10,D6 Female,6,F,10,0.7006139038371005,voting,0.6566666666666667,1,2,3,18.166666666666668,dehydration,False
42,11,D6 Male,6,M,5,0.274281797814293,voting,0.20833333333333334,0,24,0,1.9166666666666667,fists,False
42,12,D7 Female,7,F,2,0.20805353741859223,voting,0.24333333333333335,0,9,2,10.375,spear,False
42,13,D7 Male,7,M,9,0.737533750425555,voting,0.455,0,23,1,2.6666666666666665,fists,False
42,14,D8 Female,8,F,6,0.5084781590179709,voting,0.25,0,17,0,5.083333333333333,fists,False
42,15,D8 Male,8,M,7,0.37189861146644737,voting,0.2916666666666667,2,19,0,4.333333333333333,fists,False
42,16,D9 Female,9,F,9,0.6545519455317594,voting,0.375,0,11,1,9.875,knife,False
42,17,D9 Male,9,M,6,0.30511858673929765,voting,0.25,0,1,1,18.208333333333332,,True
42,18,D10 Female,10,F,2,0.23287481072308852,voting,0.08333333333333333,0,4,1,14.791666666666666,spear,False
42,19,D10 Male,10,M,5,0.4734594569958118,voting,0.28833333333333333,1,8,1,10.708333333333334,knife,False
42,20,D11 Female,11,F,8,0.5810013962694118,voting,0.3333333333333333,0,14,1,7.333333333333333,knife,False
42,21,D11 Male,11,M,8,0.4677598251501038,voting,0.3333333333333333,0,21,0,2.9166666666666665,fists,False
42,22,D12 Female,12,F,7,0.6034537803820907,voting,0.2916666666666667,0,18,1,4.666666666666667,fists,False
42,23,D12 Male,12,M,8,0.6018489286245488,voting,0.4933333333333333,0,5,2,13.791666666666666,arena hazard,False
43,0,D1 Female,1,F,5,0.3965515514338956,voting,0.45833333333333337,0,5,0,11.125,bow,False
43,1,D1 Male,1,M,6,0.6863336561547024,voting,0.66,1,4,2,11.666666666666666,dehydration,False
43,2,D2 Female,2,F,12,0.7292913004763021,voting,0.83,2,2,1,14.666666666666666,dehydration,False
43,3,D2 Male,2,M,6,0.6695075643320645,voting,0.5,0,19,0,4.916666666666667,fists,False
43,4,D3 Female,3,F,3,0.1869840799329278,voting,0.125,0,21,0,4.833333333333333,fists,False
43,5,D3 Male,3,M,7,0.4757143183131489,voting,0.2916666666666667,0,12,0,8.666666666666666,bow,False
43,6,D4 Female,4,F,5,0.35358651967273225,voting,0.45833333333333337,1,15,0,6.291666666666667,dehydration,False
43,7,D4 Male,4,M,9,0.6854710435956416,voting,0.705,0,16,1,6.0,dehydration,False
43,8,D5 Female,5,F,7,0.48443050146361644,voting,0.3716666666666667,0,14,1,6.416666666666667,knife,False
43,9,D5 Male,5,M,6,0.5072230687679975,voting,0.25,0,10,0,9.625,dehydration,False
43,10,D6 Female,6,F,3,0.1600532152304853,voting,0.20500000000000002,0,1,3,14.708333333333334,,True
43,11,D6 Male,6,M,7,0.6777896089318506,voting,0.3716666666666667,0,13,1,6.625,untreated wound,False
43,12,D7 Female,7,F,3,0.37029711505573515,voting,0.125,0,17,0,5.208333333333333,fists,False
43,13,D7 Male,7,M,1,0.07544184099360196,voting,0.041666666666666664,0,8,0,10.083333333333334,spear,False
43,14,D8 Female,8,F,8,0.709192850138611,voting,0.41333333333333333,0,20,1,4.833333333333333,untreated wound,False
43,15,D8 Male,8,M,5,0.41262945738529455,voting,0.20833333333333334,0,24,0,2.6666666666666665,fists,False
43,16,D9 Female,9,F,4,0.5415930897696749,voting,0.16666666666666666,0,7,1,10.291666666666666,bow,False
43,17,D9 Male,9,M,6,0.5580908403086925,voting,0.25,0,22,0,3.5416666666666665,fists,False
43,18,D10 Female,10,F,7,0.6506708639623178,voting,0.2916666666666667,0,23,0,3.0416666666666665,fists,False
43,19,D10 Male,10,M,7,0.38490698611192903,voting,0.2916666666666667,0,18,0,5.125,fists,False
43,20,D11 Female,11,F,4,0.48670371892293784,voting,0.41666666666666663,0,3,4,12.583333333333334,untreated wound,False
43,21,D11 Male,11,M,9,0.6952094437738825,voting,0.375,0,9,0,9.708333333333334,spear,False
43,22,D12 Female,12,F,8,0.7535396814280058,voting,0.3333333333333333,1,11,0,9.125,bow,False
43,23,D12 Male,12,M,3,0.37643144070219986,voting,0.125,0,6,0,11.041666666666666,spear,False
44,0,D1 Female,1,F,8,0.7913333345969029,voting,0.5833333333333333,1,15,1,4.958333333333333,spear,False
44,1,D1 Male,1,M,8,0.47937504441658635,voting,0.6633333333333332,1,16,1,4.375,fists,False
44,2,D2 Female,2,F,7,0.38875053120459735,voting,0.5416666666666667,0,19,0,3.4166666666666665,fists,False
44,3,D2 Male,2,M,12,0.7044052193752504,voting,0.75,0,12,0,6.083333333333333,spear,False
44,4,D3 Female,3,F,1,0.19813452510244048,voting,0.041666666666666664,0,24,0,1.7083333333333333,fists,False
44,5,D3 Male,3,M,5,0.5374811079558952,voting,0.20833333333333334,0,22,0,2.7916666666666665,rock,False
44,6,D4 Female,4,F,10,0.8045125034544265,voting,0.6666666666666667,0,14,0,5.833333333333333,fists,False
44,7,D4 Male,4,M,3,0.5054730936428564,voting,0.375,0,8,0,11.625,sword,False
44,8,D5 Female,5,F,6,0.6519259405410005,voting,0.33,2,2,4,18.833333333333332,sword,False
44,9,D5 Male,5,M,9,0.6703282114412659,voting,0.375,0,23,0,2.7083333333333335,knife,False
44,10,D6 Female,6,F,7,0.601950899575451,voting,0.3716666666666667,0,9,1,10.5,fists,False
44,11,D6 Male,6,M,4,0.4343025670232056,voting,0.4066666666666666,0,3,3,16.75,arena hazard,False
44,12,D7 Female,7,F,3,0.28792286504768533,voting,0.125,0,18,0,3.4166666666666665,fists,False
44,13,D7 Male,7,M,5,0.5580220881654145,voting,0.20833333333333334,0,5,1,12.958333333333334,spear,False
44,14,D8 Female,8,F,10,0.5134558471074995,voting,0.4166666666666667,0,10,0,10.416666666666666,dehydration,False
44,15,D8 Male,8,M,5,0.3980663043150421,voting,0.20833333333333334,0,20,0,3.125,fists,False
44,16,D9 Female,9,F,9,0.48193645567919197,voting,0.375,0,7,0,12.416666666666666,spear,False
44,17,D9 Male,9,M,6,0.6244186971120532,voting,0.25,1,1,1,18.875,,True
44,18,D10 Female,10,F,2,0.23005658554223596,voting,0.3233333333333333,0,6,3,12.958333333333334,spear,False
44,19,D10 Male,10,M,4,0.40530061882917945,voting,0.16666666666666666,0,4,1,15.5,bow,False
44,20,D11 Female,11,F,2,0.2536355292931046,voting,0.16333333333333333,0,11,1,6.833333333333333,spear,False
44,21,D11 Male,11,M,6,0.46080850373206145,voting,0.33,0,13,1,5.875,dehydration,False
44,22,D12 Female,12,F,9,0.804150375304393,voting,0.375,0,17,0,4.291666666666667,dehydration,False
44,23,D12 Male,12,M,9,0.589685831240872,voting,0.375,0,21,0,3.0,dehydration,False
45,0,D1 Female,1,F,7,0.5787668520162645,voting,0.5416666666666667,0,4,0,16.166666666666668,bow,False
45,1,D1 Male,1,M,4,0.48471983932527596,voting,0.41666666666666663,2,12,0,5.0,fists,False
45,2,D2 Female,2,F,5,0.6361489615173876,voting,0.45833333333333337,0,16,1,3.7083333333333335,fists,False
45,3,D2 Male,2,M,5,0.585912602838756,voting,0.45833333333333337,0,17,0,3.2083333333333335,fists,False
45,4,D3 Female,3,F,1,0.26584133079580613,voting,0.041666666666666664,0,21,0,2.4166666666666665,fists,False
45,5,D3 Male,3,M,1,0.29913087594513027,voting,0.041666666666666664,1,15,0,4.083333333333333,fists,False
45,6,D4 Female,4,F,7,0.3892038843825873,voting,0.6216666666666667,2,13,2,4.708333333333333,fists,False
45,7,D4 Male,4,M,2,0.11579915200714631,voting,0.41333333333333333,0,11,1,8.916666666666666,dehydration,False
45,8,D5 Female,5,F,6,0.5824151493418948,voting,0.25,0,23,0,1.7916666666666667,fists,False
45,9,D5 Male,5,M,6,0.40057018451415133,voting,0.25,0,3,0,16.458333333333332,bow,False
45,10,D6 Female,6,F,7,0.4648874266926085,voting,0.45166666666666666,0,8,2,11.541666666666666,rock,False
45,11,D6 Male,6,M,9,0.5713859863222379,voting,0.375,0,22,0,2.2083333333333335,fists,False
45,12,D7 Female,7,F,8,0.6565396089764437,voting,0.41333333333333333,0,1,3,16.916666666666668,,True
45,13,D7 Male,7,M,8,0.6386263397228815,voting,0.41333333333333333,1,7,1,13.541666666666666,dehydration,False
45,14,D8 Female,8,F,5,0.6090973448426726,voting,0.28833333333333333,0,10,1,9.625,bow,False
45,15,D8 Male,8,M,9,0.5591446142614467,voting,0.455,1,6,1,13.625,bow,False
45,16,D9 Female,9,F,8,0.7387595044278785,voting,0.41333333333333333,0,2,3,16.875,bow,False
45,17,D9 Male,9,M,6,0.6847745284196629,voting,0.33,0,14,1,4.5,dehydration,False
45,18,D10 Female,10,F,9,0.753409096069313,voting,0.375,0,24,0,1.5416666666666667,fists,False
45,19,D10 Male,10,M,5,0.3238634624741729,voting,0.20833333333333334,0,9,0,9.666666666666666,dehydration,False
45,20,D11 Female,11,F,4,0.315437950981281,voting,0.16666666666666666,0,20,0,3.0,dehydration,False
45,21,D11 Male,11,M,3,0.516230892005835,voting,0.125,0,19,0,3.0,dehydration,False
45,22,D12 Female,12,F,4,0.3746524336792808,voting,0.16666666666666666,0,18,0,3.0,dehydration,False
45,23,D12 Male,12,M,6,0.6406421175762422,voting,0.25,0,5,0,16.041666666666668,bow,False
46,0,D1 Female,1,F,6,0.4276368900069726,voting,0.58,2,12,1,5.083333333333333,fists,False
46,1,D1 Male,1,M,3,0.15477824886984734,voting,0.375,0,9,0,7.833333333333333,fists,False
46,2,D2 Female,2,F,6,0.5480929203320763,voting,0.58,0,15,1,4.125,fists,False
46,3,D2 Male,2,M,5,0.5731519713426969,voting,0.45833333333333337,1,24,0,2.1666666666666665,fists,False
46,4,D3 Female,3,F,12,0.7569500247500471,voting,0.74,3,3,3,16.875,dehydration,False
46,5,D3 Male,3,M,5,0.4703492606662222,voting,0.20833333333333334,0,16,0,4.083333333333333,fists,False
46,6,D4 Female,4,F,5,0.6103997068367157,voting,0.45833333333333337,0,13,0,4.541666666666667,untreated wound,False
46,7,D4 Male,4,M,10,0.5496939514183883,voting,0.6666666666666667,0,17,0,3.2916666666666665,fists,False
46,8,D5 Female,5,F,6,0.6216579050315663,voting,0.33,0,6,1,12.083333333333334,dehydration,False
46,9,D5 Male,5,M,8,0.6560501807501709,voting,0.3333333333333333,0,23,0,2.3333333333333335,fists,False
46,10,D6 Female,6,F,10,0.5137367877867258,voting,0.4166666666666667,0,21,0,2.5416666666666665,fists,False
46,11,D6 Male,6,M,9,0.843830545351955,voting,0.615,0,7,3,11.625,knife,False
46,12,D7 Female,7,F,6,0.6883098621168042,voting,0.33,0,5,1,13.791666666666666,spear,False
46,13,D7 Male,7,M,10,0.7991100370744438,voting,0.6566666666666667,0,2,3,17.25,dehydration,False
46,14,D8 Female,8,F,11,0.8189571137173663,voting,0.4583333333333333,1,14,0,4.333333333333333,fists,False
46,15,D8 Male,8,M,10,0.6877751358534671,voting,0.4166666666666667,1,1,0,17.291666666666668,,True
46,16,D9 Female,9,F,5,0.5112111065368894,voting,0.28833333333333333,0,10,1,6.583333333333333,dehydration,False
46,17,D9 Male,9,M,4,0.35335840986526645,voting,0.16666666666666666,0,22,0,2.4583333333333335,fists,False
46,18,D10 Female,10,F,7,0.49196806026132733,voting,0.3716666666666667,1,4,1,15.25,dehydration,False
46,19,D10 Male,10,M,11,0.8180684850510309,voting,0.5383333333333333,0,11,1,5.083333333333333,fists,False
46,20,D11 Female,11,F,7,0.42951814707594155,voting,0.2916666666666667,1,20,0,2.75,fists,False
46,21,D11 Male,11,M,7,0.7319050008428482,voting,0.2916666666666667,1,8,0,11.083333333333334,untreated wound,False
46,22,D12 Female,12,F,10,0.5749698442565007,voting,0.4166666666666667,0,19,0,2.9583333333333335,fists,False
46,23,D12 Male,12,M,4,0.42676465618850074,voting,0.16666666666666666,0,18,0,3.0833333333333335,fists,False
47,0,D1 Female,1,F,9,0.5844014206074745,voting,0.625,0,14,1,7.25,fists,False
47,1,D1 Male,1,M,6,0.6053400649648779,voting,0.66,0,10,2,11.083333333333334,knife,False
47,2,D2 Female,2,F,5,0.5064627237749431,voting,0.45833333333333337,0,18,0,4.416666666666667,fists,False
47,3,D2 Male,2,M,11,0.8251812197599826,voting,0.7883333333333332,1,1,3,19.333333333333332,,True
47,4,D3 Female,3,F,10,0.7990487431211912,voting,0.4166666666666667,0,20,0,3.8333333333333335,fists,False
47,5,D3 Male,3,M,11,0.6067351926610569,voting,0.4583333333333333,0,24,0,1.7916666666666667,fists,False
47,6,D4 Female,4,F,7,0.5892647449197831,voting,0.6216666666666667,0,15,1,6.958333333333333,untreated wound,False
47,7,D4 Male,4,M,2,0.36646310818667643,voting,0.3333333333333333,2,17,0,6.208333333333333,rock,False
47,8,D5 Female,5,F,5,0.44449413452200526,voting,0.20833333333333334,0,23,0,2.0833333333333335,fists,False
47,9,D5 Male,5,M,8,0.5277798236179392,voting,0.4933333333333333,2,6,3,16.875,rock,False
47,10,D6 Female,6,F,8,0.4137468080777991,voting,0.41333333333333333,0,11,1,10.75,dehydration,False
47,11,D6 Male,6,M,4,0.43608907567915145,voting,0.24666666666666665,0,4,1,18.125,arena hazard,False
47,12,D7 Female,7,F,9,0.6366602300748396,voting,0.375,0,19,0,4.291666666666667,fists,False
47,13,D7 Male,7,M,6,0.39014746061658084,voting,0.25,0,21,0,3.375,fists,False
47,14,D8 Female,8,F,8,0.4071120610710148,voting,0.3333333333333333,0,13,0,7.916666666666667,fists,False
47,15,D8 Male,8,M,7,0.7040623715682246,voting,0.2916666666666667,0,5,0,16.875,dehydration,False
47,16,D9 Female,9,F,6,0.6631727155249206,voting,0.33,3,8,1,13.541666666666666,dehydration,False
47,17,D9 Male,9,M,4,0.49388897329312986,voting,0.16666666666666666,0,3,0,18.833333333333332,spear,False
47,18,D10 Female,10,F,7,0.5475318217480064,voting,0.2916666666666667,0,22,0,3.0,dehydration,False
47,19,D10 Male,10,M,4,0.3773229858019608,voting,0.16666666666666666,0,16,0,6.958333333333333,fists,False
47,20,D11 Female,11,F,8,0.6025249160174929,voting,0.41333333333333333,0,9,1,11.166666666666666,dehydration,False
47,21,D11 Male,11,M,6,0.3403476009857773,voting,0.25,0,12,0,9.875,knife,False
47,22,D12 Female,12,F,9,0.5152744869995276,voting,0.375,0,7,0,13.708333333333334,knife,False
47,23,D12 Male,12,M,6,0.4846679916179895,voting,0.41000000000000003,0,2,2,19.291666666666668,spear,False
48,0,D1 Female,1,F,6,0.35473783646734014,voting,0.5,0,24,0,1.9583333333333333,fists,False
48,1,D1 Male,1,M,8,0.4575931010195805,voting,0.5833333333333333,0,13,0,5.583333333333333,fists,False
48,2,D2 Female,2,F,4,0.31896733599192933,voting,0.49666666666666665,1,11,1,7.541666666666667,knife,False
48,3,D2 Male,2,M,7,0.46667074960287425,voting,0.5416666666666667,0,22,0,2.1666666666666665,fists,False
48,4,D3 Female,3,F,5,0.4612725881409234,voting,0.28833333333333333,0,8,1,10.083333333333334,knife,False
48,5,D3 Male,3,M,4,0.24068197609705447,voting,0.16666666666666666,0,5,2,14.208333333333334,bow,False
48,6,D4 Female,4,F,2,0.15370344292912275,voting,0.4933333333333333,1,9,2,9.625,untreated wound,False
48,7,D4 Male,4,M,7,0.4726013933314845,voting,0.5416666666666667,1,18,0,3.375,fists,False
48,8,D5 Female,5,F,4,0.20117409655238258,voting,0.16666666666666666,0,20,0,2.375,fists,False
48,9,D5 Male,5,M,8,0.4190818675526622,voting,0.3333333333333333,0,12,0,7.041666666666667,dehydration,False
48,10,D6 Female,6,F,7,0.36380314290973415,voting,0.3716666666666667,0,10,1,8.458333333333334,fists,False
48,11,D6 Male,6,M,4,0.22425765320055596,voting,0.16666666666666666,0,14,0,4.416666666666667,untreated wound,False
48,12,D7 Female,7,F,6,0.6882421326755148,voting,0.33,0,19,1,3.0,dehydration,False
48,13,D7 Male,7,M,5,0.622028688577476,voting,0.20833333333333334,0,3,2,16.75,bow,False
48,14,D8 Female,8,F,7,0.39106843014117737,voting,0.2916666666666667,0,16,1,3.8333333333333335,fists,False
48,15,D8 Male,8,M,7,0.3714759254444792,voting,0.2916666666666667,1,2,1,18.333333333333332,bow,False
48,16,D9 Female,9,F,8,0.44294593091044754,voting,0.3333333333333333,1,1,3,18.375,,True
48,17,D9 Male,9,M,7,0.7302979577082342,voting,0.3716666666666667,0,7,1,10.75,untreated wound,False
48,18,D10 Female,10,F,5,0.4476285032669186,voting,0.20833333333333334,0,21,0,2.3333333333333335,fists,False
48,19,D10 Male,10,M,9,0.46797175596166857,voting,0.375,3,4,0,14.75,spear,False
48,20,D11 Female,11,F,7,0.48629506773202846,voting,0.3716666666666667,0,23,1,2.0416666666666665,fists,False
48,21,D11 Male,11,M,3,0.2580124411928884,voting,0.125,0,17,1,3.8333333333333335,knife,False
48,22,D12 Female,12,F,6,0.5844343727584197,voting,0.25,0,6,0,11.875,spear,False
48,23,D12 Male,12,M,2,0.15639492259833598,voting,0.08333333333333333,0,15,0,4.208333333333333,fists,False
49,0,D1 Female,1,F,9,0.5695242661248888,voting,0.705,1,9,1,8.875,fists,False
49,1,D1 Male,1,M,7,0.4744692523819785,voting,0.5416666666666667,0,8,0,10.125,fists,False
49,2,D2 Female,2,F,5,0.42261096879026117,voting,0.45833333333333337,0,12,0,7.666666666666667,dehydration,False
49,3,D2 Male,2,M,4,0.46480897292969325,voting,0.49666666666666665,0,5,1,11.0,knife,False
49,4,D3 Female,3,F,8,0.6803691661650811,voting,0.3333333333333333,0,19,0,2.875,fists,False
49,5,D3 Male,3,M,8,0.46338841787253254,voting,0.3333333333333333,0,16,1,4.25,fists,False
49,6,D4 Female,4,F,9,0.7698751446176284,voting,0.705,1,1,3,16.333333333333332,,True
49,7,D4 Male,4,M,12,0.7929380083709728,voting,0.91,1,4,2,12.458333333333334,dehydration,False
49,8,D5 Female,5,F,4,0.2901527729813438,voting,0.16666666666666666,0,22,0,2.5416666666666665,fists,False
49,9,D5 Male,5,M,10,0.5379147264014135,voting,0.4166666666666667,0,6,0,10.75,bow,False
49,10,D6 Female,6,F,9,0.7581199220575625,voting,0.375,0,10,0,8.0,dehydration,False
49,11,D6 Male,6,M,12,0.6807621733819108,voting,0.5,0,23,0,1.75,fists,False
49,12,D7 Female,7,F,10,0.8565946329974341,voting,0.4166666666666667,0,18,0,3.0,dehydration,False
49,13,D7 Male,7,M,8,0.7811488887229117,voting,0.3333333333333333,0,2,2,16.291666666666668,bow,False
49,14,D8 Female,8,F,5,0.38787911148587073,voting,0.20833333333333334,0,17,0,3.0416666666666665,fists,False
49,15,D8 Male,8,M,6,0.5130769296871608,voting,0.25,0,13,0,5.458333333333333,fists,False
49,16,D9 Female,9,F,6,0.39402969165215646,voting,0.25,0,24,0,1.5,fists,False
49,17,D9 Male,9,M,9,0.7011555476857789,voting,0.455,1,14,2,5.333333333333333,rock,False
49,18,D10 Female,10,F,6,0.5879188761769968,voting,0.33,0,3,1,14.958333333333334,dehydration,False
49,19,D10 Male,10,M,7,0.6851730145859641,voting,0.3716666666666667,1,7,2,10.166666666666666,knife,False
49,20,D11 Female,11,F,5,0.2807840171766443,voting,0.20833333333333334,0,21,0,2.625,fists,False
49,21,D11 Male,11,M,9,0.8205992870647184,voting,0.455,0,15,1,4.416666666666667,untreated wound,False
49,22,D12 Female,12,F,8,0.5717142843349372,voting,0.3333333333333333,1,11,0,7.791666666666667,dehydration,False
49,23,D12 Male,12,M,6,0.674562496887175,voting,0.25,0,20,0,2.8333333333333335,fists,False
50,0,D1 Female,1,F,10,0.6376361200325976,voting,0.6666666666666667,0,18,0,3.0,dehydration,False
50,1,D1 Male,1,M,4,0.5656454619496828,voting,0.6566666666666666,2,1,4,18.291666666666668,,True
50,2,D2 Female,2,F,5,0.44848898021401734,voting,0.45833333333333337,1,6,1,15.125,spear,False
50,3,D2 Male,2,M,9,0.5800032043713736,voting,0.625,0,21,1,2.4583333333333335,untreated wound,False
50,4,D3 Female,3,F,8,0.7160360440418125,voting,0.41333333333333333,0,14,1,5.458333333333333,fists,False
50,5,D3 Male,3,M,7,0.656675550107789,voting,0.3716666666666667,1,16,1,3.1666666666666665,fists,False
50,6,D4 Female,4,F,5,0.4930054198066152,voting,0.45833333333333337,0,23,0,1.8333333333333333,fists,False
50,7,D4 Male,4,M,8,0.787374188003572,voting,0.6633333333333332,1,12,1,6.291666666666667,dehydration,False
50,8,D5 Female,5,F,6,0.3124191455263291,voting,0.25,0,9,0,9.333333333333334,sword,False
50,9,D5 Male,5,M,7,0.7363132149102312,voting,0.45166666666666666,1,2,2,18.25,bow,False
50,10,D6 Female,6,F,7,0.6201222972512892,voting,0.2916666666666667,0,20,0,2.8333333333333335,fists,False
50,11,D6 Male,6,M,9,0.7915242459059469,voting,0.375,0,8,0,10.083333333333334,spear,False
50,12,D7 Female,7,F,8,0.5277428224284754,voting,0.3333333333333333,0,5,1,15.208333333333334,sword,False
50,13,D7 Male,7,M,10,0.5301408468878084,voting,0.4166666666666667,0,24,0,1.6666666666666667,fists,False
50,14,D8 Female,8,F,3,0.2470535606407386,voting,0.125,0,19,0,2.9166666666666665,fists,False
50,15,D8 Male,8,M,10,0.6711837285915039,voting,0.4966666666666667,2,7,1,12.541666666666666,knife,False
50,16,D9 Female,9,F,2,0.43236486827033027,voting,0.08333333333333333,0,11,0,6.625,dehydration,False
50,17,D9 Male,9,M,4,0.4356726017608832,voting,0.16666666666666666,0,13,0,5.666666666666667,fists,False
50,18,D10 Female,10,F,4,0.4655428528838157,voting,0.32666666666666666,1,3,2,16.0,bow,False
50,19,D10 Male,10,M,6,0.4326383829071674,voting,0.25,0,15,0,4.25,untreated wound,False
50,20,D11 Female,11,F,8,0.5437265569133893,voting,0.3333333333333333,1,17,0,3.0,dehydration,False
50,21,D11 Male,11,M,3,0.3263764047415778,voting,0.125,1,4,0,15.375,spear,False
50,22,D12 Female,12,F,6,0.6943314279419539,voting,0.25,1,22,0,2.25,fists,False
50,23,D12 Male,12,M,8,0.7625203637929165,voting,0.41333333333333333,0,10,1,7.25,untreated wound,False
51,0,D1 Female,1,F,11,0.8301543867928276,voting,0.7083333333333333,1,4,2,16.416666666666668,untreated wound,False
51,1,D1 Male,1,M,6,0.6926892544898688,voting,0.5,1,9,0,11.0,bow,False
51,2,D2 Female,2,F,6,0.692856363238453,voting,0.58,0,17,1,3.6666666666666665,fists,False
51,3,D2 Male,2,M,4,0.4162267641318814,voting,0.41666666666666663,0,24,0,1.625,fists,False
51,4,D3 Female,3,F,9,0.7316377487684957,voting,0.375,0,1,3,19.416666666666668,,True
51,5,D3 Male,3,M,4,0.4317337364716364,voting,0.24666666666666665,0,14,1,5.416666666666667,untreated wound,False
51,6,D4 Female,4,F,4,0.25252112869196525,voting,0.41666666666666663,0,19,0,2.7916666666666665,fists,False
51,7,D4 Male,4,M,3,0.1523797688712402,voting,0.375,0,18,0,3.0,dehydration,False
51,8,D5 Female,5,F,6,0.6832436135730844,voting,0.33,2,11,1,9.0,fists,False
51,9,D5 Male,5,M,4,0.24641832762681876,voting,0.16666666666666666,0,12,0,5.75,dehydration,False
51,10,D6 Female,6,F,6,0.4288856655780857,voting,0.25,0,7,0,12.458333333333334,dehydration,False
51,11,D6 Male,6,M,8,0.7401666623741519,voting,0.4933333333333333,2,3,2,18.25,bow,False
51,12,D7 Female,7,F,6,0.47348960559798975,voting,0.25,0,15,0,4.708333333333333,fists,False
51,13,D7 Male,7,M,3,0.3291545435592127,voting,0.125,0,22,0,2.25,fists,False
51,14,D8 Female,8,F,5,0.35991751933619687,voting,0.20833333333333334,1,10,0,9.791666666666666,dehydration,False
51,15,D8 Male,8,M,5,0.4531970814163341,voting,0.20833333333333334,0,2,0,19.375,arena hazard,False
51,16,D9 Female,9,F,10,0.5981964012392922,voting,0.4166666666666667,0,23,0,1.8333333333333333,fists,False
51,17,D9 Male,9,M,5,0.5301365346478295,voting,0.20833333333333334,0,8,1,11.375,bow,False
51,18,D10 Female,10,F,6,0.6908084477417712,voting,0.25,0,20,0,2.5833333333333335,fists,False
51,19,D10 Male,10,M,2,0.18834022370481202,voting,0.08333333333333333,0,21,1,2.4583333333333335,fists,False
51,20,D11 Female,11,F,8,0.42301593460599235,voting,0.3333333333333333,1,6,0,13.25,dehydration,False
51,21,D11 Male,11,M,7,0.48350465453401614,voting,0.3716666666666667,0,13,1,5.583333333333333,dehydration,False
51,22,D12 Female,12,F,7,0.4871275772716471,voting,0.3716666666666667,1,5,1,15.833333333333334,knife,False
51,23,D12 Male,12,M,8,0.4916684128712411,voting,0.3333333333333333,0,16,0,4.208333333333333,fists,False
52,0,D1 Female,1,F,7,0.53104479763738,voting,0.5416666666666667,0,15,0,6.166666666666667,fists,False
52,1,D1 Male,1,M,7,0.6842844833747619,voting,0.6216666666666667,1,1,2,18.166666666666668,,True
52,2,D2 Female,2,F,5,0.38542904226368085,voting,0.5383333333333333,1,13,1,7.541666666666667,fists,False
52,3,D2 Male,2,M,4,0.5405393039739095,voting,0.41666666666666663,0,14,0,7.0,knife,False
52,4,D3 Female,3,F,9,0.5244176944800809,voting,0.375,0,12,0,7.833333333333333,spear,False
52,5,D3 Male,3,M,6,0.5323661111917956,voting,0.25,0,23,0,2.125,fists,False
52,6,D4 Female,4,F,9,0.7330044729081409,voting,0.625,0,9,0,10.25,spear,False
52,7,D4 Male,4,M,7,0.418659203172116,voting,0.5416666666666667,0,18,0,4.0,fists,False
52,8,D5 Female,5,F,6,0.3052798326362878,voting,0.33,0,21,1,3.0,dehydration,False
52,9,D5 Male,5,M,7,0.6060358286379649,voting,0.45166666666666666,0,2,2,18.125,dehydration,False
52,10,D6 Female,6,F,5,0.37470755965129554,voting,0.28833333333333333,0,3,1,18.125,spear,False
52,11,D6 Male,6,M,7,0.46786023163591345,voting,0.5316666666666667,1,6,3,17.25,sword,False
52,12,D7 Female,7,F,11,0.702915402387473,voting,0.4583333333333333,0,17,0,4.5,dehydration,False
52,13,D7 Male,7,M,7,0.7202523077703279,voting,0.45166666666666666,0,4,2,17.916666666666668,dehydration,False
52,14,D8 Female,8,F,5,0.5312190003993917,voting,0.20833333333333334,0,20,0,3.0,dehydration,False
52,15,D8 Male,8,M,5,0.5835402081408372,voting,0.28833333333333333,0,8,1,12.375,spear,False
52,16,D9 Female,9,F,6,0.43082747845030167,voting,0.25,0,24,0,2.0416666666666665,fists,False
52,17,D9 Male,9,M,7,0.6686397907410826,voting,0.3716666666666667,0,11,1,8.083333333333334,untreated wound,False
52,18,D10 Female,10,F,4,0.5021895074103999,voting,0.16666666666666666,0,16,0,5.75,knife,False
52,19,D10 Male,10,M,5,0.4624952345565688,voting,0.20833333333333334,0,5,0,17.416666666666668,bow,False
52,20,D11 Female,11,F,7,0.3829563110845921,voting,0.2916666666666667,0,22,0,2.9166666666666665,fists,False
52,21,D11 Male,11,M,5,0.32372255190592686,voting,0.20833333333333334,0,19,0,3.4166666666666665,fists,False
52,22,D12 Female,12,F,9,0.780619112804042,voting,0.615,2,7,3,14.166666666666666,spear,False
52,23,D12 Male,12,M,6,0.3151248382508847,voting,0.25,1,10,0,9.416666666666666,fists,False
53,0,D1 Female,1,F,5,0.5489054888844885,voting,0.45833333333333337,0,5,0,12.708333333333334,dehydration,False
53,1,D1 Male,1,M,12,0.9328648048056996,voting,0.83,0,15,1,6.5,dehydration,False
53,2,D2 Female,2,F,7,0.470464513950192,voting,0.5416666666666667,0,21,0,3.0,dehydration,False
53,3,D2 Male,2,M,9,0.807237264666663,voting,0.705,2,4,1,16.666666666666668,bow,False
53,4,D3 Female,3,F,6,0.30054975118907956,voting,0.25,0,23,0,2.5,fists,False
53,5,D3 Male,3,M,9,0.635038329864412,voting,0.535,0,7,2,9.916666666666666,untreated wound,False
53,6,D4 Female,4,F,12,0.95,voting,0.83,1,1,3,18.75,,True
53,7,D4 Male,4,M,6,0.3048039171705193,voting,0.5,1,18,0,4.541666666666667,fists,False
53,8,D5 Female,5,F,3,0.3570987160869381,voting,0.20500000000000002,0,14,1,6.541666666666667,dehydration,False
53,9,D5 Male,5,M,7,0.3898934037200393,voting,0.2916666666666667,0,24,0,2.0416666666666665,fists,False
53,10,D6 Female,6,F,9,0.6702446485538314,voting,0.455,1,10,1,9.25,spear,False
53,11,D6 Male,6,M,6,0.3895631986810918,voting,0.25,0,16,0,6.083333333333333,fists,False
53,12,D7 Female,7,F,8,0.6399954289040319,voting,0.3333333333333333,0,2,4,18.708333333333332,rock,False
53,13,D7 Male,7,M,4,0.4616884191516324,voting,0.16666666666666666,1,3,2,18.083333333333332,bow,False
53,14,D8 Female,8,F,9,0.640502688489398,voting,0.375,0,13,0,7.041666666666667,bow,False
53,15,D8 Male,8,M,2,0.3481835911344505,voting,0.08333333333333333,0,22,0,3.0,fists,False
53,16,D9 Female,9,F,2,0.378996285583233,voting,0.08333333333333333,0,6,0,10.333333333333334,fists,False
53,17,D9 Male,9,M,5,0.579021649682117,voting,0.28833333333333333,0,12,1,7.875,fists,False
53,18,D10 Female,10,F,5,0.3308196189224003,voting,0.20833333333333334,0,17,0,4.625,fists,False
53,19,D10 Male,10,M,4,0.2771143307759111,voting,0.16666666666666666,0,11,0,8.708333333333334,fists,False
53,20,D11 Female,11,F,6,0.32494989406364977,voting,0.25,0,9,1,9.666666666666666,bow,False
53,21,D11 Male,11,M,7,0.583642896704957,voting,0.3716666666666667,1,19,1,4.291666666666667,fists,False
53,22,D12 Female,12,F,8,0.4203125117751504,voting,0.3333333333333333,0,8,0,9.708333333333334,bow,False
53,23,D12 Male,12,M,2,0.2883395008503996,voting,0.08333333333333333,0,20,0,4.041666666666667,fists,False
54,0,D1 Female,1,F,6,0.562298276648503,voting,0.66,1,11,2,7.166666666666667,rock,False
54,1,D1 Male,1,M,7,0.47671358938635133,voting,0.5416666666666667,0,6,0,14.041666666666666,bow,False
54,2,D2 Female,2,F,7,0.5378749624167891,voting,0.5416666666666667,0,19,0,3.0,dehydration,False
54,3,D2 Male,2,M,6,0.4214316854967,voting,0.5,0,22,0,2.0,fists,False
54,4,D3 Female,3,F,6,0.6527089073265624,voting,0.25,0,20,0,2.9583333333333335,fists,False
54,5,D3 Male,3,M,8,0.6016286046297474,voting,0.5833333333333333,0,3,4,16.125,dehydration,False
54,6,D4 Female,4,F,6,0.3141711122023786,voting,0.5,0,24,0,1.3333333333333333,fists,False
54,7,D4 Male,4,M,11,0.9342663391291584,voting,0.7883333333333332,1,5,1,14.291666666666666,dehydration,False
54,8,D5 Female,5,F,12,0.8549807712876788,voting,0.5,3,4,1,14.666666666666666,spear,False
54,9,D5 Male,5,M,9,0.6401024566460506,voting,0.535,1,2,2,16.791666666666668,dehydration,False
54,10,D6 Female,6,F,3,0.49229203349041095,voting,0.125,0,18,0,3.0,dehydration,False
54,11,D6 Male,6,M,6,0.5256771267076725,voting,0.25,0,10,0,7.333333333333333,rock,False
54,12,D7 Female,7,F,10,0.8675438632104053,voting,0.4966666666666667,0,8,1,11.166666666666666,sword,False
54,13,D7 Male,7,M,8,0.5981608191410547,voting,0.3333333333333333,0,14,0,3.5833333333333335,fists,False
54,14,D8 Female,8,F,7,0.3859159846355655,voting,0.2916666666666667,0,12,0,7.125,rock,False
54,15,D8 Male,8,M,8,0.4410313458848553,voting,0.3333333333333333,2,9,0,10.916666666666666,dehydration,False
54,16,D9 Female,9,F,6,0.6821698334491371,voting,0.33,1,1,1,16.833333333333332,,True
54,17,D9 Male,9,M,4,0.4379439945346079,voting,0.16666666666666666,0,17,0,3.0,dehydration,False
54,18,D10 Female,10,F,5,0.6221286111102471,voting,0.20833333333333334,0,16,0,3.0,dehydration,False
54,19,D10 Male,10,M,8,0.44780758805948756,voting,0.3333333333333333,2,7,0,12.0,fists,False
54,20,D11 Female,11,F,9,0.8118363461073141,voting,0.375,0,23,0,1.7916666666666667,fists,False
54,21,D11 Male,11,M,7,0.7348064551997777,voting,0.3716666666666667,0,13,1,3.75,untreated wound,False
54,22,D12 Female,12,F,7,0.6988716459568993,voting,0.2916666666666667,0,21,0,2.875,fists,False
54,23,D12 Male,12,M,4,0.4837232463108736,voting,0.16666666666666666,0,15,0,3.0,dehydration,False
55,0,D1 Female,1,F,6,0.4989713758624378,voting,0.5,1,5,0,15.875,dehydration,False
55,1,D1 Male,1,M,8,0.7825156135454975,voting,0.5833333333333333,0,2,1,16.958333333333332,dehydration,False
55,2,D2 Female,2,F,8,0.5490422522392704,voting,0.5833333333333333,1,20,0,3.125,fists,False
55,3,D2 Male,2,M,6,0.5066731494553603,voting,0.5,0,22,0,2.2916666666666665,fists,False
55,4,D3 Female,3,F,8,0.40646165941622575,voting,0.41333333333333333,2,7,1,12.25,spear,False
55,5,D3 Male,3,M,9,0.5126709770225407,voting,0.375,1,15,0,4.791666666666667,dehydration,False
55,6,D4 Female,4,F,9,0.6905432739317758,voting,0.705,0,12,1,6.75,rock,False
55,7,D4 Male,4,M,5,0.49364421949640125,voting,0.5383333333333333,0,13,1,6.458333333333333,fists,False
55,8,D5 Female,5,F,5,0.2928823564647761,voting,0.28833333333333333,0,9,1,9.291666666666666,fists,False
55,9,D5 Male,5,M,5,0.4206201497083042,voting,0.28833333333333333,1,4,1,16.166666666666668,sword,False
55,10,D6 Female,6,F,7,0.7416613091228395,voting,0.2916666666666667,0,17,0,4.5,dehydration,False
55,11,D6 Male,6,M,6,0.4912860905168046,voting,0.25,0,21,1,2.375,fists,False
55,12,D7 Female,7,F,6,0.5390457733009433,voting,0.25,0,10,0,7.791666666666667,rock,False
55,13,D7 Male,7,M,10,0.6302169636012127,voting,0.6566666666666667,1,3,3,16.916666666666668,dehydration,False
55,14,D8 Female,8,F,6,0.6077165000277551,voting,0.41000000000000003,0,1,2,17.0,,True
55,15,D8 Male,8,M,8,0.7116379435625522,voting,0.3333333333333333,0,11,0,6.916666666666667,knife,False
55,16,D9 Female,9,F,5,0.2955069012613435,voting,0.20833333333333334,0,6,0,12.708333333333334,spear,False
55,17,D9 Male,9,M,5,0.522796413379017,voting,0.20833333333333334,0,24,0,1.9166666666666667,fists,False
55,18,D10 Female,10,F,10,0.5881089638871242,voting,0.4966666666666667,0,18,1,4.125,fists,False
55,19,D10 Male,10,M,4,0.3572237627568772,voting,0.16666666666666666,0,14,0,6.0,dehydration,False
55,20,D11 Female,11,F,10,0.5190268209803085,voting,0.4166666666666667,0,16,0,4.5,dehydration,False
55,21,D11 Male,11,M,8,0.5200972988482113,voting,0.3333333333333333,0,8,2,9.5,spear,False
55,22,D12 Female,12,F,8,0.4205056678622601,voting,0.3333333333333333,0,23,0,2.0416666666666665,fists,False
55,23,D12 Male,12,M,7,0.7257446340311899,voting,0.2916666666666667,0,19,0,4.041666666666667,dehydration,False
56,0,D1 Female,1,F,4,0.5344725173457405,voting,0.49666666666666665,0,1,1,18.5,,True
56,1,D1 Male,1,M,5,0.3743394623692639,voting,0.45833333333333337,0,19,0,4.666666666666667,fists,False
56,2,D2 Female,2,F,6,0.5519878856545476,voting,0.58,1,17,1,5.125,untreated wound,False
56,3,D2 Male,2,M,8,0.6258183388218096,voting,0.6633333333333332,1,12,2,6.875,arena hazard,False
56,4,D3 Female,3,F,5,0.5405897212641617,voting,0.20833333333333334,0,14,0,6.208333333333333,spear,False
56,5,D3 Male,3,M,9,0.5776738501698181,voting,0.375,0,21,0,3.375,fists,False
56,6,D4 Female,4,F,8,0.5756673328221473,voting,0.6633333333333332,1,7,1,11.041666666666666,dehydration,False
56,7,D4 Male,4,M,4,0.31273602660907995,voting,0.41666666666666663,0,13,0,6.333333333333333,fists,False
56,8,D5 Female,5,F,4,0.3223300806846774,voting,0.16666666666666666,0,23,0,3.1666666666666665,fists,False
56,9,D5 Male,5,M,10,0.7062687757835917,voting,0.6666666666666667,1,2,4,18.458333333333332,dehydration,False
56,10,D6 Female,6,F,7,0.4429317106672488,voting,0.3716666666666667,0,15,1,5.375,fists,False
56,11,D6 Male,6,M,7,0.6728637180799291,voting,0.2916666666666667,0,5,0,11.916666666666666,knife,False
56,12,D7 Female,7,F,9,0.7459633883610369,voting,0.455,1,4,1,12.5,knife,False
56,13,D7 Male,7,M,6,0.3863941027815674,voting,0.33,0,18,1,5.083333333333333,fists,False
56,14,D8 Female,8,F,10,0.5380390749196543,voting,0.4966666666666667,0,22,1,3.2083333333333335,fists,False
56,15,D8 Male,8,M,8,0.4272176517415216,voting,0.3333333333333333,0,24,0,2.5,fists,False
56,16,D9 Female,9,F,7,0.3809703082567302,voting,0.2916666666666667,0,3,0,13.5,knife,False
56,17,D9 Male,9,M,2,0.18737630132143063,voting,0.08333333333333333,0,8,0,10.458333333333334,dehydration,False
56,18,D10 Female,10,F,3,0.4401636198968806,voting,0.125,0,16,0,5.208333333333333,fists,False
56,19,D10 Male,10,M,5,0.5437494899526786,voting,0.28833333333333333,0,9,1,10.166666666666666,dehydration,False
56,20,D11 Female,11,F,9,0.4779057641807641,voting,0.455,1,6,1,11.708333333333334,fists,False
56,21,D11 Male,11,M,6,0.6714541461412197,voting,0.25,0,10,0,9.625,dehydration,False
56,22,D12 Female,12,F,4,0.5101515165732478,voting,0.16666666666666666,0,20,1,3.5416666666666665,fists,False
56,23,D12 Male,12,M,9,0.4791981854346353,voting,0.375,0,11,0,8.166666666666666,spear,False
57,0,D1 Female,1,F,9,0.6038177076025985,voting,0.625,2,13,0,6.166666666666667,knife,False
57,1,D1 Male,1,M,8,0.6452052740540349,voting,0.5833333333333333,0,24,0,2.4583333333333335,fists,False
57,2,D2 Female,2,F,3,0.5070099562904428,voting,0.375,0,21,1,2.875,untreated wound,False
57,3,D2 Male,2,M,5,0.43908362654637634,voting,0.45833333333333337,0,17,0,3.7083333333333335,fists,False
57,4,D3 Female,3,F,8,0.5617902619897543,voting,0.3333333333333333,1,9,0,12.208333333333334,spear,False
57,5,D3 Male,3,M,2,0.29268012122680914,voting,0.08333333333333333,0,23,0,2.5416666666666665,fists,False
57,6,D4 Female,4,F,3,0.16396578860884584,voting,0.375,0,20,0,3.0,dehydration,False
57,7,D4 Male,4,M,5,0.42623709871863824,voting,0.5383333333333333,2,6,1,14.875,sword,False
57,8,D5 Female,5,F,8,0.6076579064918011,voting,0.3333333333333333,1,22,0,2.625,fists,False
57,9,D5 Male,5,M,7,0.5265367465484968,voting,0.2916666666666667,0,19,0,3.5833333333333335,fists,False
57,10,D6 Female,6,F,11,0.8418648461597578,voting,0.5383333333333333,2,10,1,9.375,knife,False
57,11,D6 Male,6,M,9,0.7771233384346969,voting,0.455,0,4,3,17.125,sword,False
57,12,D7 Female,7,F,10,0.5801543284154171,voting,0.4166666666666667,0,8,2,14.458333333333334,spear,False
57,13,D7 Male,7,M,5,0.5747794224035696,voting,0.28833333333333333,1,1,4,19.916666666666668,,True
57,14,D8 Female,8,F,6,0.31948168217966855,voting,0.25,0,3,1,18.0,arena hazard,False
57,15,D8 Male,8,M,8,0.7500725735618252,voting,0.3333333333333333,0,14,2,6.083333333333333,knife,False
57,16,D9 Female,9,F,7,0.4848120508569117,voting,0.2916666666666667,0,5,0,16.333333333333332,spear,False
57,17,D9 Male,9,M,7,0.42008529246067483,voting,0.2916666666666667,0,15,0,5.5,fists,False
57,18,D10 Female,10,F,6,0.4452533828000528,voting,0.25,0,18,0,3.625,fists,False
57,19,D10 Male,10,M,9,0.6911907596897463,voting,0.455,0,12,1,7.291666666666667,rock,False
57,20,D11 Female,11,F,3,0.4049505953658411,voting,0.125,0,16,1,4.708333333333333,fists,False
57,21,D11 Male,11,M,6,0.32216912440993606,voting,0.25,0,7,0,14.583333333333334,spear,False
57,22,D12 Female,12,F,7,0.4362817978294026,voting,0.2916666666666667,0,11,0,8.958333333333334,spear,False
57,23,D12 Male,12,M,5,0.5775211697213847,voting,0.28833333333333333,1,2,3,19.875,sword,False
58,0,D1 Female,1,F,9,0.6600743953572782,voting,0.625,0,9,0,6.25,fists,False
58,1,D1 Male,1,M,6,0.6640300760936702,voting,0.75,2,3,4,16.208333333333332,spear,False
58,2,D2 Female,2,F,7,0.5694348242801661,voting,0.5416666666666667,1,17,0,4.5,dehydration,False
58,3,D2 Male,2,M,8,0.4795817810445775,voting,0.5833333333333333,0,24,0,2.0416666666666665,fists,False
58,4,D3 Female,3,F,8,0.5861025543661553,voting,0.41333333333333333,1,12,1,5.416666666666667,dehydration,False
58,5,D3 Male,3,M,5,0.25357509841599823,voting,0.20833333333333334,0,11,0,5.916666666666667,rock,False
58,6,D4 Female,4,F,1,0.1126913104135367,voting,0.2916666666666667,1,2,0,16.25,spear,False
58,7,D4 Male,4,M,7,0.6306671972589568,voting,0.5416666666666667,0,16,0,4.5,dehydration,False
58,8,D5 Female,5,F,8,0.4423553603349483,voting,0.3333333333333333,0,13,0,5.25,fists,False
58,9,D5 Male,5,M,9,0.45611142622866746,voting,0.375,0,10,0,5.958333333333333,rock,False
58,10,D6 Female,6,F,9,0.6407556326381803,voting,0.375,0,23,0,3.0,dehydration,False
58,11,D6 Male,6,M,10,0.5804883318367083,voting,0.4166666666666667,0,7,1,10.833333333333334,spear,False
58,12,D7 Female,7,F,12,0.7292113622696477,voting,0.5,0,22,0,3.0,dehydration,False
58,13,D7 Male,7,M,5,0.5162858466934914,voting,0.20833333333333334,0,5,2,13.541666666666666,spear,False
58,14,D8 Female,8,F,10,0.652000774833573,voting,0.4166666666666667,0,21,0,3.0,dehydration,False
58,15,D8 Male,8,M,2,0.26989362935747346,voting,0.08333333333333333,0,6,0,11.416666666666666,spear,False
58,16,D9 Female,9,F,9,0.5141900690915286,voting,0.375,1,14,0,4.791666666666667,dehydration,False
58,17,D9 Male,9,M,11,0.7943567546739166,voting,0.4583333333333333,0,15,0,4.5,dehydration,False
58,18,D10 Female,10,F,10,0.5930598453038711,voting,0.4166666666666667,0,20,0,3.0,dehydration,False
58,19,D10 Male,10,M,7,0.631797833695205,voting,0.2916666666666667,0,1,4,16.291666666666668,,True
58,20,D11 Female,11,F,5,0.541944309523963,voting,0.20833333333333334,0,19,0,3.0,dehydration,False
58,21,D11 Male,11,M,6,0.5263237150724656,voting,0.25,0,4,0,16.166666666666668,spear,False
58,22,D12 Female,12,F,9,0.4780899288722018,voting,0.375,0,8,0,10.375,spear,False
58,23,D12 Male,12,M,8,0.6701452395804913,voting,0.3333333333333333,0,18,0,3.0,dehydration,False
59,0,D1 Female,1,F,8,0.6308672832080178,voting,0.6633333333333332,1,14,1,4.791666666666667,dehydration,False
59,1,D1 Male,1,M,8,0.5437174653283172,voting,0.5833333333333333,1,23,0,2.0,fists,False
59,2,D2 Female,2,F,4,0.20375264225566803,voting,0.41666666666666663,0,18,0,3.625,rock,False
59,3,D2 Male,2,M,8,0.7873174787887871,voting,0.6633333333333332,0,12,1,5.291666666666667,dehydration,False
59,4,D3 Female,3,F,9,0.6035214798690564,voting,0.535,1,1,3,16.583333333333332,,True
59,5,D3 Male,3,M,10,0.639343061397324,voting,0.4166666666666667,1,17,0,3.625,fists,False
59,6,D4 Female,4,F,6,0.5199114370125373,voting,0.5,0,22,0,2.0,fists,False
59,7,D4 Male,4,M,7,0.5947802818255201,voting,0.6216666666666667,0,4,1,14.5,bow,False
59,8,D5 Female,5,F,7,0.4096274432616102,voting,0.2916666666666667,0,24,0,1.625,fists,False
59,9,D5 Male,5,M,8,0.6089821250090577,voting,0.3333333333333333,0,20,1,2.9583333333333335,fists,False
59,10,D6 Female,6,F,8,0.7562472961384099,voting,0.3333333333333333,0,21,0,2.875,fists,False
59,11,D6 Male,6,M,6,0.6859558604900308,voting,0.41000000000000003,0,9,2,8.083333333333334,dehydration,False
59,12,D7 Female,7,F,8,0.5405796105075655,voting,0.3333333333333333,1,11,0,6.375,fists,False
59,13,D7 Male,7,M,1,0.3918133568672958,voting,0.041666666666666664,0,19,0,3.0,dehydration,False
59,14,D8 Female,8,F,4,0.5083823655763284,voting,0.24666666666666665,0,16,1,4.333333333333333,rock,False
59,15,D8 Male,8,M,8,0.5415625527133141,voting,0.3333333333333333,1,3,2,15.958333333333334,bow,False
59,16,D9 Female,9,F,4,0.5757149453221906,voting,0.16666666666666666,0,2,1,16.541666666666668,bow,False
59,17,D9 Male,9,M,2,0.31365624303070194,voting,0.08333333333333333,0,15,0,4.666666666666667,fists,False
59,18,D10 Female,10,F,8,0.6706675984089969,voting,0.3333333333333333,0,8,1,8.375,knife,False
59,19,D10 Male,10,M,11,0.93086751245417,voting,0.4583333333333333,0,6,1,11.208333333333334,knife,False
59,20,D11 Female,11,F,12,0.6934349887447373,voting,0.58,0,10,1,7.791666666666667,untreated wound,False
59,21,D11 Male,11,M,9,0.4512802602505564,voting,0.375,0,13,0,5.083333333333333,knife,False
59,22,D12 Female,12,F,8,0.7314352174753729,voting,0.3333333333333333,0,5,2,12.291666666666666,bow,False
59,23,D12 Male,12,M,7,0.47567844687833255,voting,0.2916666666666667,1,7,0,10.083333333333334,knife,False
60,0,D1 Female,1,F,10,0.7631019607667566,voting,0.7466666666666667,1,13,1,6.625,knife,False
60,1,D1 Male,1,M,6,0.5474842759524565,voting,0.5,0,19,0,2.7916666666666665,fists,False
60,2,D2 Female,2,F,3,0.4212117875834335,voting,0.375,0,1,0,14.083333333333334,,True
60,3,D2 Male,2,M,7,0.5323585264253949,voting,0.5416666666666667,0,3,2,14.0,bow,False
60,4,D3 Female,3,F,6,0.3024829056821551,voting,0.25,0,21,0,2.4583333333333335,fists,False
60,5,D3 Male,3,M,9,0.5143580001506098,voting,0.455,0,10,1,8.208333333333334,untreated wound,False
60,6,D4 Female,4,F,9,0.816577042285593,voting,0.785,0,12,2,7.625,dehydration,False
60,7,D4 Male,4,M,5,0.28180971324478915,voting,0.45833333333333337,0,23,0,1.7916666666666667,fists,False
60,8,D5 Female,5,F,1,0.1334988291739439,voting,0.041666666666666664,0,14,0,5.541666666666667,dehydration,False
60,9,D5 Male,5,M,6,0.656584220941985,voting,0.33,0,20,1,2.4583333333333335,fists,False
60,10,D6 Female,6,F,4,0.5439209955497133,voting,0.24666666666666665,1,8,1,8.583333333333334,knife,False
60,11,D6 Male,6,M,6,0.4086063395858873,voting,0.25,0,24,0,1.375,fists,False
60,12,D7 Female,7,F,1,0.20518691284541263,voting,0.041666666666666664,0,5,0,12.208333333333334,spear,False
60,13,D7 Male,7,M,3,0.36616647643527134,voting,0.125,0,11,0,8.0,fists,False
60,14,D8 Female,8,F,8,0.5571853651200273,voting,0.3333333333333333,0,7,0,9.291666666666666,sword,False
60,15,D8 Male,8,M,8,0.6800969973883051,voting,0.3333333333333333,0,6,2,10.916666666666666,sword,False
60,16,D9 Female,9,F,5,0.41581364504699037,voting,0.20833333333333334,0,15,0,5.5,sword,False
60,17,D9 Male,9,M,4,0.37081628158389707,voting,0.16666666666666666,0,17,0,4.458333333333333,fists,False
60,18,D10 Female,10,F,5,0.593847641944971,voting,0.20833333333333334,0,9,0,8.458333333333334,sword,False
60,19,D10 Male,10,M,6,0.328268298747392,voting,0.33,0,2,2,14.041666666666666,untreated wound,False
60,20,D11 Female,11,F,9,0.6182940755026743,voting,0.375,0,4,5,13.75,bow,False
60,21,D11 Male,11,M,2,0.17561335423578522,voting,0.16333333333333333,0,16,1,5.458333333333333,dehydration,False
60,22,D12 Female,12,F,4,0.24720830117379194,voting,0.16666666666666666,0,18,0,4.333333333333333,knife,False
60,23,D12 Male,12,M,7,0.5939657724291875,voting,0.2916666666666667,0,22,0,2.0416666666666665,fists,False
61,0,D1 Female,1,F,12,0.7513065314102183,voting,0.75,1,11,1,10.75,sword,False
61,1,D1 Male,1,M,10,0.7428309250571093,voting,0.6666666666666667,0,12,0,8.958333333333334,dehydration,False
61,2,D2 Female,2,F,8,0.6427347459319488,voting,0.6633333333333332,2,7,1,15.25,bow,False
61,3,D2 Male,2,M,6,0.35185280002735786,voting,0.5,1,19,0,3.75,fists,False
61,4,D3 Female,3,F,6,0.6307917428804661,voting,0.25,0,23,0,1.4583333333333333,fists,False
61,5,D3 Male,3,M,3,0.43125548083103427,voting,0.125,0,24,0,1.4166666666666667,fists,False
61,6,D4 Female,4,F,6,0.5815709269140595,voting,0.66,3,5,2,15.333333333333334,sword,False
61,7,D4 Male,4,M,4,0.2708674795140338,voting,0.41666666666666663,0,16,0,5.291666666666667,knife,False
61,8,D5 Female,5,F,5,0.31607393307955073,voting,0.20833333333333334,0,20,0,3.2083333333333335,fists,False
61,9,D5 Male,5,M,9,0.5261226774121739,voting,0.375,0,14,0,6.666666666666667,fists,False
61,10,D6 Female,6,F,8,0.7300923440945674,voting,0.3333333333333333,0,1,4,17.333333333333332,,True
61,11,D6 Male,6,M,6,0.4541712115069549,voting,0.25,0,9,0,13.541666666666666,sword,False
61,12,D7 Female,7,F,4,0.36099851288670926,voting,0.16666666666666666,0,22,0,2.6666666666666665,fists,False
61,13,D7 Male,7,M,5,0.5514428971617045,voting,0.20833333333333334,0,6,0,15.25,dehydration,False
61,14,D8 Female,8,F,7,0.6455041828823608,voting,0.3716666666666667,0,18,1,4.5,dehydration,False
61,15,D8 Male,8,M,2,0.1306020914387338,voting,0.08333333333333333,0,13,0,8.25,fists,False
61,16,D9 Female,9,F,4,0.3951314590939391,voting,0.16666666666666666,0,17,0,5.166666666666667,knife,False
61,17,D9 Male,9,M,8,0.6360792091644379,voting,0.41333333333333333,0,15,1,6.25,dehydration,False
61,18,D10 Female,10,F,8,0.7118705622590483,voting,0.41333333333333333,0,3,1,16.875,bow,False
61,19,D10 Male,10,M,6,0.3429273677143877,voting,0.25,0,4,2,15.375,sword,False
61,20,D11 Female,11,F,5,0.2644549957782925,voting,0.28833333333333333,1,8,1,13.625,sword,False
61,21,D11 Male,11,M,4,0.33809763684646843,voting,0.16666666666666666,0,10,0,12.25,bow,False
61,22,D12 Female,12,F,8,0.6292063216259374,voting,0.41333333333333333,0,21,1,2.875,untreated wound,False
61,23,D12 Male,12,M,4,0.5578024548127258,voting,0.16666666666666666,0,2,3,17.291666666666668,sword,False
62,0,D1 Female,1,F,4,0.4397640862207639,voting,0.5766666666666667,0,12,2,6.875,dehydration,False
62,1,D1 Male,1,M,11,0.8274177651339114,voting,0.7083333333333333,1,4,0,17.875,bow,False
62,2,D2 Female,2,F,6,0.5593251700967816,voting,0.58,0,3,1,18.833333333333332,sword,False
62,3,D2 Male,2,M,6,0.3746349581027353,voting,0.58,2,2,1,20.666666666666668,sword,False
62,4,D3 Female,3,F,4,0.5748552306467016,voting,0.16666666666666666,0,1,4,20.708333333333332,,True
62,5,D3 Male,3,M,7,0.5828512865490301,voting,0.2916666666666667,0,23,0,1.9583333333333333,fists,False
62,6,D4 Female,4,F,10,0.8390744335371327,voting,0.9066666666666667,0,8,3,11.625,dehydration,False
62,7,D4 Male,4,M,8,0.46336489963408,voting,0.5833333333333333,0,18,0,3.9583333333333335,knife,False
62,8,D5 Female,5,F,8,0.5214739232916632,voting,0.3333333333333333,0,10,0,8.291666666666666,spear,False
62,9,D5 Male,5,M,6,0.4962929278730262,voting,0.25,0,17,0,4.083333333333333,fists,False
62,10,D6 Female,6,F,7,0.44057985138625344,voting,0.2916666666666667,0,9,0,8.875,fists,False
62,11,D6 Male,6,M,7,0.5582697640050887,voting,0.2916666666666667,0,16,0,4.5,dehydration,False
62,12,D7 Female,7,F,5,0.4163615247442093,voting,0.20833333333333334,0,11,0,7.083333333333333,dehydration,False
62,13,D7 Male,7,M,8,0.6357058624652667,voting,0.3333333333333333,0,20,1,3.3333333333333335,fists,False
62,14,D8 Female,8,F,9,0.6815225722035795,voting,0.375,0,7,0,11.958333333333334,dehydration,False
62,15,D8 Male,8,M,3,0.37726754847384136,voting,0.125,0,22,0,2.625,fists,False
62,16,D9 Female,9,F,8,0.548717694749006,voting,0.3333333333333333,1,6,0,14.208333333333334,spear,False
62,17,D9 Male,9,M,8,0.6110658221204923,voting,0.3333333333333333,0,19,0,3.75,fists,False
62,18,D10 Female,10,F,6,0.446788335364925,voting,0.25,0,15,0,5.125,knife,False
62,19,D10 Male,10,M,2,0.22718848018754267,voting,0.08333333333333333,0,24,0,1.5,fists,False
62,20,D11 Female,11,F,9,0.8102286705340844,voting,0.375,0,21,0,3.0,dehydration,False
62,21,D11 Male,11,M,3,0.36028447647974615,voting,0.125,0,5,2,17.666666666666668,sword,False
62,22,D12 Female,12,F,9,0.8250056877348798,voting,0.375,0,13,0,6.125,dehydration,False
62,23,D12 Male,12,M,4,0.4203153291548172,voting,0.24666666666666665,0,14,1,5.375,untreated wound,False
63,0,D1 Female,1,F,7,0.5468825113949612,voting,0.6216666666666667,0,6,1,11.791666666666666,dehydration,False
63,1,D1 Male,1,M,8,0.4956376964485154,voting,0.6633333333333332,0,9,1,7.0,untreated wound,False
63,2,D2 Female,2,F,10,0.5422023754984959,voting,0.7466666666666667,1,7,1,11.083333333333334,arena hazard,False
63,3,D2 Male,2,M,8,0.5996464018199381,voting,0.5833333333333333,0,1,4,19.291666666666668,,True
63,4,D3 Female,3,F,4,0.4600779681381917,voting,0.16666666666666666,0,23,0,1.8333333333333333,fists,False
63,5,D3 Male,3,M,7,0.42849643348904554,voting,0.2916666666666667,0,16,0,4.208333333333333,fists,False
63,6,D4 Female,4,F,8,0.6400400320745514,voting,0.5833333333333333,0,10,0,6.541666666666667,knife,False
63,7,D4 Male,4,M,7,0.47663284658781235,voting,0.5416666666666667,0,17,0,3.8333333333333335,dehydration,False
63,8,D5 Female,5,F,11,0.6997202426427127,voting,0.6183333333333333,0,4,2,14.666666666666666,bow,False
63,9,D5 Male,5,M,5,0.33605000946906605,voting,0.20833333333333334,0,3,1,16.958333333333332,bow,False
63,10,D6 Female,6,F,9,0.8473796993867022,voting,0.375,0,13,1,4.75,knife,False
63,11,D6 Male,6,M,9,0.8444421137484119,voting,0.535,1,12,2,4.791666666666667,dehydration,False
63,12,D7 Female,7,F,8,0.483379590027926,voting,0.41333333333333333,1,8,1,9.291666666666666,spear,False
63,13,D7 Male,7,M,6,0.6398809428259319,voting,0.25,0,19,0,3.7083333333333335,fists,False
63,14,D8 Female,8,F,3,0.392756635725855,voting,0.125,0,14,0,4.666666666666667,fists,False
63,15,D8 Male,8,M,3,0.18136132304554767,voting,0.125,0,22,0,2.375,fists,False
63,16,D9 Female,9,F,5,0.513845421010056,voting,0.20833333333333334,0,21,0,3.0,dehydration,False
63,17,D9 Male,9,M,9,0.824021851362761,voting,0.375,0,15,0,4.5,dehydration,False
63,18,D10 Female,10,F,5,0.5733811207750824,voting,0.20833333333333334,0,2,0,19.25,bow,False
63,19,D10 Male,10,M,4,0.5565441248018483,voting,0.16666666666666666,0,18,0,3.75,fists,False
63,20,D11 Female,11,F,7,0.4028525243099525,voting,0.2916666666666667,0,24,0,1.2083333333333333,fists,False
63,21,D11 Male,11,M,9,0.5012663426389313,voting,0.375,1,11,0,4.791666666666667,dehydration,False
63,22,D12 Female,12,F,6,0.45287963561112554,voting,0.25,0,20,0,3.0,dehydration,False
63,23,D12 Male,12,M,8,0.5839243480862237,voting,0.3333333333333333,0,5,0,11.958333333333334,sword,False
64,0,D1 Female,1,F,1,0.40974108245274515,voting,0.2916666666666667,0,11,1,6.5,fists,False
64,1,D1 Male,1,M,10,0.8008620782204231,voting,0.7466666666666667,0,6,1,12.583333333333334,bow,False
64,2,D2 Female,2,F,8,0.7262392897815348,voting,0.5833333333333333,0,18,0,3.0,dehydration,False
64,3,D2 Male,2,M,10,0.6977714885562127,voting,0.7466666666666667,3,8,1,10.708333333333334,spear,False
64,4,D3 Female,3,F,10,0.7905053445745917,voting,0.5766666666666667,1,4,2,16.291666666666668,sword,False
64,5,D3 Male,3,M,5,0.31536659745138185,voting,0.20833333333333334,0,2,0,19.125,bow,False
64,6,D4 Female,4,F,6,0.43422926426815,voting,0.5,1,21,0,2.1666666666666665,fists,False
64,7,D4 Male,4,M,10,0.820623021372247,voting,0.6666666666666667,1,15,0,3.25,untreated wound,False
64,8,D5 Female,5,F,6,0.5151915721049819,voting,0.25,1,7,0,11.708333333333334,spear,False
64,9,D5 Male,5,M,2,0.47009127636825954,voting,0.08333333333333333,0,14,0,3.4166666666666665,dehydration,False
64,10,D6 Female,6,F,3,0.48380987139693366,voting,0.125,0,12,0,4.208333333333333,dehydration,False
64,11,D6 Male,6,M,9,0.7876047431969713,voting,0.455,0,3,1,17.541666666666668,untreated wound,False
64,12,D7 Female,7,F,4,0.24789931747324728,voting,0.16666666666666666,0,24,0,1.5,fists,False
64,13,D7 Male,7,M,9,0.652635057313493,voting,0.375,0,9,2,10.583333333333334,knife,False
64,14,D8 Female,8,F,7,0.3834590655135397,voting,0.2916666666666667,1,22,0,2.1666666666666665,fists,False
64,15,D8 Male,8,M,8,0.764263296138653,voting,0.5733333333333333,1,5,3,15.416666666666666,bow,False
64,16,D9 Female,9,F,6,0.4596781756695559,voting,0.25,0,20,0,2.3333333333333335,fists,False
64,17,D9 Male,9,M,6,0.4811635176804692,voting,0.33,0,13,1,4.125,fists,False
64,18,D10 Female,10,F,9,0.7292187875782494,voting,0.375,0,1,3,19.166666666666668,,True
64,19,D10 Male,10,M,6,0.4324663317767823,voting,0.25,0,23,0,2.125,fists,False
64,20,D11 Female,11,F,2,0.365127067794953,voting,0.08333333333333333,0,17,0,3.0,dehydration,False
64,21,D11 Male,11,M,6,0.69940114926543,voting,0.33,0,16,1,3.2083333333333335,untreated wound,False
64,22,D12 Female,12,F,1,0.059758283086519044,voting,0.041666666666666664,0,19,0,2.5,fists,False
64,23,D12 Male,12,M,6,0.6697971045913524,voting,0.25,0,10,0,6.541666666666667,bow,False
65,0,D1 Female,1,F,11,0.7268592409262282,voting,0.7083333333333333,0,1,3,20.041666666666668,,True
65,1,D1 Male,1,M,5,0.2556307676765147,voting,0.45833333333333337,1,10,0,8.666666666666666,untreated wound,False
65,2,D2 Female,2,F,10,0.6436710142315328,voting,0.7466666666666667,0,6,1,13.916666666666666,knife,False
65,3,D2 Male,2,M,4,0.442772087597727,voting,0.41666666666666663,0,23,0,2.5833333333333335,fists,False
65,4,D3 Female,3,F,6,0.464563058344304,voting,0.25,0,18,0,4.458333333333333,fists,False
65,5,D3 Male,3,M,5,0.4742725157435426,voting,0.20833333333333334,0,19,0,4.375,fists,False
65,6,D4 Female,4,F,12,0.8644246761263963,voting,0.83,0,3,2,19.75,bow,False
65,7,D4 Male,4,M,7,0.42759037435443076,voting,0.5416666666666667,0,20,0,3.9166666666666665,fists,False
65,8,D5 Female,5,F,6,0.3636936830063611,voting,0.25,0,22,0,3.1666666666666665,fists,False
65,9,D5 Male,5,M,8,0.7973371796792779,voting,0.4933333333333333,0,11,2,8.166666666666666,spear,False
65,10,D6 Female,6,F,10,0.7813544081025479,voting,0.4166666666666667,0,9,1,9.125,bow,False
65,11,D6 Male,6,M,6,0.6532813372416182,voting,0.33,1,8,1,10.375,knife,False
65,12,D7 Female,7,F,4,0.4772612306023263,voting,0.16666666666666666,0,15,0,5.416666666666667,spear,False
65,13,D7 Male,7,M,8,0.7357033121707479,voting,0.41333333333333333,0,17,1,4.5,dehydration,False
65,14,D8 Female,8,F,4,0.44532796497398247,voting,0.16666666666666666,0,13,0,7.583333333333333,spear,False
65,15,D8 Male,8,M,5,0.5467531110146827,voting,0.45833333333333337,0,5,4,15.5,spear,False
65,16,D9 Female,9,F,11,0.73740920567486,voting,0.6183333333333333,0,7,2,11.083333333333334,knife,False
65,17,D9 Male,9,M,6,0.6540651764171767,voting,0.41000000000000003,2,2,2,20.0,bow,False
65,18,D10 Female,10,F,11,0.7748693683113376,voting,0.4583333333333333,0,4,2,18.083333333333332,bow,False
65,19,D10 Male,10,M,10,0.5989011873171906,voting,0.4166666666666667,0,21,0,3.625,fists,False
65,20,D11 Female,11,F,5,0.5617831898333736,voting,0.20833333333333334,0,14,0,7.541666666666667,spear,False
65,21,D11 Male,11,M,7,0.6267093258242201,voting,0.2916666666666667,1,12,0,8.0,fists,False
65,22,D12 Female,12,F,6,0.3151024225203726,voting,0.25,1,16,0,4.708333333333333,fists,False
65,23,D12 Male,12,M,4,0.20081490186750595,voting,0.16666666666666666,0,24,0,1.7916666666666667,fists,False
66,0,D1 Female,1,F,9,0.832156244365984,voting,0.625,0,6,3,10.25,rock,False
66,1,D1 Male,1,M,4,0.5941635624476842,voting,0.41666666666666663,0,22,0,2.75,fists,False
66,2,D2 Female,2,F,6,0.49611397302833005,voting,0.58,0,9,1,6.291666666666667,rock,False
66,3,D2 Male,2,M,7,0.39036688204660164,voting,0.5416666666666667,0,4,2,15.416666666666666,knife,False
66,4,D3 Female,3,F,4,0.352813486360512,voting,0.16666666666666666,0,5,0,11.625,dehydration,False
66,5,D3 Male,3,M,11,0.7378904648440124,voting,0.6183333333333333,0,11,2,4.833333333333333,dehydration,False
66,6,D4 Female,4,F,10,0.7652603411259117,voting,0.8266666666666668,1,3,2,16.0,bow,False
66,7,D4 Male,4,M,5,0.3627836969946173,voting,0.45833333333333337,0,15,0,3.5833333333333335,knife,False
66,8,D5 Female,5,F,2,0.11436443054547833,voting,0.08333333333333333,0,21,0,2.7916666666666665,fists,False
66,9,D5 Male,5,M,5,0.3566332576872548,voting,0.20833333333333334,0,17,0,3.4166666666666665,fists,False
66,10,D6 Female,6,F,7,0.48937212131971297,voting,0.2916666666666667,0,10,0,5.041666666666667,fists,False
66,11,D6 Male,6,M,7,0.47521213217950686,voting,0.2916666666666667,0,20,0,3.0,fists,False
66,12,D7 Female,7,F,9,0.5042733778225151,voting,0.455,0,13,1,4.625,untreated wound,False
66,13,D7 Male,7,M,4,0.5114154550475646,voting,0.24666666666666665,0,8,1,6.583333333333333,untreated wound,False
66,14,D8 Female,8,F,5,0.4092394736243261,voting,0.20833333333333334,0,16,1,3.4583333333333335,knife,False
66,15,D8 Male,8,M,6,0.5205838072923975,voting,0.25,0,18,0,3.3333333333333335,fists,False
66,16,D9 Female,9,F,5,0.6455130284716062,voting,0.28833333333333333,1,1,3,16.916666666666668,,True
66,17,D9 Male,9,M,4,0.32309844523401365,voting,0.16666666666666666,0,14,1,3.875,fists,False
66,18,D10 Female,10,F,7,0.4349837532959756,voting,0.2916666666666667,0,7,0,7.5,dehydration,False
66,19,D10 Male,10,M,7,0.6373287529163059,voting,0.2916666666666667,1,12,0,4.708333333333333,rock,False
66,20,D11 Female,11,F,7,0.46851512202815015,voting,0.2916666666666667,0,23,0,2.5833333333333335,fists,False
66,21,D11 Male,11,M,7,0.40464367287067027,voting,0.2916666666666667,0,19,0,3.125,fists,False
66,22,D12 Female,12,F,8,0.5841270749036187,voting,0.3333333333333333,0,2,1,16.875,bow,False
66,23,D12 Male,12,M,7,0.438345678397161,voting,0.2916666666666667,0,24,0,2.2916666666666665,fists,False
67,0,D1 Female,1,F,6,0.5062074560930823,voting,0.66,1,2,2,19.166666666666668,bow,False
67,1,D1 Male,1,M,6,0.5629254775753876,voting,0.5,2,17,0,4.125,fists,False
67,2,D2 Female,2,F,10,0.6062341304476087,voting,0.6666666666666667,0,11,1,9.0,knife,False
67,3,D2 Male,2,M,4,0.5758688194015427,voting,0.41666666666666663,0,23,0,1.75,fists,False
67,4,D3 Female,3,F,4,0.3472324580693642,voting,0.32666666666666666,1,5,2,13.416666666666666,dehydration,False
67,5,D3 Male,3,M,4,0.316662759694866,voting,0.16666666666666666,0,19,0,2.9583333333333335,fists,False
67,6,D4 Female,4,F,5,0.5587617728424108,voting,0.45833333333333337,0,13,1,6.791666666666667,fists,False
67,7,D4 Male,4,M,7,0.6035676029930522,voting,0.6216666666666667,2,7,1,12.458333333333334,sword,False
67,8,D5 Female,5,F,7,0.4273348770378632,voting,0.2916666666666667,0,16,0,4.291666666666667,fists,False
67,9,D5 Male,5,M,5,0.5581097128366146,voting,0.28833333333333333,0,22,1,2.2916666666666665,untreated wound,False
67,10,D6 Female,6,F,10,0.8917469505719102,voting,0.4966666666666667,0,9,1,11.875,spear,False
67,11,D6 Male,6,M,5,0.3001345677252702,voting,0.20833333333333334,0,24,0,1.4166666666666667,fists,False
67,12,D7 Female,7,F,7,0.6987291101692423,voting,0.2916666666666667,0,8,0,11.916666666666666,bow,False
67,13,D7 Male,7,M,4,0.26241179342374693,voting,0.16666666666666666,0,18,0,3.2916666666666665,fists,False
67,14,D8 Female,8,F,7,0.5360656947993961,voting,0.2916666666666667,0,15,0,5.708333333333333,spear,False
67,15,D8 Male,8,M,8,0.4935229883905289,voting,0.41333333333333333,1,6,1,13.041666666666666,bow,False
67,16,D9 Female,9,F,8,0.6911052797896624,voting,0.41333333333333333,0,14,1,6.375,dehydration,False
67,17,D9 Male,9,M,10,0.597293626209711,voting,0.4966666666666667,1,4,1,15.708333333333334,spear,False
67,18,D10 Female,10,F,6,0.3757528159741136,voting,0.25,0,20,0,2.5833333333333335,fists,False
67,19,D10 Male,10,M,3,0.29697614082827495,voting,0.125,0,21,0,2.5416666666666665,fists,False
67,20,D11 Female,11,F,9,0.5807357139986477,voting,0.455,2,3,2,16.208333333333332,bow,False
67,21,D11 Male,11,M,11,0.9296832228375175,voting,0.5383333333333333,1,1,4,19.208333333333332,,True
67,22,D12 Female,12,F,5,0.325499366774295,voting,0.20833333333333334,0,12,0,8.958333333333334,knife,False
67,23,D12 Male,12,M,9,0.5476605375211463,voting,0.455,1,10,1,9.25,dehydration,False
68,0,D1 Female,1,F,9,0.7421713823022116,voting,0.705,0,11,1,9.583333333333334,spear,False
68,1,D1 Male,1,M,8,0.7026459801561992,voting,0.6633333333333332,1,5,1,17.875,bow,False
68,2,D2 Female,2,F,8,0.7187912478816678,voting,0.5833333333333333,0,4,2,18.416666666666668,arena hazard,False
68,3,D2 Male,2,M,4,0.43603487897652177,voting,0.41666666666666663,0,6,0,15.208333333333334,bow,False
68,4,D3 Female,3,F,7,0.38604987392385065,voting,0.2916666666666667,0,17,0,5.541666666666667,fists,False
68,5,D3 Male,3,M,3,0.2330420656609249,voting,0.125,0,8,0,14.208333333333334,spear,False
68,6,D4 Female,4,F,6,0.4488354797168045,voting,0.5,0,21,0,4.833333333333333,fists,False
68,7,D4 Male,4,M,8,0.604528333501522,voting,0.6633333333333332,0,3,4,19.75,arena hazard,False
68,8,D5 Female,5,F,4,0.3526489438219166,voting,0.16666666666666666,0,2,1,20.166666666666668,bow,False
68,9,D5 Male,5,M,9,0.7205855269159946,voting,0.375,0,7,1,14.916666666666666,bow,False
68,10,D6 Female,6,F,7,0.5444010831793702,voting,0.2916666666666667,0,22,0,4.083333333333333,fists,False
68,11,D6 Male,6,M,8,0.46880195548986126,voting,0.3333333333333333,0,16,0,5.916666666666667,knife,False
68,12,D7 Female,7,F,5,0.43476616117542954,voting,0.20833333333333334,0,20,0,4.916666666666667,fists,False
68,13,D7 Male,7,M,7,0.7432867141250046,voting,0.2916666666666667,0,12,1,8.916666666666666,sword,False
68,14,D8 Female,8,F,6,0.4337680498523946,voting,0.25,0,14,0,6.791666666666667,rock,False
68,15,D8 Male,8,M,7,0.4363154099562526,voting,0.2916666666666667,0,24,0,2.2083333333333335,fists,False
68,16,D9 Female,9,F,7,0.6140869088630654,voting,0.2916666666666667,0,1,3,20.208333333333332,,True
68,17,D9 Male,9,M,10,0.5903199415988878,voting,0.4966666666666667,1,10,1,10.541666666666666,untreated wound,False
68,18,D10 Female,10,F,6,0.5873895726998204,voting,0.41000000000000003,0,13,2,6.958333333333333,untreated wound,False
68,19,D10 Male,10,M,4,0.3554634355025904,voting,0.16666666666666666,0,15,0,6.0,dehydration,False
68,20,D11 Female,11,F,2,0.3958047157366285,voting,0.08333333333333333,0,18,0,5.375,fists,False
68,21,D11 Male,11,M,6,0.32021804113969193,voting,0.25,0,23,0,2.8333333333333335,fists,False
68,22,D12 Female,12,F,5,0.5111323943815487,voting,0.20833333333333334,0,19,0,5.25,fists,False
68,23,D12 Male,12,M,4,0.4727793982566395,voting,0.16666666666666666,0,9,1,10.875,spear,False
69,0,D1 Female,1,F,9,0.6244496073887615,voting,0.705,1,7,2,10.5,sword,False
69,1,D1 Male,1,M,6,0.3520791004914727,voting,0.5,1,11,0,8.333333333333334,knife,False
69,2,D2 Female,2,F,12,0.6602014222190982,voting,0.75,0,23,0,1.7916666666666667,fists,False
69,3,D2 Male,2,M,5,0.3321878725260884,voting,0.5383333333333333,0,13,1,7.125,untreated wound,False
69,4,D3 Female,3,F,4,0.2704972233063631,voting,0.16666666666666666,0,14,1,6.916666666666667,dehydration,False
69,5,D3 Male,3,M,6,0.6551431492521345,voting,0.25,0,17,0,4.5,knife,False
69,6,D4 Female,4,F,7,0.634282491867457,voting,0.6216666666666667,0,3,1,17.833333333333332,spear,False
69,7,D4 Male,4,M,8,0.6171879475716988,voting,0.5833333333333333,0,6,0,12.416666666666666,spear,False
69,8,D5 Female,5,F,9,0.5051076952492521,voting,0.535,1,8,3,10.5,sword,False
69,9,D5 Male,5,M,9,0.7086196823928164,voting,0.615,1,2,3,20.25,sword,False
69,10,D6 Female,6,F,8,0.4828443354807491,voting,0.3333333333333333,0,24,0,1.6666666666666667,fists,False
69,11,D6 Male,6,M,9,0.6727570953815916,voting,0.455,0,1,2,20.291666666666668,,True
69,12,D7 Female,7,F,6,0.4439294909088491,voting,0.25,0,9,0,10.208333333333334,fists,False
69,13,D7 Male,7,M,5,0.2517515670984885,voting,0.20833333333333334,0,16,0,5.458333333333333,fists,False
69,14,D8 Female,8,F,7,0.5286331144150238,voting,0.2916666666666667,0,19,0,3.9583333333333335,fists,False
69,15,D8 Male,8,M,6,0.3969155519574403,voting,0.25,0,22,0,2.625,fists,False
69,16,D9 Female,9,F,6,0.40298881621164223,voting,0.33,0,12,1,7.375,spear,False
69,17,D9 Male,9,M,9,0.702560742000339,voting,0.375,0,10,1,9.916666666666666,spear,False
69,18,D10 Female,10,F,4,0.28878326159261486,voting,0.16666666666666666,0,18,0,4.083333333333333,fists,False
69,19,D10 Male,10,M,9,0.4537129423713192,voting,0.375,0,4,1,17.791666666666668,arena hazard,False
69,20,D11 Female,11,F,4,0.5072936074030425,voting,0.24666666666666665,0,15,1,6.041666666666667,sword,False
69,21,D11 Male,11,M,10,0.6325952774101664,voting,0.4966666666666667,0,20,1,3.0416666666666665,untreated wound,False
69,22,D12 Female,12,F,5,0.25067919529232185,voting,0.20833333333333334,0,21,0,2.9166666666666665,fists,False
69,23,D12 Male,12,M,9,0.8367563398165704,voting,0.455,1,5,1,14.291666666666666,spear,False
70,0,D1 Female,1,F,6,0.3760148858677565,voting,0.5,0,14,0,6.0,dehydration,False
70,1,D1 Male,1,M,4,0.47044841563603,voting,0.49666666666666665,2,4,2,16.083333333333332,spear,False
70,2,D2 Female,2,F,6,0.6061203352593161,voting,0.58,1,2,3,19.75,bow,False
70,3,D2 Male,2,M,3,0.4298856030690157,voting,0.455,0,16,1,5.291666666666667,fists,False
70,4,D3 Female,3,F,6,0.4735608265309583,voting,0.25,0,18,0,4.833333333333333,fists,False
70,5,D3 Male,3,M,4,0.43151217321219115,voting,0.16666666666666666,0,22,0,3.0,dehydration,False
70,6,D4 Female,4,F,9,0.7886905974864196,voting,0.625,0,21,0,3.0,dehydration,False
70,7,D4 Male,4,M,11,0.7739314973212615,voting,0.7083333333333333,1,10,0,9.208333333333334,spear,False
70,8,D5 Female,5,F,7,0.39438357227291526,voting,0.5416666666666667,2,3,4,17.625,bow,False
70,9,D5 Male,5,M,9,0.6128282274495236,voting,0.375,0,8,0,11.833333333333334,sword,False
70,10,D6 Female,6,F,6,0.3736465895927198,voting,0.25,1,15,0,5.625,knife,False
70,11,D6 Male,6,M,9,0.5036846040839277,voting,0.455,2,1,5,19.791666666666668,,True
70,12,D7 Female,7,F,7,0.5727585517770953,voting,0.2916666666666667,1,9,0,10.458333333333334,spear,False
70,13,D7 Male,7,M,6,0.5375672951088273,voting,0.33,1,7,1,14.125,arena hazard,False
70,14,D8 Female,8,F,5,0.26743532593388275,voting,0.20833333333333334,0,23,0,2.6666666666666665,fists,False
70,15,D8 Male,8,M,6,0.6321615252845085,voting,0.25,0,6,0,15.041666666666666,spear,False
70,16,D9 Female,9,F,7,0.40220606442439616,voting,0.2916666666666667,0,19,0,4.666666666666667,fists,False
70,17,D9 Male,9,M,6,0.6033357544058413,voting,0.25,0,5,0,15.5,spear,False
70,18,D10 Female,10,F,5,0.5304309187311205,voting,0.20833333333333334,0,20,0,3.9583333333333335,fists,False
70,19,D10 Male,10,M,4,0.3583828496444139,voting,0.16666666666666666,0,24,0,2.5,fists,False
70,20,D11 Female,11,F,8,0.6569161376804782,voting,0.3333333333333333,0,12,0,7.125,fists,False
70,21,D11 Male,11,M,11,0.7031551611406699,voting,0.5383333333333333,0,11,1,8.0,spear,False
70,22,D12 Female,12,F,10,0.5541363011332078,voting,0.4966666666666667,0,13,1,6.0,dehydration,False
70,23,D12 Male,12,M,7,0.43507909520182353,voting,0.2916666666666667,0,17,0,4.875,fists,False
71,0,D1 Female,1,F,5,0.3732794625382644,voting,0.45833333333333337,0,15,0,6.041666666666667,rock,False
71,1,D1 Male,1,M,6,0.36278161346744253,voting,0.5,0,23,0,2.5833333333333335,fists,False
71,2,D2 Female,2,F,5,0.6327295577744905,voting,0.5383333333333333,0,20,1,3.0,dehydration,False
71,3,D2 Male,2,M,12,0.6169060794371151,voting,0.83,2,11,1,7.875,knife,False
71,4,D3 Female,3,F,3,0.27842091459191876,voting,0.125,0,4,2,16.875,untreated wound,False
71,5,D3 Male,3,M,4,0.24399068952294461,voting,0.16666666666666666,0,12,0,7.541666666666667,fists,False
71,6,D4 Female,4,F,5,0.4567822906566793,voting,0.45833333333333337,2,13,0,6.291666666666667,dehydration,False
71,7,D4 Male,4,M,3,0.19068505504532282,voting,0.375,0,10,0,8.458333333333334,fists,False
71,8,D5 Female,5,F,6,0.39161992645410787,voting,0.25,0,7,0,11.833333333333334,dehydration,False
71,9,D5 Male,5,M,12,0.6571665065074789,voting,0.58,0,19,1,3.7083333333333335,dehydration,False
71,10,D6 Female,6,F,8,0.44686084930085945,voting,0.3333333333333333,1,17,0,5.0,rock,False
71,11,D6 Male,6,M,9,0.4961377104867882,voting,0.375,0,16,0,5.583333333333333,spear,False
71,12,D7 Female,7,F,5,0.5940076270410699,voting,0.20833333333333334,0,14,0,6.083333333333333,dehydration,False
71,13,D7 Male,7,M,12,0.7729126391323557,voting,0.58,1,8,1,11.375,dehydration,False
71,14,D8 Female,8,F,5,0.6004826180666923,voting,0.20833333333333334,0,18,0,3.75,knife,False
71,15,D8 Male,8,M,5,0.26403186417090685,voting,0.20833333333333334,0,5,1,16.333333333333332,bow,False
71,16,D9 Female,9,F,8,0.4125810714837736,voting,0.41333333333333333,0,9,1,9.0,untreated wound,False
71,17,D9 Male,9,M,2,0.3176244966304157,voting,0.16333333333333333,0,2,1,18.5,bow,False
71,18,D10 Female,10,F,11,0.5958861239442778,voting,0.4583333333333333,0,21,0,2.7916666666666665,fists,False
71,19,D10 Male,10,M,5,0.3052128715922747,voting,0.36833333333333335,2,1,4,18.541666666666668,,True
71,20,D11 Female,11,F,6,0.6908273704246364,voting,0.25,0,22,0,2.6666666666666665,rock,False
71,21,D11 Male,11,M,6,0.38677146685331343,voting,0.25,0,24,0,1.75,fists,False
71,22,D12 Female,12,F,9,0.46238850442117835,voting,0.375,0,6,1,12.5,spear,False
71,23,D12 Male,12,M,6,0.323312227023728,voting,0.25,0,3,1,17.5,bow,False
72,0,D1 Female,1,F,2,0.20267562328558697,voting,0.41333333333333333,0,4,1,13.833333333333334,bow,False
72,1,D1 Male,1,M,11,0.5932497327520638,voting,0.7083333333333333,0,21,0,2.5,fists,False
72,2,D2 Female,2,F,8,0.7139379340982639,voting,0.5833333333333333,0,3,0,16.541666666666668,bow,False
72,3,D2 Male,2,M,12,0.6463752846671821,voting,0.83,0,5,1,13.333333333333334,rock,False
72,4,D3 Female,3,F,9,0.7284820444570996,voting,0.615,1,6,3,13.25,dehydration,False
72,5,D3 Male,3,M,7,0.3570085409945403,voting,0.2916666666666667,1,17,0,4.166666666666667,fists,False
72,6,D4 Female,4,F,8,0.6969568856920145,voting,0.5833333333333333,0,2,4,17.333333333333332,sword,False
72,7,D4 Male,4,M,6,0.5388839404249561,voting,0.5,0,1,3,17.333333333333332,bow,False
72,8,D5 Female,5,F,6,0.49365120598258316,voting,0.25,0,16,1,4.541666666666667,fists,False
72,9,D5 Male,5,M,1,0.3257132141478606,voting,0.041666666666666664,0,24,0,1.6666666666666667,fists,False
72,10,D6 Female,6,F,10,0.5970038234850933,voting,0.4166666666666667,0,12,0,6.666666666666667,rock,False
72,11,D6 Male,6,M,6,0.372031791091841,voting,0.25,0,19,0,3.0,fists,False
72,12,D7 Female,7,F,5,0.5867316442608836,voting,0.36833333333333335,0,7,2,11.291666666666666,arena hazard,False
72,13,D7 Male,7,M,4,0.2613407486542035,voting,0.16666666666666666,0,20,0,2.625,fists,False
72,14,D8 Female,8,F,3,0.24071366576373995,voting,0.125,0,11,0,7.166666666666667,knife,False
72,15,D8 Male,8,M,8,0.41641578248667477,voting,0.3333333333333333,0,9,1,7.916666666666667,knife,False
72,16,D9 Female,9,F,4,0.5737165114031213,voting,0.16666666666666666,0,15,1,4.708333333333333,knife,False
72,17,D9 Male,9,M,7,0.7464109027476689,voting,0.3716666666666667,1,14,2,4.791666666666667,dehydration,False
72,18,D10 Female,10,F,5,0.5322753564404767,voting,0.20833333333333334,0,18,0,4.125,knife,False
72,19,D10 Male,10,M,6,0.34505014128671413,voting,0.25,0,13,0,4.916666666666667,knife,False
72,20,D11 Female,11,F,4,0.25294756264840684,voting,0.24666666666666665,2,8,1,8.208333333333334,fists,False
72,21,D11 Male,11,M,8,0.6828390293687514,voting,0.3333333333333333,0,22,0,2.0833333333333335,fists,False
72,22,D12 Female,12,F,6,0.334848458911098,voting,0.25,0,23,0,1.7083333333333333,fists,False
72,23,D12 Male,12,M,10,0.8476981384164628,voting,0.4966666666666667,1,10,1,7.416666666666667,spear,False
73,0,D1 Female,1,F,12,0.95,voting,0.91,0,1,3,17.625,,True
73,1,D1 Male,1,M,6,0.5780788582862569,voting,0.58,1,4,1,16.208333333333332,sword,False
73,2,D2 Female,2,F,7,0.6218541690385935,voting,0.7016666666666668,0,2,2,17.583333333333332,untreated wound,False
73,3,D2 Male,2,M,3,0.27171961225044655,voting,0.375,0,23,0,1.5833333333333333,fists,False
73,4,D3 Female,3,F,8,0.5426173251754179,voting,0.3333333333333333,0,19,0,2.5833333333333335,fists,False
73,5,D3 Male,3,M,8,0.663262619570292,voting,0.41333333333333333,1,15,1,5.541666666666667,dehydration,False
73,6,D4 Female,4,F,5,0.3727047001436858,voting,0.45833333333333337,2,6,1,13.833333333333334,sword,False
73,7,D4 Male,4,M,6,0.36390500580256424,voting,0.5,0,20,0,2.4166666666666665,fists,False
73,8,D5 Female,5,F,7,0.6022200547750081,voting,0.3716666666666667,0,10,1,9.791666666666666,fists,False
73,9,D5 Male,5,M,3,0.3011143915677629,voting,0.125,0,21,0,2.0416666666666665,fists,False
73,10,D6 Female,6,F,5,0.31585815097588965,voting,0.20833333333333334,0,18,0,2.625,fists,False
73,11,D6 Male,6,M,5,0.5566271921387682,voting,0.36833333333333335,1,7,2,12.708333333333334,spear,False
73,12,D7 Female,7,F,12,0.6749368942456309,voting,0.5,0,9,0,10.041666666666666,sword,False
73,13,D7 Male,7,M,8,0.6183759596644935,voting,0.41333333333333333,0,16,1,3.5,untreated wound,False
73,14,D8 Female,8,F,1,0.32262926441844253,voting,0.041666666666666664,0,11,0,9.625,dehydration,False
73,15,D8 Male,8,M,7,0.6421549205675158,voting,0.2916666666666667,0,24,0,1.3333333333333333,fists,False
73,16,D9 Female,9,F,9,0.5154616688219928,voting,0.455,1,12,1,8.208333333333334,fists,False
73,17,D9 Male,9,M,5,0.30047381550169333,voting,0.36833333333333335,2,3,2,16.375,arena hazard,False
73,18,D10 Female,10,F,9,0.4575601145507134,voting,0.455,0,8,1,11.041666666666666,rock,False
73,19,D10 Male,10,M,12,0.9123316893591327,voting,0.58,0,5,2,15.708333333333334,spear,False
73,20,D11 Female,11,F,8,0.7392875516287012,voting,0.3333333333333333,0,14,0,5.916666666666667,knife,False
73,21,D11 Male,11,M,7,0.6517291967546878,voting,0.2916666666666667,0,22,0,1.9583333333333333,fists,False
73,22,D12 Female,12,F,2,0.24132745409379514,voting,0.08333333333333333,0,13,0,7.166666666666667,fists,False
73,23,D12 Male,12,M,7,0.36832281207114687,voting,0.2916666666666667,0,17,0,2.6666666666666665,fists,False
74,0,D1 Female,1,F,3,0.28350850617003676,voting,0.375,1,6,0,12.041666666666666,dehydration,False
74,1,D1 Male,1,M,5,0.5761621976945082,voting,0.45833333333333337,0,14,1,4.708333333333333,fists,False
74,2,D2 Female,2,F,9,0.5393797173193615,voting,0.705,3,8,1,9.5,knife,False
74,3,D2 Male,2,M,6,0.3595671947809595,voting,0.58,0,12,1,5.625,fists,False
74,4,D3 Female,3,F,5,0.44053871898018226,voting,0.20833333333333334,0,11,0,7.375,spear,False
74,5,D3 Male,3,M,3,0.23119263462936868,voting,0.125,0,21,0,2.875,fists,False
74,6,D4 Female,4,F,6,0.3690393029324147,voting,0.58,0,3,4,14.916666666666666,rock,False
74,7,D4 Male,4,M,6,0.42418916316993127,voting,0.5,0,13,0,4.958333333333333,fists,False
74,8,D5 Female,5,F,5,0.3642496450854742,voting,0.20833333333333334,0,23,0,2.1666666666666665,fists,False
74,9,D5 Male,5,M,8,0.6586576015212424,voting,0.5733333333333333,0,4,4,12.75,untreated wound,False
74,10,D6 Female,6,F,8,0.5275849731758278,voting,0.41333333333333333,1,5,1,12.375,spear,False
74,11,D6 Male,6,M,5,0.5239443572160738,voting,0.20833333333333334,0,10,0,8.416666666666666,spear,False
74,12,D7 Female,7,F,1,0.1602389497758258,voting,0.041666666666666664,0,22,0,2.7083333333333335,fists,False
74,13,D7 Male,7,M,9,0.512712787692059,voting,0.375,0,24,0,1.9166666666666667,fists,False
74,14,D8 Female,8,F,8,0.49823437690437605,voting,0.41333333333333333,1,15,1,4.083333333333333,fists,False
74,15,D8 Male,8,M,8,0.495416959163359,voting,0.3333333333333333,0,19,0,3.0,fists,False
74,16,D9 Female,9,F,8,0.4027406368990695,voting,0.3333333333333333,1,18,0,3.0,dehydration,False
74,17,D9 Male,9,M,6,0.3462358574843033,voting,0.25,0,20,0,2.9583333333333335,fists,False
74,18,D10 Female,10,F,3,0.23010732039755996,voting,0.28500000000000003,0,9,2,9.0,dehydration,False
74,19,D10 Male,10,M,7,0.6470763286855801,voting,0.2916666666666667,1,7,0,11.875,knife,False
74,20,D11 Female,11,F,12,0.6072859962071198,voting,0.58,2,1,3,18.25,,True
74,21,D11 Male,11,M,7,0.40004566758047455,voting,0.2916666666666667,0,16,0,3.25,fists,False
74,22,D12 Female,12,F,3,0.4262529224758078,voting,0.125,0,17,0,3.0,dehydration,False
74,23,D12 Male,12,M,8,0.6657056649285398,voting,0.3333333333333333,0,2,0,18.208333333333332,knife,False
75,0,D1 Female,1,F,7,0.5332387254294987,voting,0.5416666666666667,0,14,0,4.5,fists,False
75,1,D1 Male,1,M,1,0.12271672761153868,voting,0.2916666666666667,0,13,0,4.625,fists,False
75,2,D2 Female,2,F,6,0.4013812609067092,voting,0.5,0,5,0,10.75,knife,False
75,3,D2 Male,2,M,5,0.27530963046774415,voting,0.45833333333333337,0,15,0,4.083333333333333,fists,False
75,4,D3 Female,3,F,9,0.6383685543071835,voting,0.455,0,18,1,3.0,dehydration,False
75,5,D3 Male,3,M,8,0.7504689189589602,voting,0.4933333333333333,3,3,3,15.583333333333334,spear,False
75,6,D4 Female,4,F,8,0.5307104816551877,voting,0.5833333333333333,0,23,0,2.1666666666666665,fists,False
75,7,D4 Male,4,M,9,0.6208239157678895,voting,0.785,2,7,2,9.833333333333334,dehydration,False
75,8,D5 Female,5,F,6,0.41832280262108623,voting,0.25,0,12,0,5.0,knife,False
75,9,D5 Male,5,M,2,0.23108591892191355,voting,0.08333333333333333,0,24,0,1.75,fists,False
75,10,D6 Female,6,F,5,0.5064070605699944,voting,0.20833333333333334,0,21,0,2.7916666666666665,fists,False
75,11,D6 Male,6,M,8,0.5026603242283258,voting,0.3333333333333333,0,4,3,15.583333333333334,sword,False
75,12,D7 Female,7,F,7,0.48026905963720423,voting,0.2916666666666667,0,20,0,2.8333333333333335,fists,False
75,13,D7 Male,7,M,9,0.6386400815029888,voting,0.455,1,1,3,16.5,,True
75,14,D8 Female,8,F,3,0.4167074610643776,voting,0.20500000000000002,0,11,1,5.708333333333333,rock,False
75,15,D8 Male,8,M,1,0.3798805009712319,voting,0.12166666666666667,0,9,1,6.875,knife,False
75,16,D9 Female,9,F,5,0.5451634847314268,voting,0.20833333333333334,0,10,0,6.833333333333333,untreated wound,False
75,17,D9 Male,9,M,8,0.41376628567608426,voting,0.3333333333333333,1,8,0,9.25,arena hazard,False
75,18,D10 Female,10,F,6,0.38230368319486824,voting,0.25,0,22,0,2.5833333333333335,fists,False
75,19,D10 Male,10,M,6,0.617170550487534,voting,0.33,0,16,1,4.041666666666667,untreated wound,False
75,20,D11 Female,11,F,9,0.8465518884764782,voting,0.375,0,2,0,16.458333333333332,knife,False
75,21,D11 Male,11,M,6,0.40237758538273666,voting,0.25,0,17,0,3.0,dehydration,False
75,22,D12 Female,12,F,10,0.7005105462834716,voting,0.4166666666666667,0,19,0,2.875,fists,False
75,23,D12 Male,12,M,8,0.43451865459586264,voting,0.41333333333333333,0,6,1,10.0,dehydration,False
76,0,D1 Female,1,F,5,0.46963159336084714,voting,0.45833333333333337,0,13,0,6.0,fists,False
76,1,D1 Male,1,M,5,0.5528470667603929,voting,0.45833333333333337,0,3,0,16.666666666666668,bow,False
76,2,D2 Female,2,F,11,0.7041900171069306,voting,0.7883333333333332,2,11,1,6.666666666666667,fists,False
76,3,D2 Male,2,M,11,0.8938111851730495,voting,0.8683333333333333,3,7,2,13.25,bow,False
76,4,D3 Female,3,F,2,0.3064099126413699,voting,0.08333333333333333,0,14,0,5.458333333333333,rock,False
76,5,D3 Male,3,M,4,0.44862922473081635,voting,0.24666666666666665,0,10,1,7.041666666666667,untreated wound,False
76,6,D4 Female,4,F,6,0.3441247511204695,voting,0.5,0,24,0,1.875,fists,False
76,7,D4 Male,4,M,7,0.7219835048989014,voting,0.5416666666666667,0,20,1,3.875,fists,False
76,8,D5 Female,5,F,6,0.591511758678571,voting,0.25,0,19,0,4.0,fists,False
76,9,D5 Male,5,M,3,0.33854887208773393,voting,0.125,0,23,0,2.2916666666666665,fists,False
76,10,D6 Female,6,F,6,0.6117509128178595,voting,0.25,0,8,1,9.625,fists,False
76,11,D6 Male,6,M,9,0.6037018898927948,voting,0.375,1,2,2,16.916666666666668,spear,False
76,12,D7 Female,7,F,4,0.5376688300971889,voting,0.16666666666666666,0,18,0,4.416666666666667,fists,False
76,13,D7 Male,7,M,6,0.4990019095121626,voting,0.25,1,22,0,2.5833333333333335,fists,False
76,14,D8 Female,8,F,6,0.4146702749448926,voting,0.25,2,6,1,14.458333333333334,arena hazard,False
76,15,D8 Male,8,M,5,0.6403839116278524,voting,0.20833333333333334,0,15,1,4.958333333333333,fists,False
76,16,D9 Female,9,F,10,0.8690932846059939,voting,0.4166666666666667,2,4,0,16.541666666666668,spear,False
76,17,D9 Male,9,M,8,0.5736518957998848,voting,0.41333333333333333,0,17,1,4.5,dehydration,False
76,18,D10 Female,10,F,9,0.6757838018683655,voting,0.375,1,16,1,4.958333333333333,spear,False
76,19,D10 Male,10,M,6,0.42449378699065454,voting,0.25,0,9,1,7.541666666666667,fists,False
76,20,D11 Female,11,F,6,0.36078562065675,voting,0.25,0,21,0,2.625,fists,False
76,21,D11 Male,11,M,10,0.8753219801191252,voting,0.6566666666666667,1,1,5,16.958333333333332,,True
76,22,D12 Female,12,F,4,0.24307587926540275,voting,0.16666666666666666,0,5,0,15.791666666666666,bow,False
76,23,D12 Male,12,M,3,0.5251845473314113,voting,0.20500000000000002,0,12,1,6.125,dehydration,False
77,0,D1 Female,1,F,8,0.6733589280115726,voting,0.5833333333333333,0,2,2,17.75,untreated wound,False
77,1,D1 Male,1,M,5,0.3483751096867824,voting,0.45833333333333337,0,16,0,4.666666666666667,fists,False
77,2,D2 Female,2,F,3,0.30829156623982457,voting,0.375,0,22,0,2.625,fists,False
77,3,D2 Male,2,M,12,0.95,voting,0.75,1,13,0,6.875,knife,False
77,4,D3 Female,3,F,8,0.5853612857014949,voting,0.3333333333333333,0,12,1,6.875,knife,False
77,5,D3 Male,3,M,4,0.32848527832079744,voting,0.24666666666666665,0,10,1,7.333333333333333,fists,False
77,6,D4 Female,4,F,2,0.3678832155442303,voting,0.41333333333333333,0,11,1,6.916666666666667,untreated wound,False
77,7,D4 Male,4,M,8,0.434365552528535,voting,0.5833333333333333,0,21,0,3.0,dehydration,False
77,8,D5 Female,5,F,4,0.2834660008992451,voting,0.16666666666666666,0,19,0,3.875,rock,False
77,9,D5 Male,5,M,3,0.22799584894200842,voting,0.125,0,15,0,4.75,fists,False
77,10,D6 Female,6,F,8,0.700091352686784,voting,0.3333333333333333,0,5,1,14.041666666666666,spear,False
77,11,D6 Male,6,M,6,0.6892529703440015,voting,0.25,0,23,0,2.4583333333333335,fists,False
77,12,D7 Female,7,F,4,0.27209922099112965,voting,0.16666666666666666,0,14,0,5.208333333333333,untreated wound,False
77,13,D7 Male,7,M,6,0.69952512309299,voting,0.33,1,18,1,4.0,fists,False
77,14,D8 Female,8,F,9,0.5670883403558666,voting,0.375,0,20,0,3.6666666666666665,fists,False
77,15,D8 Male,8,M,4,0.47253801895295844,voting,0.24666666666666665,0,17,1,4.375,untreated wound,False
77,16,D9 Female,9,F,10,0.8018930584834554,voting,0.4166666666666667,1,1,2,17.791666666666668,,True
77,17,D9 Male,9,M,4,0.3214627085345142,voting,0.16666666666666666,0,7,1,11.791666666666666,knife,False
77,18,D10 Female,10,F,7,0.3724493815528754,voting,0.2916666666666667,0,24,0,1.2083333333333333,fists,False
77,19,D10 Male,10,M,12,0.7537838334126866,voting,0.5,0,6,1,11.958333333333334,spear,False
77,20,D11 Female,11,F,11,0.9345941805721905,voting,0.5383333333333333,3,8,1,9.25,dehydration,False
77,21,D11 Male,11,M,6,0.6775250484866531,voting,0.33,1,4,2,14.125,spear,False
77,22,D12 Female,12,F,10,0.5255120334099328,voting,0.4966666666666667,1,3,1,16.541666666666668,bow,False
77,23,D12 Male,12,M,8,0.7942829801074373,voting,0.41333333333333333,0,9,1,8.875,fists,False
78,0,D1 Female,1,F,8,0.5919510749562966,voting,0.5833333333333333,0,22,0,3.0,dehydration,False
78,1,D1 Male,1,M,7,0.5299486369227422,voting,0.5416666666666667,1,19,0,3.5833333333333335,fists,False
78,2,D2 Female,2,F,1,0.35377168238623463,voting,0.45166666666666666,0,7,2,13.083333333333334,knife,False
78,3,D2 Male,2,M,10,0.5507463108607585,voting,0.6666666666666667,0,18,0,5.291666666666667,rock,False
78,4,D3 Female,3,F,8,0.47961866312286716,voting,0.3333333333333333,0,8,0,12.291666666666666,knife,False
78,5,D3 Male,3,M,5,0.4580106427978746,voting,0.28833333333333333,0,10,1,11.291666666666666,rock,False
78,6,D4 Female,4,F,1,0.10573666483534624,voting,0.2916666666666667,0,23,0,2.625,fists,False
78,7,D4 Male,4,M,8,0.5461435845833487,voting,0.5833333333333333,1,6,0,13.625,knife,False
78,8,D5 Female,5,F,4,0.2509422882382719,voting,0.16666666666666666,0,20,0,3.2083333333333335,fists,False
78,9,D5 Male,5,M,9,0.81060583743079,voting,0.455,1,17,1,5.916666666666667,fists,False
78,10,D6 Female,6,F,9,0.5976585418756862,voting,0.535,0,4,2,16.291666666666668,dehydration,False
78,11,D6 Male,6,M,9,0.6940646505250587,voting,0.535,0,5,2,15.666666666666666,rock,False
78,12,D7 Female,7,F,8,0.6162705033784996,voting,0.41333333333333333,0,11,1,11.0,knife,False
78,13,D7 Male,7,M,9,0.6525807669832079,voting,0.375,0,1,1,20.916666666666668,,True
78,14,D8 Female,8,F,9,0.5930882156874691,voting,0.375,0,12,0,9.041666666666666,knife,False
78,15,D8 Male,8,M,4,0.20159682222285052,voting,0.16666666666666666,1,15,0,6.291666666666667,fists,False
78,16,D9 Female,9,F,7,0.45230000711379414,voting,0.2916666666666667,0,16,0,6.041666666666667,fists,False
78,17,D9 Male,9,M,6,0.555584176823093,voting,0.33,0,13,1,8.125,spear,False
78,18,D10 Female,10,F,8,0.41865822022118815,voting,0.3333333333333333,0,24,0,2.0,fists,False
78,19,D10 Male,10,M,12,0.7074176950405784,voting,0.66,1,9,2,11.916666666666666,dehydration,False
78,20,D11 Female,11,F,3,0.3338834381883533,voting,0.125,0,14,0,7.541666666666667,fists,False
78,21,D11 Male,11,M,11,0.6574070945553867,voting,0.4583333333333333,0,21,0,3.0,dehydration,False
78,22,D12 Female,12,F,9,0.7642447992399102,voting,0.375,1,3,1,18.25,knife,False
78,23,D12 Male,12,M,10,0.7570101107053666,voting,0.6666666666666667,1,2,5,20.875,sword,False
79,0,D1 Female,1,F,5,0.38408587804120187,voting,0.45833333333333337,0,10,1,10.708333333333334,sword,False
79,1,D1 Male,1,M,5,0.49260176757311236,voting,0.45833333333333337,0,6,1,14.791666666666666,spear,False
79,2,D2 Female,2,F,7,0.3878046639767997,voting,0.5416666666666667,0,23,0,2.8333333333333335,rock,False
79,3,D2 Male,2,M,3,0.34714196129629366,voting,0.625,1,2,4,18.708333333333332,arena hazard,False
79,4,D3 Female,3,F,10,0.627151173937545,voting,0.4166666666666667,0,13,0,6.833333333333333,untreated wound,False
79,5,D3 Male,3,M,6,0.35766718318882157,voting,0.25,0,21,0,3.0833333333333335,rock,False
79,6,D4 Female,4,F,3,0.18361314133953757,voting,0.375,0,11,0,9.708333333333334,spear,False
79,7,D4 Male,4,M,4,0.2236197380416831,voting,0.41666666666666663,0,14,0,6.375,spear,False
79,8,D5 Female,5,F,3,0.24340922173151952,voting,0.125,0,4,1,17.916666666666668,sword,False
79,9,D5 Male,5,M,9,0.5414962499595724,voting,0.375,0,9,0,11.166666666666666,sword,False
79,10,D6 Female,6,F,3,0.48079620374144716,voting,0.20500000000000002,0,17,1,4.458333333333333,dehydration,False
79,11,D6 Male,6,M,9,0.7601970986682821,voting,0.455,0,12,1,9.041666666666666,spear,False
79,12,D7 Female,7,F,8,0.6629941518101997,voting,0.3333333333333333,0,22,0,2.9583333333333335,spear,False
79,13,D7 Male,7,M,5,0.47819294924363953,voting,0.20833333333333334,0,24,0,2.8333333333333335,fists,False
79,14,D8 Female,8,F,9,0.5213637386047701,voting,0.375,1,20,0,3.9583333333333335,spear,False
79,15,D8 Male,8,M,5,0.35372998225819063,voting,0.36833333333333335,0,5,2,17.583333333333332,dehydration,False
79,16,D9 Female,9,F,3,0.3606382860984174,voting,0.125,0,16,0,4.5,dehydration,False
79,17,D9 Male,9,M,8,0.435342604380807,voting,0.41333333333333333,1,3,2,17.916666666666668,bow,False
79,18,D10 Female,10,F,7,0.6093143092761705,voting,0.2916666666666667,0,19,0,4.291666666666667,fists,False
79,19,D10 Male,10,M,3,0.4182157921132359,voting,0.20500000000000002,1,8,1,12.166666666666666,fists,False
79,20,D11 Female,11,F,7,0.5741029396276766,voting,0.2916666666666667,0,7,0,14.666666666666666,fists,False
79,21,D11 Male,11,M,11,0.9329620491334566,voting,0.6983333333333333,2,1,3,18.75,,True
79,22,D12 Female,12,F,7,0.3688414036427832,voting,0.2916666666666667,0,15,0,4.875,untreated wound,False
79,23,D12 Male,12,M,1,0.19209268188517062,voting,0.041666666666666664,0,18,0,4.458333333333333,fists,False
80,0,D1 Female,1,F,8,0.47993475924881046,voting,0.6633333333333332,3,6,1,15.583333333333334,spear,False
80,1,D1 Male,1,M,4,0.5672605718193728,voting,0.41666666666666663,0,22,0,3.0,fists,False
80,2,D2 Female,2,F,9,0.7054539202737113,voting,0.785,0,1,3,21.083333333333332,,True
80,3,D2 Male,2,M,4,0.2610454130261711,voting,0.41666666666666663,0,14,0,6.666666666666667,fists,False
80,4,D3 Female,3,F,7,0.6234838696264026,voting,0.2916666666666667,0,23,0,2.2916666666666665,rock,False
80,5,D3 Male,3,M,5,0.36702992043562616,voting,0.28833333333333333,0,4,1,18.958333333333332,dehydration,False
80,6,D4 Female,4,F,5,0.30177547004929833,voting,0.45833333333333337,0,24,0,1.75,fists,False
80,7,D4 Male,4,M,7,0.4813511517856949,voting,0.5416666666666667,1,10,0,11.916666666666666,knife,False
80,8,D5 Female,5,F,5,0.46311699475966306,voting,0.20833333333333334,0,13,0,7.125,spear,False
80,9,D5 Male,5,M,4,0.5535186909247105,voting,0.16666666666666666,0,7,0,13.541666666666666,bow,False
80,10,D6 Female,6,F,9,0.5534178008318935,voting,0.615,0,5,3,17.125,bow,False
80,11,D6 Male,6,M,6,0.4433739885399661,voting,0.25,0,8,2,12.541666666666666,spear,False
80,12,D7 Female,7,F,5,0.554442400228285,voting,0.28833333333333333,0,15,1,6.208333333333333,untreated wound,False
80,13,D7 Male,7,M,4,0.41440005979254124,voting,0.16666666666666666,0,20,0,3.3333333333333335,rock,False
80,14,D8 Female,8,F,4,0.42083749401955617,voting,0.41666666666666663,2,9,4,12.375,knife,False
80,15,D8 Male,8,M,1,0.4332271977628702,voting,0.2916666666666667,0,2,4,21.041666666666668,knife,False
80,16,D9 Female,9,F,2,0.11477632302047089,voting,0.08333333333333333,1,19,0,3.7083333333333335,rock,False
80,17,D9 Male,9,M,7,0.5415601437561552,voting,0.2916666666666667,1,18,0,3.9583333333333335,rock,False
80,18,D10 Female,10,F,4,0.5262512862874394,voting,0.16666666666666666,0,3,0,19.208333333333332,bow,False
80,19,D10 Male,10,M,8,0.7458239234637081,voting,0.41333333333333333,0,17,1,4.0,fists,False
80,20,D11 Female,11,F,2,0.2734190515997708,voting,0.08333333333333333,0,16,0,4.458333333333333,fists,False
80,21,D11 Male,11,M,6,0.6581430855895085,voting,0.25,0,12,0,7.416666666666667,rock,False
80,22,D12 Female,12,F,7,0.42876719176301875,voting,0.2916666666666667,0,21,0,3.2916666666666665,rock,False
80,23,D12 Male,12,M,8,0.4318381126955064,voting,0.3333333333333333,0,11,1,11.125,spear,False
81,0,D1 Female,1,F,1,0.2393357239759403,voting,0.2916666666666667,0,15,0,5.958333333333333,fists,False
81,1,D1 Male,1,M,7,0.748451046138157,voting,0.6216666666666667,2,6,1,16.0,bow,False
81,2,D2 Female,2,F,5,0.6142750205048707,voting,0.45833333333333337,0,22,0,3.125,fists,False
81,3,D2 Male,2,M,6,0.6428762929134091,voting,0.5,0,21,0,3.5416666666666665,fists,False
81,4,D3 Female,3,F,4,0.4109902485286715,voting,0.16666666666666666,0,13,0,7.291666666666667,dehydration,False
81,5,D3 Male,3,M,4,0.5716975261921827,voting,0.16666666666666666,0,17,0,4.916666666666667,fists,False
81,6,D4 Female,4,F,4,0.3007784000312334,voting,0.49666666666666665,1,12,1,7.875,dehydration,False
81,7,D4 Male,4,M,4,0.25954934235844673,voting,0.41666666666666663,0,24,0,2.6666666666666665,fists,False
81,8,D5 Female,5,F,5,0.3443255890847561,voting,0.20833333333333334,1,9,0,10.333333333333334,bow,False
81,9,D5 Male,5,M,7,0.47458750611941924,voting,0.2916666666666667,0,8,1,10.958333333333334,sword,False
81,10,D6 Female,6,F,9,0.5733847791685374,voting,0.375,1,16,0,5.666666666666667,fists,False
81,11,D6 Male,6,M,5,0.2588390880151818,voting,0.20833333333333334,0,23,0,2.7083333333333335,fists,False
81,12,D7 Female,7,F,9,0.8246364285779324,voting,0.375,0,14,3,6.208333333333333,fists,False
81,13,D7 Male,7,M,7,0.5638383348142341,voting,0.2916666666666667,0,4,0,18.875,bow,False
81,14,D8 Female,8,F,8,0.6714088382616055,voting,0.5833333333333333,1,3,5,20.083333333333332,spear,False
81,15,D8 Male,8,M,4,0.5148434573405765,voting,0.16666666666666666,0,7,0,15.166666666666666,dehydration,False
81,16,D9 Female,9,F,9,0.5728234637269988,voting,0.535,2,1,3,20.666666666666668,,True
81,17,D9 Male,9,M,7,0.4033648755922429,voting,0.2916666666666667,0,20,0,4.125,fists,False
81,18,D10 Female,10,F,6,0.5408880064636616,voting,0.25,0,10,1,9.708333333333334,spear,False
81,19,D10 Male,10,M,9,0.7922028270409489,voting,0.375,0,5,0,16.083333333333332,bow,False
81,20,D11 Female,11,F,10,0.5981669139657823,voting,0.4166666666666667,1,18,0,4.791666666666667,dehydration,False
81,21,D11 Male,11,M,7,0.5906326335336163,voting,0.2916666666666667,0,2,2,20.625,sword,False
81,22,D12 Female,12,F,8,0.7721676822304226,voting,0.3333333333333333,0,19,0,4.5,dehydration,False
81,23,D12 Male,12,M,9,0.7944208614653296,voting,0.455,0,11,1,8.708333333333334,sword,False
82,0,D1 Female,1,F,2,0.2967958930654992,voting,0.3333333333333333,0,11,0,9.208333333333334,spear,False
82,1,D1 Male,1,M,6,0.652769398861188,voting,0.58,0,9,1,9.583333333333334,arena hazard,False
82,2,D2 Female,2,F,8,0.451536898950714,voting,0.6633333333333332,1,10,2,9.458333333333334,sword,False
82,3,D2 Male,2,M,5,0.648300086827778,voting,0.45833333333333337,0,17,0,4.416666666666667,spear,False
82,4,D3 Female,3,F,7,0.5804412872716214,voting,0.3716666666666667,0,5,2,14.833333333333334,dehydration,False
82,5,D3 Male,3,M,5,0.6061762023507437,voting,0.20833333333333334,0,19,0,3.5,spear,False
82,6,D4 Female,4,F,8,0.44989127850366617,voting,0.5833333333333333,0,22,0,3.0,dehydration,False
82,7,D4 Male,4,M,9,0.8475914330168521,voting,0.625,0,24,0,1.4166666666666667,fists,False
82,8,D5 Female,5,F,5,0.4233306273555071,voting,0.20833333333333334,0,14,0,6.333333333333333,spear,False
82,9,D5 Male,5,M,5,0.6343008905321046,voting,0.20833333333333334,0,8,2,10.5,sword,False
82,10,D6 Female,6,F,9,0.8491095748779245,voting,0.375,0,12,0,8.791666666666666,untreated wound,False
82,11,D6 Male,6,M,5,0.44145700686995154,voting,0.20833333333333334,0,15,0,5.458333333333333,untreated wound,False
82,12,D7 Female,7,F,6,0.5971299690237327,voting,0.33,1,21,1,3.0,dehydration,False
82,13,D7 Male,7,M,8,0.5183722375128339,voting,0.3333333333333333,0,3,1,19.333333333333332,sword,False
82,14,D8 Female,8,F,6,0.6843870590599594,voting,0.25,0,7,0,11.583333333333334,arena hazard,False
82,15,D8 Male,8,M,10,0.5519050720341826,voting,0.4966666666666667,2,1,2,19.416666666666668,,True
82,16,D9 Female,9,F,9,0.5409535523328411,voting,0.375,1,23,0,2.0,fists,False
82,17,D9 Male,9,M,9,0.6832930758298198,voting,0.375,0,2,1,19.375,sword,False
82,18,D10 Female,10,F,7,0.7069931960967372,voting,0.2916666666666667,0,18,0,3.5,fists,False
82,19,D10 Male,10,M,7,0.715205180534444,voting,0.45166666666666666,0,16,2,5.416666666666667,rock,False
82,20,D11 Female,11,F,4,0.5315413477122101,voting,0.24666666666666665,0,4,1,17.125,sword,False
82,21,D11 Male,11,M,7,0.528782601757702,voting,0.2916666666666667,0,6,0,14.25,knife,False
82,22,D12 Female,12,F,5,0.6083298401886541,voting,0.20833333333333334,0,20,0,3.0,dehydration,False
82,23,D12 Male,12,M,7,0.5060725319415179,voting,0.2916666666666667,1,13,0,8.083333333333334,rock,False
83,0,D1 Female,1,F,7,0.563688842573624,voting,0.5416666666666667,0,16,0,3.9583333333333335,fists,False
83,1,D1 Male,1,M,4,0.4623914012578575,voting,0.41666666666666663,1,3,0,16.041666666666668,bow,False
83,2,D2 Female,2,F,5,0.33098555623528175,voting,0.45833333333333337,0,23,0,1.875,fists,False
83,3,D2 Male,2,M,6,0.448756426094818,voting,0.5,0,24,0,1.7083333333333333,fists,False
83,4,D3 Female,3,F,12,0.95,voting,0.75,1,2,6,17.375,sword,False
83,5,D3 Male,3,M,11,0.7698002734875783,voting,0.4583333333333333,0,13,0,4.958333333333333,knife,False
83,6,D4 Female,4,F,7,0.4208558941751187,voting,0.6216666666666667,0,10,1,8.291666666666666,untreated wound,False
83,7,D4 Male,4,M,6,0.6084563573567215,voting,0.5,0,1,1,17.416666666666668,,True
83,8,D5 Female,5,F,9,0.7256420456654824,voting,0.455,0,8,1,10.208333333333334,dehydration,False
83,9,D5 Male,5,M,7,0.40740365706367726,voting,0.2916666666666667,0,20,0,3.0,dehydration,False
83,10,D6 Female,6,F,7,0.6238266240679069,voting,0.3716666666666667,0,12,1,7.166666666666667,bow,False
83,11,D6 Male,6,M,7,0.574300059721624,voting,0.2916666666666667,1,21,0,2.9583333333333335,fists,False
83,12,D7 Female,7,F,7,0.4165807558399291,voting,0.3716666666666667,0,6,1,10.5,dehydration,False
83,13,D7 Male,7,M,5,0.548991340477136,voting,0.20833333333333334,0,15,0,4.0,dehydration,False
83,14,D8 Female,8,F,6,0.6766376362575237,voting,0.25,0,4,3,15.416666666666666,bow,False
83,15,D8 Male,8,M,6,0.6250749562869722,voting,0.33,0,17,1,3.25,fists,False
83,16,D9 Female,9,F,8,0.5122298585744778,voting,0.3333333333333333,0,22,0,2.375,fists,False
83,17,D9 Male,9,M,2,0.22304001585416278,voting,0.08333333333333333,0,5,0,14.041666666666666,bow,False
83,18,D10 Female,10,F,5,0.6310087802892965,voting,0.20833333333333334,0,9,1,9.083333333333334,spear,False
83,19,D10 Male,10,M,4,0.5542195150957478,voting,0.16666666666666666,0,18,0,3.0416666666666665,fists,False
83,20,D11 Female,11,F,4,0.3363799458859784,voting,0.16666666666666666,0,19,0,3.0,dehydration,False
83,21,D11 Male,11,M,2,0.1745249408290246,voting,0.08333333333333333,0,11,0,8.208333333333334,fists,False
83,22,D12 Female,12,F,7,0.6462045671458674,voting,0.2916666666666667,0,14,1,4.375,fists,False
83,23,D12 Male,12,M,5,0.4589984827731175,voting,0.20833333333333334,0,7,0,10.375,knife,False
84,0,D1 Female,1,F,8,0.7921366123273945,voting,0.5833333333333333,0,3,2,18.208333333333332,bow,False
84,1,D1 Male,1,M,5,0.638382059896438,voting,0.45833333333333337,0,19,0,3.2916666666666665,fists,False
84,2,D2 Female,2,F,8,0.4100117022786812,voting,0.5833333333333333,0,14,0,5.75,spear,False
84,3,D2 Male,2,M,8,0.6883497396396803,voting,0.5833333333333333,0,2,0,19.208333333333332,dehydration,False
84,4,D3 Female,3,F,8,0.717265768223346,voting,0.4933333333333333,0,11,2,6.375,rock,False
84,5,D3 Male,3,M,12,0.8502973800992646,voting,0.5,0,15,0,5.333333333333333,rock,False
84,6,D4 Female,4,F,7,0.6923274419180958,voting,0.5416666666666667,1,21,0,3.0,dehydration,False
84,7,D4 Male,4,M,8,0.7679146509315982,voting,0.5833333333333333,0,20,0,3.0,dehydration,False
84,8,D5 Female,5,F,9,0.8487200897837687,voting,0.375,0,1,2,19.25,,True
84,9,D5 Male,5,M,11,0.8410574422544504,voting,0.6983333333333333,1,7,4,8.958333333333334,untreated wound,False
84,10,D6 Female,6,F,7,0.4365465718643888,voting,0.3716666666666667,1,9,1,7.666666666666667,fists,False
84,11,D6 Male,6,M,5,0.29696151232432244,voting,0.20833333333333334,0,4,1,15.916666666666666,spear,False
84,12,D7 Female,7,F,6,0.4137614833436998,voting,0.25,0,22,0,2.6666666666666665,fists,False
84,13,D7 Male,7,M,4,0.35647198275171926,voting,0.16666666666666666,0,24,0,1.4583333333333333,fists,False
84,14,D8 Female,8,F,8,0.6763040617876748,voting,0.3333333333333333,0,16,0,4.791666666666667,rock,False
84,15,D8 Male,8,M,6,0.33278757918430873,voting,0.25,0,18,0,3.9583333333333335,fists,False
84,16,D9 Female,9,F,6,0.3030166616268959,voting,0.33,1,6,1,11.625,dehydration,False
84,17,D9 Male,9,M,5,0.47543854006185327,voting,0.20833333333333334,0,13,1,6.208333333333333,knife,False
84,18,D10 Female,10,F,5,0.32761248003541443,voting,0.20833333333333334,0,17,0,4.458333333333333,fists,False
84,19,D10 Male,10,M,5,0.3477787020606823,voting,0.28833333333333333,0,8,1,8.208333333333334,rock,False
84,20,D11 Female,11,F,6,0.5928759294956955,voting,0.33,0,10,1,6.916666666666667,fists,False
84,21,D11 Male,11,M,7,0.4824751882177817,voting,0.3716666666666667,1,12,1,6.25,fists,False
84,22,D12 Female,12,F,3,0.41529317460061443,voting,0.125,0,23,0,2.6666666666666665,fists,False
84,23,D12 Male,12,M,10,0.6075641354639333,voting,0.4166666666666667,0,5,1,13.25,bow,False
85,0,D1 Female,1,F,8,0.579728322424917,voting,0.5833333333333333,0,23,0,2.4583333333333335,fists,False
85,1,D1 Male,1,M,7,0.5940766386444429,voting,0.5416666666666667,0,21,0,2.625,fists,False
85,2,D2 Female,2,F,9,0.8088516252788922,voting,0.865,0,1,4,17.416666666666668,,True
85,3,D2 Male,2,M,9,0.7370916100382152,voting,0.625,1,6,0,10.125,knife,False
85,4,D3 Female,3,F,6,0.6674608682249974,voting,0.33,0,12,1,5.083333333333333,fists,False
85,5,D3 Male,3,M,5,0.2550211359577079,voting,0.20833333333333334,0,13,0,5.0,knife,False
85,6,D4 Female,4,F,6,0.38184849409471633,voting,0.5,0,18,0,3.0,dehydration,False
85,7,D4 Male,4,M,5,0.436867178434137,voting,0.6183333333333334,0,3,2,16.958333333333332,bow,False
85,8,D5 Female,5,F,1,0.28878293541036787,voting,0.12166666666666667,0,5,1,11.583333333333334,spear,False
85,9,D5 Male,5,M,10,0.6939897711341456,voting,0.4166666666666667,0,9,0,7.791666666666667,knife,False
85,10,D6 Female,6,F,2,0.2876774459113762,voting,0.16333333333333333,0,8,1,9.666666666666666,untreated wound,False
85,11,D6 Male,6,M,9,0.4643779514726324,voting,0.375,0,24,0,1.5,fists,False
85,12,D7 Female,7,F,10,0.6211353072542551,voting,0.4166666666666667,0,11,0,5.458333333333333,fists,False
85,13,D7 Male,7,M,3,0.4066270204119744,voting,0.20500000000000002,0,10,1,7.0,knife,False
85,14,D8 Female,8,F,6,0.36976583283727293,voting,0.25,0,17,0,3.0,dehydration,False
85,15,D8 Male,8,M,5,0.2792197081981459,voting,0.28833333333333333,0,16,1,3.1666666666666665,fists,False
85,16,D9 Female,9,F,6,0.3996749359685122,voting,0.25,0,19,0,2.9583333333333335,rock,False
85,17,D9 Male,9,M,2,0.48029278914678947,voting,0.08333333333333333,0,22,0,2.625,fists,False
85,18,D10 Female,10,F,3,0.4817832972818389,voting,0.125,0,20,0,2.6666666666666665,fists,False
85,19,D10 Male,10,M,9,0.5448437367279082,voting,0.375,0,14,1,4.333333333333333,rock,False
85,20,D11 Female,11,F,10,0.6172660811398929,voting,0.4166666666666667,0,7,2,10.041666666666666,spear,False
85,21,D11 Male,11,M,8,0.6764423587192485,voting,0.5833333333333333,2,2,4,17.375,dehydration,False
85,22,D12 Female,12,F,6,0.6024191977953107,voting,0.25,0,15,0,3.4166666666666665,rock,False
85,23,D12 Male,12,M,9,0.6048947482846758,voting,0.455,1,4,1,15.583333333333334,spear,False
86,0,D1 Female,1,F,6,0.39882185488924377,voting,0.5,0,4,2,15.5,bow,False
86,1,D1 Male,1,M,9,0.7313356160987405,voting,0.705,1,12,2,7.458333333333333,sword,False
86,2,D2 Female,2,F,6,0.5279096070966403,voting,0.58,1,13,1,7.333333333333333,knife,False
86,3,D2 Male,2,M,4,0.2630391606530422,voting,0.49666666666666665,0,8,1,10.875,spear,False
86,4,D3 Female,3,F,7,0.5210766969243655,voting,0.2916666666666667,0,16,1,4.625,fists,False
86,5,D3 Male,3,M,12,0.6352821076700181,voting,0.5,0,6,1,13.125,bow,False
86,6,D4 Female,4,F,5,0.5926604307522332,voting,0.6183333333333334,0,5,2,14.291666666666666,arena hazard,False
86,7,D4 Male,4,M,5,0.4670044426698544,voting,0.6183333333333334,1,3,2,16.166666666666668,spear,False
86,8,D5 Female,5,F,4,0.2620482920593463,voting,0.16666666666666666,0,23,0,1.5416666666666667,fists,False
86,9,D5 Male,5,M,7,0.707681254653756,voting,0.2916666666666667,0,19,0,3.0,dehydration,False
86,10,D6 Female,6,F,5,0.29736669066935745,voting,0.20833333333333334,0,24,0,1.2916666666666667,fists,False
86,11,D6 Male,6,M,2,0.22918240734717016,voting,0.08333333333333333,0,20,0,2.875,fists,False
86,12,D7 Female,7,F,6,0.4680455561642288,voting,0.25,0,22,0,1.7916666666666667,fists,False
86,13,D7 Male,7,M,6,0.4594297388132126,voting,0.25,0,17,0,4.5,fists,False
86,14,D8 Female,8,F,4,0.5212425957214587,voting,0.24666666666666665,0,10,1,7.75,untreated wound,False
86,15,D8 Male,8,M,12,0.7002819646294811,voting,0.5,0,11,0,7.708333333333333,sword,False
86,16,D9 Female,9,F,7,0.6737425648219832,voting,0.2916666666666667,0,2,2,17.833333333333332,spear,False
86,17,D9 Male,9,M,4,0.2554072049338275,voting,0.16666666666666666,0,21,0,2.5833333333333335,fists,False
86,18,D10 Female,10,F,9,0.4859803657062865,voting,0.375,0,15,0,6.208333333333333,spear,False
86,19,D10 Male,10,M,6,0.6591604775778717,voting,0.25,0,7,0,11.125,arena hazard,False
86,20,D11 Female,11,F,4,0.5628628693130847,voting,0.16666666666666666,0,18,0,3.0,dehydration,False
86,21,D11 Male,11,M,6,0.4018165728043836,voting,0.25,0,14,0,6.333333333333333,spear,False
86,22,D12 Female,12,F,9,0.5223225921149158,voting,0.375,1,9,0,8.416666666666666,fists,False
86,23,D12 Male,12,M,8,0.7853324511315859,voting,0.41333333333333333,0,1,3,17.875,,True
87,0,D1 Female,1,F,8,0.4257186258068382,voting,0.5833333333333333,1,14,0,4.791666666666667,dehydration,False
87,1,D1 Male,1,M,10,0.8012495218573443,voting,0.7466666666666667,1,16,1,4.208333333333333,dehydration,False
87,2,D2 Female,2,F,11,0.7611931472540301,voting,0.7083333333333333,0,9,0,10.375,arena hazard,False
87,3,D2 Male,2,M,4,0.5782327950455171,voting,0.41666666666666663,0,15,0,4.5,dehydration,False
87,4,D3 Female,3,F,7,0.5683834642012437,voting,0.3716666666666667,0,10,1,8.833333333333334,dehydration,False
87,5,D3 Male,3,M,10,0.5116516508476191,voting,0.4166666666666667,0,24,0,2.4583333333333335,fists,False
87,6,D4 Female,4,F,4,0.5848637123699489,voting,0.41666666666666663,0,12,0,6.291666666666667,knife,False
87,7,D4 Male,4,M,5,0.29497759831654513,voting,0.45833333333333337,0,18,0,3.9166666666666665,fists,False
87,8,D5 Female,5,F,5,0.5093683156777484,voting,0.20833333333333334,0,17,0,4.041666666666667,dehydration,False
87,9,D5 Male,5,M,1,0.374835682794561,voting,0.041666666666666664,0,6,0,13.458333333333334,bow,False
87,10,D6 Female,6,F,5,0.3355883909025536,voting,0.20833333333333334,0,20,0,3.4166666666666665,fists,False
87,11,D6 Male,6,M,2,0.227079093998107,voting,0.16333333333333333,0,21,1,3.0416666666666665,fists,False
87,12,D7 Female,7,F,8,0.6400698036040982,voting,0.3333333333333333,0,19,0,3.5,untreated wound,False
87,13,D7 Male,7,M,6,0.422433081300689,voting,0.25,0,23,0,2.625,fists,False
87,14,D8 Female,8,F,11,0.890650044802425,voting,0.7083333333333333,3,1,5,18.083333333333332,,True
87,15,D8 Male,8,M,6,0.521924515043659,voting,0.25,0,8,1,10.458333333333334,bow,False
87,16,D9 Female,9,F,6,0.35721547351736593,voting,0.25,0,11,1,8.25,rock,False
87,17,D9 Male,9,M,5,0.2847144516954289,voting,0.20833333333333334,1,7,0,12.208333333333334,dehydration,False
87,18,D10 Female,10,F,3,0.21964998047843676,voting,0.20500000000000002,0,4,1,17.083333333333332,bow,False
87,19,D10 Male,10,M,5,0.5341559700336204,voting,0.28833333333333333,1,13,1,5.5,fists,False
87,20,D11 Female,11,F,3,0.22207874836450242,voting,0.125,0,22,0,2.6666666666666665,fists,False
87,21,D11 Male,11,M,2,0.34371034271012746,voting,0.16333333333333333,1,3,1,17.208333333333332,bow,False
87,22,D12 Female,12,F,5,0.46371732147374645,voting,0.28833333333333333,0,2,1,18.041666666666668,bow,False
87,23,D12 Male,12,M,3,0.3625610440950937,voting,0.20500000000000002,1,5,1,14.041666666666666,spear,False
88,0,D1 Female,1,F,4,0.5676706172198804,voting,0.41666666666666663,0,20,0,3.125,fists,False
88,1,D1 Male,1,M,6,0.5302033659770479,voting,0.5,0,16,0,6.083333333333333,knife,False
88,2,D2 Female,2,F,2,0.2387008399866869,voting,0.3333333333333333,1,10,0,10.625,sword,False
88,3,D2 Male,2,M,9,0.46593967396181135,voting,0.705,0,14,1,6.625,untreated wound,False
88,4,D3 Female,3,F,5,0.42492912158691937,voting,0.20833333333333334,0,21,0,3.0,dehydration,False
88,5,D3 Male,3,M,6,0.6822190149122667,voting,0.25,0,17,0,5.125,fists,False
88,6,D4 Female,4,F,4,0.5825225437013561,voting,0.5766666666666667,2,3,2,19.375,bow,False
88,7,D4 Male,4,M,12,0.9488548833319879,voting,0.91,0,2,2,20.708333333333332,bow,False
88,8,D5 Female,5,F,5,0.35514537275631486,voting,0.20833333333333334,0,8,0,11.583333333333334,rock,False
88,9,D5 Male,5,M,7,0.6264832962271968,voting,0.2916666666666667,0,1,4,20.75,,True
88,10,D6 Female,6,F,2,0.26219193598238166,voting,0.08333333333333333,0,23,0,2.0416666666666665,rock,False
88,11,D6 Male,6,M,7,0.6360675417616125,voting,0.2916666666666667,0,18,0,4.875,fists,False
88,12,D7 Female,7,F,6,0.6277454461327303,voting,0.25,0,9,0,10.625,knife,False
88,13,D7 Male,7,M,8,0.7911887533344717,voting,0.41333333333333333,1,13,1,9.083333333333334,spear,False
88,14,D8 Female,8,F,9,0.7386880385789703,voting,0.375,1,11,0,10.5,arena hazard,False
88,15,D8 Male,8,M,1,0.3900271502121073,voting,0.12166666666666667,1,12,1,10.083333333333334,spear,False
88,16,D9 Female,9,F,4,0.3948822648095037,voting,0.16666666666666666,0,24,0,1.7916666666666667,fists,False
88,17,D9 Male,9,M,1,0.07770412186773709,voting,0.041666666666666664,0,22,0,2.1666666666666665,fists,False
88,18,D10 Female,10,F,9,0.7300969554994858,voting,0.455,0,6,1,14.666666666666666,dehydration,False
88,19,D10 Male,10,M,7,0.7042033538029695,voting,0.2916666666666667,1,4,0,18.416666666666668,spear,False
88,20,D11 Female,11,F,8,0.4492128137635204,voting,0.41333333333333333,0,15,1,6.583333333333333,spear,False
88,21,D11 Male,11,M,10,0.5909132781198925,voting,0.4166666666666667,0,19,0,4.75,knife,False
88,22,D12 Female,12,F,5,0.3835830935583742,voting,0.36833333333333335,0,5,2,16.083333333333332,sword,False
88,23,D12 Male,12,M,7,0.36509076081036745,voting,0.5316666666666667,0,7,3,12.125,arena hazard,False
89,0,D1 Female,1,F,7,0.696349138657812,voting,0.5416666666666667,1,21,0,2.875,fists,False
89,1,D1 Male,1,M,9,0.5489057919687976,voting,0.625,0,23,0,1.7916666666666667,fists,False
89,2,D2 Female,2,F,5,0.4158699451319825,voting,0.45833333333333337,0,13,0,6.0,dehydration,False
89,3,D2 Male,2,M,7,0.5672833823532812,voting,0.5416666666666667,0,6,0,13.791666666666666,spear,False
89,4,D3 Female,3,F,5,0.5067131896524442,voting,0.45833333333333337,0,4,4,15.333333333333334,untreated wound,False
89,5,D3 Male,3,M,7,0.4392492375726024,voting,0.2916666666666667,0,14,0,6.0,spear,False
89,6,D4 Female,4,F,7,0.5803448579443004,voting,0.7816666666666667,1,2,4,18.958333333333332,sword,False
89,7,D4 Male,4,M,7,0.6737924711337308,voting,0.6216666666666667,0,20,1,2.9166666666666665,fists,False
89,8,D5 Female,5,F,5,0.5038811852278173,voting,0.20833333333333334,0,19,0,3.625,spear,False
89,9,D5 Male,5,M,10,0.8625474528713535,voting,0.4966666666666667,0,5,1,13.833333333333334,bow,False
89,10,D6 Female,6,F,5,0.625196140965438,voting,0.20833333333333334,0,11,0,7.666666666666667,spear,False
89,11,D6 Male,6,M,5,0.2893033216155699,voting,0.20833333333333334,0,15,0,5.875,fists,False
89,12,D7 Female,7,F,7,0.471497866265497,voting,0.2916666666666667,0,7,0,11.5,knife,False
89,13,D7 Male,7,M,5,0.2944886344464631,voting,0.28833333333333333,1,10,1,7.791666666666667,knife,False
89,14,D8 Female,8,F,6,0.5797921095583164,voting,0.41000000000000003,2,9,2,10.166666666666666,untreated wound,False
89,15,D8 Male,8,M,6,0.5272441710974354,voting,0.33,1,18,1,3.7916666666666665,fists,False
89,16,D9 Female,9,F,6,0.3457325451970553,voting,0.25,1,17,0,4.791666666666667,dehydration,False
89,17,D9 Male,9,M,6,0.6201353812732666,voting,0.33,1,8,1,10.666666666666666,bow,False
89,18,D10 Female,10,F,3,0.5205980064986303,voting,0.125,0,3,1,17.333333333333332,bow,False
89,19,D10 Male,10,M,5,0.47921337675565234,voting,0.20833333333333334,0,22,0,1.9166666666666667,fists,False
89,20,D11 Female,11,F,7,0.7119092298947001,voting,0.2916666666666667,0,12,1,6.166666666666667,fists,False
89,21,D11 Male,11,M,10,0.657209665280724,voting,0.4166666666666667,0,24,0,1.1666666666666667,fists,False
89,22,D12 Female,12,F,3,0.35356656283826826,voting,0.125,0,1,1,19.0,,True
89,23,D12 Male,12,M,7,0.5263600359290961,voting,0.3716666666666667,1,16,1,5.333333333333333,fists,False
90,0,D1 Female,1,F,6,0.41390373812135106,voting,0.5,0,22,0,2.625,fists,False
90,1,D1 Male,1,M,1,0.38953948969034163,voting,0.45166666666666666,0,9,2,8.208333333333334,untreated wound,False
90,2,D2 Female,2,F,4,0.4666623020782992,voting,0.41666666666666663,0,17,0,3.75,fists,False
90,3,D2 Male,2,M,7,0.5042679444964061,voting,0.5416666666666667,1,3,0,17.291666666666668,spear,False
90,4,D3 Female,3,F,7,0.662872217356634,voting,0.5416666666666667,0,7,4,12.25,dehydration,False
90,5,D3 Male,3,M,6,0.46403083579707916,voting,0.33,1,10,1,8.083333333333334,knife,False
90,6,D4 Female,4,F,10,0.7446885563861327,voting,0.7466666666666667,1,20,1,3.2916666666666665,fists,False
90,7,D4 Male,4,M,5,0.5139248101251437,voting,0.45833333333333337,0,14,0,6.0,dehydration,False
90,8,D5 Female,5,F,5,0.32435322880708456,voting,0.20833333333333334,0,15,0,5.958333333333333,sword,False
90,9,D5 Male,5,M,3,0.4874272811311139,voting,0.125,0,19,0,3.375,fists,False
90,10,D6 Female,6,F,7,0.6101228957172979,voting,0.2916666666666667,0,2,1,17.375,spear,False
90,11,D6 Male,6,M,8,0.7797861932672043,voting,0.3333333333333333,0,6,0,12.583333333333334,spear,False
90,12,D7 Female,7,F,5,0.3603160860184481,voting,0.20833333333333334,0,24,0,2.3333333333333335,fists,False
90,13,D7 Male,7,M,6,0.5180466721749334,voting,0.41000000000000003,2,5,2,14.208333333333334,dehydration,False
90,14,D8 Female,8,F,6,0.3038996174658736,voting,0.25,1,12,0,6.875,knife,False
90,15,D8 Male,8,M,2,0.39938698915792525,voting,0.08333333333333333,0,16,0,4.25,fists,False
90,16,D9 Female,9,F,12,0.7404072878964099,voting,0.5,2,4,0,16.708333333333332,spear,False
90,17,D9 Male,9,M,4,0.3941027599546738,voting,0.24666666666666665,1,8,1,8.416666666666666,sword,False
90,18,D10 Female,10,F,6,0.3139035719814336,voting,0.25,0,23,0,2.5416666666666665,fists,False
90,19,D10 Male,10,M,6,0.4961229790257542,voting,0.33,0,11,1,7.708333333333333,untreated wound,False
90,20,D11 Female,11,F,7,0.4083845475655466,voting,0.2916666666666667,0,18,0,3.5416666666666665,fists,False
90,21,D11 Male,11,M,9,0.8366489524414823,voting,0.535,1,1,4,17.416666666666668,,True
90,22,D12 Female,12,F,6,0.5680709252903766,voting,0.25,0,21,0,3.0,dehydration,False
90,23,D12 Male,12,M,5,0.44491824491269455,voting,0.20833333333333334,0,13,0,6.041666666666667,sword,False
91,0,D1 Female,1,F,10,0.559720783550413,voting,0.6666666666666667,0,8,0,9.083333333333334,untreated wound,False
91,1,D1 Male,1,M,8,0.6003873265819049,voting,0.6633333333333332,1,1,3,17.625,,True
91,2,D2 Female,2,F,7,0.6022096446782108,voting,0.5416666666666667,0,17,0,4.375,knife,False
91,3,D2 Male,2,M,3,0.4786502857415834,voting,0.375,0,13,0,6.208333333333333,fists,False
91,4,D3 Female,3,F,5,0.2848103663026233,voting,0.20833333333333334,0,14,0,5.958333333333333,fists,False
91,5,D3 Male,3,M,9,0.6002736897318913,voting,0.535,2,4,2,14.833333333333334,knife,False
91,6,D4 Female,4,F,3,0.16867641835041414,voting,0.535,1,5,2,14.125,knife,False
91,7,D4 Male,4,M,9,0.5564515789359578,voting,0.625,0,23,0,3.0,dehydration,False
91,8,D5 Female,5,F,3,0.47306722598332873,voting,0.125,0,18,0,4.125,knife,False
91,9,D5 Male,5,M,7,0.624453676673238,voting,0.3716666666666667,0,22,1,3.0,dehydration,False
91,10,D6 Female,6,F,7,0.5039296728308819,voting,0.2916666666666667,0,24,0,2.2083333333333335,fists,False
91,11,D6 Male,6,M,8,0.6413079771004672,voting,0.4933333333333333,0,11,2,8.458333333333334,knife,False
91,12,D7 Female,7,F,4,0.4991737604325194,voting,0.16666666666666666,0,21,0,3.2083333333333335,fists,False
91,13,D7 Male,7,M,8,0.6036505741740985,voting,0.3333333333333333,0,16,0,4.5,knife,False
91,14,D8 Female,8,F,7,0.4267046724743845,voting,0.2916666666666667,0,9,0,9.041666666666666,knife,False
91,15,D8 Male,8,M,4,0.45259041634727826,voting,0.16666666666666666,0,19,0,4.041666666666667,fists,False
91,16,D9 Female,9,F,8,0.44067504302666616,voting,0.5733333333333333,1,6,4,13.833333333333334,spear,False
91,17,D9 Male,9,M,6,0.48850890552018666,voting,0.25,0,20,0,3.5416666666666665,rock,False
91,18,D10 Female,10,F,7,0.4254352891996304,voting,0.2916666666666667,1,15,0,4.5,rock,False
91,19,D10 Male,10,M,8,0.6400467810888301,voting,0.3333333333333333,0,10,0,8.583333333333334,knife,False
91,20,D11 Female,11,F,6,0.5505801282010916,voting,0.25,0,3,0,17.291666666666668,sword,False
91,21,D11 Male,11,M,1,0.24395363325100186,voting,0.041666666666666664,0,7,0,12.041666666666666,knife,False
91,22,D12 Female,12,F,9,0.7710916284842135,voting,0.615,0,2,6,17.583333333333332,bow,False
91,23,D12 Male,12,M,2,0.2889532683626447,voting,0.08333333333333333,0,12,0,7.958333333333333,spear,False
92,0,D1 Female,1,F,9,0.6501289579975775,voting,0.785,1,8,2,9.583333333333334,rock,False
92,1,D1 Male,1,M,8,0.6281391439189068,voting,0.5833333333333333,0,6,3,11.625,untreated wound,False
92,2,D2 Female,2,F,4,0.29786103062968644,voting,0.41666666666666663,0,21,0,2.375,fists,False
92,3,D2 Male,2,M,10,0.5915130227821933,voting,0.6666666666666667,1,5,0,13.833333333333334,dehydration,False
92,4,D3 Female,3,F,6,0.35749794832012616,voting,0.25,0,24,0,1.7916666666666667,fists,False
92,5,D3 Male,3,M,7,0.36312877244926656,voting,0.2916666666666667,0,10,0,7.541666666666667,fists,False
92,6,D4 Female,4,F,7,0.4688494329719006,voting,0.5416666666666667,0,23,0,1.9166666666666667,fists,False
92,7,D4 Male,4,M,6,0.4771111647792984,voting,0.58,2,4,1,14.625,arena hazard,False
92,8,D5 Female,5,F,5,0.4967560142805384,voting,0.20833333333333334,0,15,1,5.416666666666667,rock,False
92,9,D5 Male,5,M,8,0.5294368706119443,voting,0.3333333333333333,1,19,0,3.2083333333333335,fists,False
92,10,D6 Female,6,F,5,0.3181890697093214,voting,0.20833333333333334,0,20,1,2.7083333333333335,fists,False
92,11,D6 Male,6,M,7,0.7026836668058167,voting,0.2916666666666667,1,9,0,9.375,spear,False
92,12,D7 Female,7,F,11,0.8510230984930269,voting,0.5383333333333333,0,11,2,6.208333333333333,fists,False
92,13,D7 Male,7,M,6,0.3384463160318085,voting,0.33,1,3,1,17.416666666666668,dehydration,False
92,14,D8 Female,8,F,9,0.6103785465106164,voting,0.375,0,17,1,4.75,fists,False
92,15,D8 Male,8,M,3,0.38335890291010083,voting,0.125,0,7,0,11.291666666666666,rock,False
92,16,D9 Female,9,F,9,0.532530518278811,voting,0.375,1,14,0,5.416666666666667,fists,False
92,17,D9 Male,9,M,9,0.48460552771426446,voting,0.375,0,22,0,2.0416666666666665,fists,False
92,18,D10 Female,10,F,8,0.6414664024468875,voting,0.3333333333333333,0,18,1,3.5833333333333335,fists,False
92,19,D10 Male,10,M,9,0.8303945061213329,voting,0.455,0,1,2,17.75,,True
92,20,D11 Female,11,F,7,0.6510638801183903,voting,0.45166666666666666,0,2,2,17.708333333333332,sword,False
92,21,D11 Male,11,M,4,0.327677697778868,voting,0.16666666666666666,1,16,0,4.791666666666667,dehydration,False
92,22,D12 Female,12,F,4,0.5655234279440522,voting,0.16666666666666666,0,13,0,5.833333333333333,fists,False
92,23,D12 Male,12,M,6,0.5075580978179,voting,0.33,0,12,1,6.166666666666667,knife,False
93,0,D1 Female,1,F,5,0.38715424165558343,voting,0.45833333333333337,0,20,0,3.0833333333333335,fists,False
93,1,D1 Male,1,M,6,0.6691549999950617,voting,0.5,0,6,1,11.708333333333334,bow,False
93,2,D2 Female,2,F,5,0.5569783646497488,voting,0.45833333333333337,0,17,1,3.7916666666666665,dehydration,False
93,3,D2 Male,2,M,7,0.545246364286814,voting,0.5416666666666667,0,24,0,1.875,fists,False
93,4,D3 Female,3,F,7,0.464600402278322,voting,0.2916666666666667,0,23,0,2.375,fists,False
93,5,D3 Male,3,M,6,0.5254796492146245,voting,0.25,1,21,0,2.75,fists,False
93,6,D4 Female,4,F,9,0.47909842983595696,voting,0.625,0,11,0,8.333333333333334,knife,False
93,7,D4 Male,4,M,10,0.5351742534200998,voting,0.6666666666666667,1,16,0,4.791666666666667,dehydration,False
93,8,D5 Female,5,F,7,0.599850363133285,voting,0.2916666666666667,0,14,1,5.416666666666667,fists,False
93,9,D5 Male,5,M,10,0.8492257621413538,voting,0.4966666666666667,0,12,3,7.583333333333333,bow,False
93,10,D6 Female,6,F,6,0.6261904795977773,voting,0.25,1,7,0,11.333333333333334,spear,False
93,11,D6 Male,6,M,5,0.6298065634917656,voting,0.20833333333333334,0,10,1,9.625,spear,False
93,12,D7 Female,7,F,9,0.5155349160737837,voting,0.455,1,5,1,11.708333333333334,spear,False
93,13,D7 Male,7,M,8,0.4017438089061331,voting,0.3333333333333333,0,1,3,16.458333333333332,,True
93,14,D8 Female,8,F,5,0.5067219098514189,voting,0.28833333333333333,0,13,1,6.958333333333333,knife,False
93,15,D8 Male,8,M,5,0.6356466024186513,voting,0.36833333333333335,0,4,2,13.583333333333334,dehydration,False
93,16,D9 Female,9,F,9,0.842325007443459,voting,0.615,1,3,3,14.375,dehydration,False
93,17,D9 Male,9,M,3,0.5241220068341821,voting,0.125,1,15,0,4.791666666666667,dehydration,False
93,18,D10 Female,10,F,8,0.6956961458755343,voting,0.3333333333333333,0,9,0,9.916666666666666,spear,False
93,19,D10 Male,10,M,6,0.333591746534289,voting,0.25,0,18,0,3.1666666666666665,fists,False
93,20,D11 Female,11,F,8,0.532672436088683,voting,0.3333333333333333,0,22,0,2.6666666666666665,fists,False
93,21,D11 Male,11,M,7,0.42754014635742765,voting,0.2916666666666667,0,2,0,16.416666666666668,bow,False
93,22,D12 Female,12,F,6,0.5596269946952688,voting,0.25,0,8,1,11.25,spear,False
93,23,D12 Male,12,M,8,0.5987500109752801,voting,0.3333333333333333,0,19,0,3.0833333333333335,fists,False
94,0,D1 Female,1,F,8,0.551136251771189,voting,0.8233333333333333,1,3,3,14.875,spear,False
94,1,D1 Male,1,M,9,0.714116759877178,voting,0.625,1,21,0,2.0833333333333335,fists,False
94,2,D2 Female,2,F,2,0.11303542672536139,voting,0.3333333333333333,0,12,0,6.25,arena hazard,False
94,3,D2 Male,2,M,10,0.7034460771891596,voting,0.6666666666666667,0,5,2,11.416666666666666,knife,False
94,4,D3 Female,3,F,7,0.6795303610057852,voting,0.2916666666666667,0,10,1,7.125,rock,False
94,5,D3 Male,3,M,3,0.19683121653794072,voting,0.125,0,15,0,4.5,spear,False
94,6,D4 Female,4,F,7,0.506001599409404,voting,0.5416666666666667,0,20,0,2.3333333333333335,fists,False
94,7,D4 Male,4,M,3,0.44946371888055325,voting,0.375,0,11,0,6.291666666666667,spear,False
94,8,D5 Female,5,F,5,0.2538838938758576,voting,0.20833333333333334,0,23,0,1.5416666666666667,fists,False
94,9,D5 Male,5,M,6,0.6587068186371197,voting,0.41000000000000003,0,7,2,9.708333333333334,rock,False
94,10,D6 Female,6,F,1,0.22632280680315792,voting,0.041666666666666664,0,19,0,2.4166666666666665,fists,False
94,11,D6 Male,6,M,6,0.5917109174087567,voting,0.25,0,16,1,3.375,fists,False
94,12,D7 Female,7,F,8,0.4894850972833312,voting,0.3333333333333333,1,6,0,10.75,dehydration,False
94,13,D7 Male,7,M,8,0.4281997378647498,voting,0.41333333333333333,1,17,1,3.25,fists,False
94,14,D8 Female,8,F,6,0.41553669587625186,voting,0.25,0,14,0,4.625,untreated wound,False
94,15,D8 Male,8,M,12,0.8101012362440794,voting,0.58,0,4,1,11.5,knife,False
94,16,D9 Female,9,F,3,0.5068368346404122,voting,0.20500000000000002,1,13,1,6.083333333333333,arena hazard,False
94,17,D9 Male,9,M,9,0.7679208274456225,voting,0.375,0,18,0,3.0416666666666665,fists,False
94,18,D10 Female,10,F,5,0.4742813201718117,voting,0.20833333333333334,0,8,0,7.5,spear,False
94,19,D10 Male,10,M,9,0.6135473210845649,voting,0.455,0,9,1,7.375,dehydration,False
94,20,D11 Female,11,F,7,0.5876803623256333,voting,0.2916666666666667,0,1,3,16.791666666666668,,True
94,21,D11 Male,11,M,3,0.366163896954923,voting,0.125,0,24,0,1.375,fists,False
94,22,D12 Female,12,F,6,0.697282187981416,voting,0.25,0,22,1,1.75,fists,False
94,23,D12 Male,12,M,5,0.5671223586825579,voting,0.20833333333333334,0,2,1,16.75,sword,False
95,0,D1 Female,1,F,7,0.7393740680482176,voting,0.7016666666666668,0,3,2,16.125,dehydration,False
95,1,D1 Male,1,M,7,0.44182548819647166,voting,0.5416666666666667,1,5,0,15.583333333333334,spear,False
95,2,D2 Female,2,F,2,0.1404819958498698,voting,0.3333333333333333,0,15,1,4.916666666666667,fists,False
95,3,D2 Male,2,M,10,0.7130753285560865,voting,0.7466666666666667,3,8,1,12.0,rock,False
95,4,D3 Female,3,F,2,0.23590051866589806,voting,0.08333333333333333,0,16,0,4.791666666666667,fists,False
95,5,D3 Male,3,M,4,0.5711573075318003,voting,0.16666666666666666,0,17,0,4.083333333333333,fists,False
95,6,D4 Female,4,F,6,0.6335865795779416,voting,0.5,0,11,0,7.916666666666667,fists,False
95,7,D4 Male,4,M,10,0.7795816223750045,voting,0.8266666666666668,1,7,2,12.583333333333334,untreated wound,False
95,8,D5 Female,5,F,5,0.5864436217529498,voting,0.20833333333333334,0,18,1,3.7083333333333335,fists,False
95,9,D5 Male,5,M,6,0.574278643201334,voting,0.25,0,21,0,2.5833333333333335,fists,False
95,10,D6 Female,6,F,8,0.4004616887541876,voting,0.41333333333333333,0,2,1,17.875,bow,False
95,11,D6 Male,6,M,6,0.46970145922423356,voting,0.49,3,1,4,17.916666666666668,,True
95,12,D7 Female,7,F,12,0.7806246991895884,voting,0.66,3,4,2,15.708333333333334,spear,False
95,13,D7 Male,7,M,4,0.4381484814927664,voting,0.16666666666666666,0,23,0,2.0833333333333335,fists,False
95,14,D8 Female,8,F,5,0.30148721128689726,voting,0.20833333333333334,0,20,0,2.8333333333333335,fists,False
95,15,D8 Male,8,M,6,0.5278389797786154,voting,0.25,0,22,0,2.4583333333333335,fists,False
95,16,D9 Female,9,F,7,0.5954100432382484,voting,0.45166666666666666,0,10,2,10.0,knife,False
95,17,D9 Male,9,M,7,0.6745475731518624,voting,0.2916666666666667,0,12,0,7.583333333333333,untreated wound,False
95,18,D10 Female,10,F,5,0.33329901075322316,voting,0.20833333333333334,0,9,0,11.375,dehydration,False
95,19,D10 Male,10,M,5,0.6130671070768514,voting,0.20833333333333334,0,14,0,6.166666666666667,knife,False
95,20,D11 Female,11,F,7,0.6971605159673515,voting,0.2916666666666667,0,19,0,3.375,fists,False
95,21,D11 Male,11,M,6,0.4121890832468067,voting,0.25,0,24,0,1.4166666666666667,fists,False
95,22,D12 Female,12,F,5,0.3291795921500689,voting,0.20833333333333334,1,6,1,12.833333333333334,knife,False
95,23,D12 Male,12,M,10,0.8291434453306823,voting,0.4966666666666667,1,13,1,7.166666666666667,dehydration,False
96,0,D1 Female,1,F,6,0.35650903061302286,voting,0.5,0,1,1,17.916666666666668,,True
96,1,D1 Male,1,M,3,0.5084813625136716,voting,0.455,0,15,1,4.5,dehydration,False
96,2,D2 Female,2,F,5,0.3303273293509847,voting,0.45833333333333337,1,9,0,9.916666666666666,knife,False
96,3,D2 Male,2,M,10,0.531500478132745,voting,0.7466666666666667,1,3,1,14.583333333333334,arena hazard,False
96,4,D3 Female,3,F,5,0.5232425481656096,voting,0.20833333333333334,0,22,0,3.0,dehydration,False
96,5,D3 Male,3,M,7,0.7162998870113643,voting,0.2916666666666667,1,8,0,11.0,dehydration,False
96,6,D4 Female,4,F,8,0.4378843524593545,voting,0.6633333333333332,1,11,1,5.791666666666667,untreated wound,False
96,7,D4 Male,4,M,1,0.1217450697261,voting,0.2916666666666667,0,21,0,3.0,dehydration,False
96,8,D5 Female,5,F,5,0.5052060092011741,voting,0.20833333333333334,0,20,0,3.0,dehydration,False
96,9,D5 Male,5,M,8,0.49128453113903436,voting,0.3333333333333333,0,10,0,8.0,dehydration,False
96,10,D6 Female,6,F,5,0.30621500054601286,voting,0.20833333333333334,0,7,0,11.25,dehydration,False
96,11,D6 Male,6,M,7,0.4569942095011562,voting,0.2916666666666667,0,5,0,12.791666666666666,fists,False
96,12,D7 Female,7,F,10,0.5641214055089977,voting,0.4166666666666667,0,19,0,3.0,dehydration,False
96,13,D7 Male,7,M,9,0.4558417297522158,voting,0.375,1,12,0,5.666666666666667,dehydration,False
96,14,D8 Female,8,F,11,0.9034360124541553,voting,0.4583333333333333,0,18,0,3.0,dehydration,False
96,15,D8 Male,8,M,3,0.4973906937981416,voting,0.125,1,14,0,4.791666666666667,dehydration,False
96,16,D9 Female,9,F,4,0.4546853569172896,voting,0.16666666666666666,0,24,0,1.5,fists,False
96,17,D9 Male,9,M,11,0.7271854633219652,voting,0.6183333333333333,2,4,2,13.5,dehydration,False
96,18,D10 Female,10,F,5,0.5290599445612381,voting,0.20833333333333334,0,6,1,11.875,bow,False
96,19,D10 Male,10,M,5,0.2528167292345425,voting,0.20833333333333334,0,13,0,5.0,fists,False
96,20,D11 Female,11,F,6,0.5599471043126273,voting,0.25,1,16,0,3.9583333333333335,fists,False
96,21,D11 Male,11,M,5,0.3444889902135753,voting,0.20833333333333334,0,23,0,1.75,fists,False
96,22,D12 Female,12,F,6,0.6698870277108335,voting,0.25,0,2,0,17.875,dehydration,False
96,23,D12 Male,12,M,5,0.4538713792155139,voting,0.28833333333333333,0,17,1,3.875,fists,False
97,0,D1 Female,1,F,7,0.5399528131257036,voting,0.5416666666666667,0,14,0,4.75,fists,False
97,1,D1 Male,1,M,9,0.5893269056895261,voting,0.625,0,6,0,11.25,spear,False
97,2,D2 Female,2,F,7,0.7094401326644566,voting,0.5416666666666667,0,8,1,11.083333333333334,rock,False
97,3,D2 Male,2,M,11,0.6468810885019105,voting,0.7083333333333333,1,13,0,4.791666666666667,dehydration,False
97,4,D3 Female,3,F,6,0.4650925136982299,voting,0.25,0,23,0,2.2083333333333335,fists,False
97,5,D3 Male,3,M,7,0.5380389598508452,voting,0.2916666666666667,0,24,0,2.125,fists,False
97,6,D4 Female,4,F,6,0.5364197341682084,voting,0.5,0,16,0,3.9166666666666665,rock,False
97,7,D4 Male,4,M,8,0.64956520325736,voting,0.5833333333333333,1,18,1,2.7916666666666665,untreated wound,False
97,8,D5 Female,5,F,5,0.6045043342036096,voting,0.28833333333333333,0,9,1,10.041666666666666,untreated wound,False
97,9,D5 Male,5,M,9,0.5464611679533008,voting,0.535,3,3,2,16.0,bow,False
97,10,D6 Female,6,F,6,0.3760738654203143,voting,0.25,0,21,0,2.375,fists,False
97,11,D6 Male,6,M,1,0.38646403903385446,voting,0.041666666666666664,0,22,0,2.2916666666666665,fists,False
97,12,D7 Female,7,F,3,0.22912095219036913,voting,0.125,0,15,0,4.25,fists,False
97,13,D7 Male,7,M,6,0.6497443892137107,voting,0.25,0,2,0,16.083333333333332,arena hazard,False
97,14,D8 Female,8,F,6,0.4494500812518476,voting,0.25,0,1,3,16.125,,True
97,15,D8 Male,8,M,5,0.31059416357011765,voting,0.20833333333333334,0,10,0,8.75,rock,False
97,16,D9 Female,9,F,8,0.5079402564300644,voting,0.3333333333333333,0,20,0,2.7083333333333335,fists,False
97,17,D9 Male,9,M,7,0.7330840871755651,voting,0.3716666666666667,0,12,1,5.125,dehydration,False
97,18,D10 Female,10,F,12,0.9348048532310541,voting,0.66,1,5,2,12.041666666666666,spear,False
97,19,D10 Male,10,M,3,0.3223219282911248,voting,0.125,0,19,0,2.7916666666666665,fists,False
97,20,D11 Female,11,F,8,0.4086979611930037,voting,0.3333333333333333,0,7,1,11.208333333333334,rock,False
97,21,D11 Male,11,M,7,0.6889186560743842,voting,0.3716666666666667,0,17,1,3.7083333333333335,dehydration,False
97,22,D12 Female,12,F,8,0.6672976349645481,voting,0.5733333333333333,0,4,3,14.291666666666666,dehydration,False
97,23,D12 Male,12,M,5,0.30247939346694225,voting,0.20833333333333334,0,11,0,6.416666666666667,knife,False
98,0,D1 Female,1,F,12,0.6817766537865959,voting,0.83,1,10,1,9.041666666666666,fists,False
98,1,D1 Male,1,M,12,0.8728822584891862,voting,0.83,1,17,1,4.791666666666667,fists,False
98,2,D2 Female,2,F,3,0.3335587716580617,voting,0.375,0,20,0,3.5416666666666665,fists,False
98,3,D2 Male,2,M,7,0.6837197032321551,voting,0.5416666666666667,0,19,0,3.625,fists,False
98,4,D3 Female,3,F,7,0.5340386151813915,voting,0.2916666666666667,0,13,0,7.125,knife,False
98,5,D3 Male,3,M,10,0.5205668055564237,voting,0.4966666666666667,1,12,1,7.333333333333333,rock,False
98,6,D4 Female,4,F,4,0.5207665427843474,voting,0.41666666666666663,0,24,0,1.5,fists,False
98,7,D4 Male,4,M,9,0.7726344473438718,voting,0.865,0,4,3,15.0,dehydration,False
98,8,D5 Female,5,F,7,0.5017907651656738,voting,0.3716666666666667,1,5,1,14.625,spear,False
98,9,D5 Male,5,M,6,0.4166760873736191,voting,0.25,0,21,0,2.375,fists,False
98,10,D6 Female,6,F,9,0.8482151435411274,voting,0.455,0,3,1,17.666666666666668,spear,False
98,11,D6 Male,6,M,3,0.5456888492664352,voting,0.125,0,8,1,11.5,rock,False
98,12,D7 Female,7,F,12,0.95,voting,0.75,3,2,5,18.625,arena hazard,False
98,13,D7 Male,7,M,7,0.6271696801248229,voting,0.2916666666666667,0,23,0,1.875,fists,False
98,14,D8 Female,8,F,4,0.22583411381053697,voting,0.16666666666666666,0,14,0,6.958333333333333,rock,False
98,15,D8 Male,8,M,8,0.7535289438588183,voting,0.3333333333333333,0,22,0,2.2083333333333335,fists,False
98,16,D9 Female,9,F,7,0.35758694287481446,voting,0.2916666666666667,0,15,0,5.25,fists,False
98,17,D9 Male,9,M,6,0.4534908345930282,voting,0.25,0,18,0,4.541666666666667,knife,False
98,18,D10 Female,10,F,10,0.6791114406659738,voting,0.4966666666666667,0,11,1,7.458333333333333,rock,False
98,19,D10 Male,10,M,6,0.6768948155625809,voting,0.41000000000000003,0,1,2,18.666666666666668,,True
98,20,D11 Female,11,F,7,0.49932263407243926,voting,0.2916666666666667,0,16,0,5.083333333333333,knife,False
98,21,D11 Male,11,M,6,0.5028183262338725,voting,0.25,1,7,0,12.208333333333334,dehydration,False
98,22,D12 Female,12,F,8,0.46531021819549123,voting,0.41333333333333333,0,6,1,13.041666666666666,spear,False
98,23,D12 Male,12,M,9,0.776868315492915,voting,0.535,0,9,2,11.458333333333334,knife,False
99,0,D1 Female,1,F,6,0.5804178069606203,voting,0.5,0,13,0,7.75,dehydration,False
99,1,D1 Male,1,M,4,0.29053676915489757,voting,0.41666666666666663,0,24,0,2.0,fists,False
99,2,D2 Female,2,F,6,0.6524108736089218,voting,0.58,1,7,1,14.416666666666666,untreated wound,False
99,3,D2 Male,2,M,8,0.45700497643196214,voting,0.6633333333333332,2,2,1,20.833333333333332,arena hazard,False
99,4,D3 Female,3,F,4,0.4679427589022205,voting,0.16666666666666666,0,16,0,6.25,fists,False
99,5,D3 Male,3,M,8,0.5283165140550017,voting,0.4933333333333333,1,9,2,12.791666666666666,bow,False
99,6,D4 Female,4,F,4,0.23631638847670244,voting,0.49666666666666665,0,6,1,15.541666666666666,sword,False
99,7,D4 Male,4,M,11,0.9117048244553098,voting,0.7083333333333333,0,1,3,20.875,,True
99,8,D5 Female,5,F,4,0.33792624724942155,voting,0.32666666666666666,0,5,2,16.708333333333332,knife,False
99,9,D5 Male,5,M,5,0.6145512631471597,voting,0.28833333333333333,1,3,2,19.75,spear,False
99,10,D6 Female,6,F,3,0.35384089950936226,voting,0.125,0,23,0,2.0416666666666665,fists,False
99,11,D6 Male,6,M,4,0.20041741566029078,voting,0.16666666666666666,0,8,0,13.75,fists,False
99,12,D7 Female,7,F,7,0.42436454931948286,voting,0.2916666666666667,0,19,0,4.041666666666667,knife,False
99,13,D7 Male,7,M,6,0.6370869661943419,voting,0.25,0,17,0,5.958333333333333,rock,False
99,14,D8 Female,8,F,6,0.5835159017594027,voting,0.25,0,14,0,7.458333333333333,knife,False
99,15,D8 Male,8,M,11,0.5617517071740847,voting,0.4583333333333333,0,10,0,11.5,dehydration,False
99,16,D9 Female,9,F,12,0.94372719227708,voting,0.66,0,11,3,9.208333333333334,spear,False
99,17,D9 Male,9,M,9,0.5594894733466413,voting,0.375,0,18,0,4.375,dehydration,False
99,18,D10 Female,10,F,7,0.4686108643936545,voting,0.2916666666666667,0,4,1,19.333333333333332,spear,False
99,19,D10 Male,10,M,3,0.28851502237647964,voting,0.20500000000000002,1,12,1,8.208333333333334,fists,False
99,20,D11 Female,11,F,8,0.6949673039176011,voting,0.3333333333333333,0,15,0,6.583333333333333,spear,False
99,21,D11 Male,11,M,8,0.5068737773975542,voting,0.3333333333333333,0,20,1,3.5,fists,False
99,22,D12 Female,12,F,1,0.07917992438860466,voting,0.041666666666666664,0,22,0,2.5833333333333335,fists,False
99,23,D12 Male,12,M,2,0.39566203422675994,voting,0.08333333333333333,0,21,0,3.4583333333333335,fists,False
100,0,D1 Female,1,F,9,0.6150139639538178,voting,0.705,2,9,1,9.25,knife,False
100,1,D1 Male,1,M,11,0.6459380013941838,voting,0.7083333333333333,0,19,0,3.0,dehydration,False
100,2,D2 Female,2,F,6,0.4259503415749394,voting,0.5,0,13,1,6.666666666666667,fists,False
100,3,D2 Male,2,M,6,0.5923493850329314,voting,0.5,0,20,0,2.7916666666666665,fists,False
100,4,D3 Female,3,F,5,0.2563108309541843,voting,0.20833333333333334,0,17,0,3.875,fists,False
100,5,D3 Male,3,M,5,0.25031145931203286,voting,0.20833333333333334,0,16,0,4.583333333333333,fists,False
100,6,D4 Female,4,F,3,0.3431319973759588,voting,0.535,3,5,2,14.375,knife,False
100,7,D4 Male,4,M,7,0.5795484837745346,voting,0.5416666666666667,0,21,0,2.7083333333333335,fists,False
100,8,D5 Female,5,F,8,0.7675765555433562,voting,0.3333333333333333,0,1,2,17.416666666666668,,True
100,9,D5 Male,5,M,4,0.4356460139880211,voting,0.16666666666666666,0,4,2,15.541666666666666,arena hazard,False
100,10,D6 Female,6,F,10,0.5739329610492289,voting,0.4966666666666667,1,2,1,17.375,knife,False
100,11,D6 Male,6,M,8,0.4430652834888977,voting,0.4933333333333333,0,14,2,6.25,untreated wound,False
100,12,D7 Female,7,F,8,0.529261293290296,voting,0.3333333333333333,0,12,0,6.875,knife,False
100,13,D7 Male,7,M,2,0.38570500746874126,voting,0.08333333333333333,0,10,0,8.958333333333334,spear,False
100,14,D8 Female,8,F,8,0.6555694559352505,voting,0.3333333333333333,1,15,0,4.958333333333333,rock,False
100,15,D8 Male,8,M,5,0.4196217839289907,voting,0.20833333333333334,0,23,0,2.625,fists,False
100,16,D9 Female,9,F,7,0.48566258209983193,voting,0.3716666666666667,0,7,1,11.25,rock,False
100,17,D9 Male,9,M,6,0.6119219485425202,voting,0.33,1,11,1,8.583333333333334,dehydration,False
100,18,D10 Female,10,F,6,0.6809409822461121,voting,0.33,2,8,1,10.541666666666666,arena hazard,False
100,19,D10 Male,10,M,9,0.5834314611149977,voting,0.375,0,22,0,2.6666666666666665,fists,False
100,20,D11 Female,11,F,8,0.6947242364137873,voting,0.3333333333333333,0,18,0,3.8333333333333335,rock,False
100,21,D11 Male,11,M,11,0.7084809329955578,voting,0.6983333333333333,0,3,3,15.666666666666666,untreated wound,False
100,22,D12 Female,12,F,6,0.30705543491074877,voting,0.25,0,6,0,13.958333333333334,spear,False
100,23,D12 Male,12,M,7,0.35038318815368785,voting,0.2916666666666667,0,24,0,1.1666666666666667,fists,False
101,0,D1 Female,1,F,6,0.33038176785314055,voting,0.5,0,23,0,1.625,fists,False
101,1,D1 Male,1,M,5,0.648769398263657,voting,0.45833333333333337,0,21,0,3.25,rock,False
101,2,D2 Female,2,F,4,0.3115880964498601,voting,0.41666666666666663,0,16,1,5.583333333333333,rock,False
101,3,D2 Male,2,M,4,0.5682961571678179,voting,0.41666666666666663,0,17,0,5.208333333333333,knife,False
101,4,D3 Female,3,F,4,0.30129778892204395,voting,0.16666666666666666,0,24,0,1.5833333333333333,fists,False
101,5,D3 Male,3,M,9,0.5653121146165682,voting,0.375,0,11,0,7.0,rock,False
101,6,D4 Female,4,F,7,0.6588424855345172,voting,0.6216666666666667,0,15,1,5.75,fists,False
101,7,D4 Male,4,M,7,0.46790787512171117,voting,0.5416666666666667,0,10,0,7.583333333333333,spear,False
101,8,D5 Female,5,F,9,0.6814100119215961,voting,0.455,1,8,1,11.125,knife,False
101,9,D5 Male,5,M,7,0.6140367764238435,voting,0.2916666666666667,0,5,2,16.125,knife,False
101,10,D6 Female,6,F,9,0.8414843809191186,voting,0.455,0,4,1,17.458333333333332,arena hazard,False
101,11,D6 Male,6,M,8,0.5850827059818652,voting,0.5733333333333333,1,1,3,19.208333333333332,,True
101,12,D7 Female,7,F,8,0.5264125062480852,voting,0.3333333333333333,1,6,0,14.083333333333334,arena hazard,False
101,13,D7 Male,7,M,6,0.44558363608363927,voting,0.25,0,20,0,4.166666666666667,fists,False
101,14,D8 Female,8,F,7,0.7357517635918678,voting,0.45166666666666666,1,7,2,13.125,spear,False
101,15,D8 Male,8,M,3,0.42005950927115,voting,0.28500000000000003,1,2,2,19.166666666666668,dehydration,False
101,16,D9 Female,9,F,6,0.6196524397467171,voting,0.25,0,12,1,6.958333333333333,rock,False
101,17,D9 Male,9,M,3,0.4016897268046996,voting,0.125,0,18,0,4.875,fists,False
101,18,D10 Female,10,F,7,0.5993072338415903,voting,0.2916666666666667,0,9,0,8.125,knife,False
101,19,D10 Male,10,M,7,0.6695949649051596,voting,0.2916666666666667,0,13,1,6.75,spear,False
101,20,D11 Female,11,F,2,0.49606639782063444,voting,0.08333333333333333,0,19,0,4.375,dehydration,False
101,21,D11 Male,11,M,9,0.7960497418357977,voting,0.535,0,3,2,18.708333333333332,dehydration,False
101,22,D12 Female,12,F,9,0.4700165321194602,voting,0.375,0,22,0,2.0416666666666665,fists,False
101,23,D12 Male,12,M,6,0.32682784390181324,voting,0.25,0,14,1,6.5,fists,False
102,0,D1 Female,1,F,8,0.5001416953697276,voting,0.5833333333333333,0,17,0,4.791666666666667,rock,False
102,1,D1 Male,1,M,5,0.2705611197600105,voting,0.5383333333333333,1,6,1,12.875,bow,False
102,2,D2 Female,2,F,4,0.2023451089496459,voting,0.41666666666666663,0,11,0,9.166666666666666,knife,False
102,3,D2 Male,2,M,8,0.4454963174637446,voting,0.6633333333333332,1,4,2,13.25,bow,False
102,4,D3 Female,3,F,8,0.5296297497556319,voting,0.3333333333333333,1,3,0,13.75,bow,False
102,5,D3 Male,3,M,4,0.4533149939971052,voting,0.16666666666666666,0,20,1,3.4166666666666665,untreated wound,False
102,6,D4 Female,4,F,5,0.31827595537014236,voting,0.45833333333333337,0,8,1,11.375,spear,False
102,7,D4 Male,4,M,5,0.37293340453047186,voting,0.45833333333333337,0,19,0,3.5416666666666665,fists,False
102,8,D5 Female,5,F,3,0.4208660343432111,voting,0.125,0,9,1,9.833333333333334,dehydration,False
102,9,D5 Male,5,M,10,0.6912995742825572,voting,0.4166666666666667,1,1,1,16.333333333333332,,True
102,10,D6 Female,6,F,6,0.4457830139561802,voting,0.33,2,10,1,9.25,rock,False
102,11,D6 Male,6,M,7,0.6070477287733649,voting,0.2916666666666667,0,14,0,5.333333333333333,fists,False
102,12,D7 Female,7,F,8,0.4654616533882452,voting,0.3333333333333333,0,24,0,2.4166666666666665,fists,False
102,13,D7 Male,7,M,9,0.5442877313760053,voting,0.375,0,23,0,3.0,dehydration,False
102,14,D8 Female,8,F,7,0.3795555296533981,voting,0.2916666666666667,0,22,0,3.0,dehydration,False
102,15,D8 Male,8,M,5,0.5286872510202454,voting,0.20833333333333334,0,18,1,3.7083333333333335,rock,False
102,16,D9 Female,9,F,8,0.7463746777665858,voting,0.41333333333333333,0,12,1,8.75,dehydration,False
102,17,D9 Male,9,M,9,0.7540136287974906,voting,0.455,1,5,1,13.125,untreated wound,False
102,18,D10 Female,10,F,7,0.6709470914073181,voting,0.2916666666666667,1,16,0,4.791666666666667,dehydration,False
102,19,D10 Male,10,M,11,0.5999438213820396,voting,0.4583333333333333,0,21,0,3.375,fists,False
102,20,D11 Female,11,F,3,0.5294087543213669,voting,0.365,0,2,3,16.291666666666668,sword,False
102,21,D11 Male,11,M,8,0.7169196991412963,voting,0.3333333333333333,0,15,0,4.875,rock,False
102,22,D12 Female,12,F,6,0.4771650943806029,voting,0.25,0,7,1,11.541666666666666,untreated wound,False
102,23,D12 Male,12,M,6,0.5123008053100161,voting,0.25,0,13,0,6.958333333333333,knife,False
103,0,D1 Female,1,F,4,0.5184140734440948,voting,0.49666666666666665,1,15,1,5.666666666666667,fists,False
103,1,D1 Male,1,M,10,0.8058237664324518,voting,0.6666666666666667,1,20,0,3.2083333333333335,fists,False
103,2,D2 Female,2,F,6,0.5317457678519623,voting,0.5,0,24,0,1.375,fists,False
103,3,D2 Male,2,M,9,0.7503272395070315,voting,0.625,1,2,2,18.791666666666668,bow,False
103,4,D3 Female,3,F,7,0.59822070934752,voting,0.2916666666666667,0,11,1,8.708333333333334,knife,False
103,5,D3 Male,3,M,3,0.16532007778372443,voting,0.125,0,21,0,3.0416666666666665,fists,False
103,6,D4 Female,4,F,5,0.3738614898743935,voting,0.45833333333333337,0,1,1,18.833333333333332,,True
103,7,D4 Male,4,M,8,0.685733093183816,voting,0.6633333333333332,1,8,1,10.708333333333334,dehydration,False
103,8,D5 Female,5,F,4,0.22402185903025135,voting,0.32666666666666666,1,9,2,10.333333333333334,dehydration,False
103,9,D5 Male,5,M,5,0.4944774279730003,voting,0.20833333333333334,0,3,0,17.166666666666668,dehydration,False
103,10,D6 Female,6,F,9,0.45906836691888403,voting,0.375,0,13,1,5.833333333333333,fists,False
103,11,D6 Male,6,M,7,0.7432312304658337,voting,0.3716666666666667,0,18,1,4.5,dehydration,False
103,12,D7 Female,7,F,6,0.4924187295539236,voting,0.33,0,14,1,5.708333333333333,knife,False
103,13,D7 Male,7,M,6,0.5151323615228587,voting,0.25,0,19,0,3.5,fists,False
103,14,D8 Female,8,F,9,0.7140072952617846,voting,0.375,0,23,0,1.7083333333333333,fists,False
103,15,D8 Male,8,M,8,0.6565174566182403,voting,0.41333333333333333,0,5,1,12.25,arena hazard,False
103,16,D9 Female,9,F,9,0.5255184930232775,voting,0.375,0,22,0,1.7916666666666667,fists,False
103,17,D9 Male,9,M,7,0.5939837432520284,voting,0.2916666666666667,0,12,0,6.666666666666667,fists,False
103,18,D10 Female,10,F,6,0.4236456587198697,voting,0.25,1,16,0,5.041666666666667,fists,False
103,19,D10 Male,10,M,10,0.8894512809644922,voting,0.4166666666666667,0,7,2,10.75,spear,False
103,20,D11 Female,11,F,11,0.9453195785511278,voting,0.4583333333333333,1,10,0,9.708333333333334,spear,False
103,21,D11 Male,11,M,5,0.46361174625607215,voting,0.28833333333333333,2,6,1,11.541666666666666,untreated wound,False
103,22,D12 Female,12,F,3,0.4543639229180416,voting,0.125,0,4,0,14.791666666666666,dehydration,False
103,23,D12 Male,12,M,2,0.3874099039486043,voting,0.08333333333333333,0,17,0,4.5,dehydration,False
104,0,D1 Female,1,F,8,0.753309151979833,voting,0.5833333333333333,0,21,0,3.0,dehydration,False
104,1,D1 Male,1,M,5,0.27002310739093616,voting,0.45833333333333337,0,13,0,7.083333333333333,knife,False
104,2,D2 Female,2,F,3,0.17257895312043253,voting,0.455,0,2,1,19.208333333333332,bow,False
104,3,D2 Male,2,M,7,0.6860306608186995,voting,0.5416666666666667,0,19,0,4.125,fists,False
104,4,D3 Female,3,F,6,0.5438834221484782,voting,0.25,0,16,0,5.458333333333333,knife,False
104,5,D3 Male,3,M,9,0.7548635049185237,voting,0.375,0,12,1,7.541666666666667,knife,False
104,6,D4 Female,4,F,6,0.3343202870073808,voting,0.5,0,23,0,2.6666666666666665,knife,False
104,7,D4 Male,4,M,8,0.6790499429481853,voting,0.6633333333333332,1,14,1,6.375,spear,False
104,8,D5 Female,5,F,4,0.5726512853497778,voting,0.16666666666666666,0,22,0,2.7916666666666665,fists,False
104,9,D5 Male,5,M,9,0.6375871773921165,voting,0.625,2,4,5,17.25,arena hazard,False
104,10,D6 Female,6,F,5,0.25251686341681323,voting,0.36833333333333335,3,5,2,16.0,bow,False
104,11,D6 Male,6,M,9,0.7710589487697663,voting,0.375,2,11,0,7.583333333333333,dehydration,False
104,12,D7 Female,7,F,5,0.4049046369730166,voting,0.20833333333333334,1,10,0,8.0,spear,False
104,13,D7 Male,7,M,6,0.33950781820302706,voting,0.25,0,20,0,3.6666666666666665,knife,False
104,14,D8 Female,8,F,3,0.2647448604553718,voting,0.125,0,18,0,5.0,rock,False
104,15,D8 Male,8,M,9,0.49474457724119325,voting,0.375,0,3,1,18.458333333333332,bow,False
104,16,D9 Female,9,F,8,0.4228287075806483,voting,0.41333333333333333,0,7,1,15.208333333333334,dehydration,False
104,17,D9 Male,9,M,6,0.6914982430067036,voting,0.25,0,15,0,5.708333333333333,knife,False
104,18,D10 Female,10,F,8,0.7118976043049482,voting,0.3333333333333333,0,24,0,2.0416666666666665,fists,False
104,19,D10 Male,10,M,8,0.598936222973478,voting,0.41333333333333333,0,8,1,13.75,dehydration,False
104,20,D11 Female,11,F,10,0.6700438566403011,voting,0.4166666666666667,1,9,0,9.708333333333334,spear,False
104,21,D11 Male,11,M,10,0.6975526602770002,voting,0.4966666666666667,0,17,1,5.458333333333333,fists,False
104,22,D12 Female,12,F,8,0.7533073279180472,voting,0.3333333333333333,0,6,0,15.583333333333334,dehydration,False
104,23,D12 Male,12,M,5,0.30821368195827326,voting,0.20833333333333334,0,1,3,19.25,,True
105,0,D1 Female,1,F,9,0.7880814832106164,voting,0.705,0,4,1,14.416666666666666,arena hazard,False
105,1,D1 Male,1,M,7,0.3906574460757044,voting,0.5416666666666667,3,7,0,11.333333333333334,fists,False
105,2,D2 Female,2,F,2,0.3741723253435304,voting,0.3333333333333333,0,15,0,5.833333333333333,fists,False
105,3,D2 Male,2,M,4,0.36312308946723404,voting,0.41666666666666663,0,17,0,4.5,dehydration,False
105,4,D3 Female,3,F,8,0.5583611426727138,voting,0.3333333333333333,0,12,0,8.875,fists,False
105,5,D3 Male,3,M,7,0.643002471618489,voting,0.2916666666666667,0,18,0,3.4583333333333335,fists,False
105,6,D4 Female,4,F,8,0.5316078716981144,voting,0.7433333333333333,0,9,2,9.541666666666666,dehydration,False
105,7,D4 Male,4,M,7,0.651091685719431,voting,0.5416666666666667,0,16,0,5.625,untreated wound,False
105,8,D5 Female,5,F,10,0.849227497680693,voting,0.4966666666666667,1,3,2,14.666666666666666,spear,False
105,9,D5 Male,5,M,6,0.6256092730245864,voting,0.25,1,10,0,9.375,dehydration,False
105,10,D6 Female,6,F,5,0.5845369667637563,voting,0.20833333333333334,0,13,0,7.125,dehydration,False
105,11,D6 Male,6,M,8,0.7461060135923389,voting,0.4933333333333333,2,1,3,15.333333333333334,,True
105,12,D7 Female,7,F,9,0.815420216639901,voting,0.455,1,2,1,15.291666666666666,untreated wound,False
105,13,D7 Male,7,M,8,0.5198462450832867,voting,0.3333333333333333,0,22,0,2.3333333333333335,fists,False
105,14,D8 Female,8,F,11,0.7475337164107458,voting,0.5383333333333333,1,6,1,12.375,untreated wound,False
105,15,D8 Male,8,M,10,0.8480296521978854,voting,0.4166666666666667,1,11,0,9.25,fists,False
105,16,D9 Female,9,F,7,0.43899063283306045,voting,0.2916666666666667,0,19,0,3.375,arena hazard,False
105,17,D9 Male,9,M,6,0.5604285200612678,voting,0.25,0,21,1,2.375,fists,False
105,18,D10 Female,10,F,9,0.5061913501776297,voting,0.455,1,5,1,14.25,bow,False
105,19,D10 Male,10,M,8,0.6138511131605278,voting,0.3333333333333333,0,24,0,1.8333333333333333,fists,False
105,20,D11 Female,11,F,6,0.302382337735597,voting,0.25,0,23,0,2.0833333333333335,fists,False
105,21,D11 Male,11,M,8,0.6617170575557658,voting,0.3333333333333333,0,14,0,6.833333333333333,untreated wound,False
105,22,D12 Female,12,F,5,0.536124028455602,voting,0.20833333333333334,1,8,0,9.791666666666666,dehydration,False
105,23,D12 Male,12,M,4,0.49302223138542045,voting,0.16666666666666666,0,20,0,2.4583333333333335,fists,False
106,0,D1 Female,1,F,10,0.8563509237785812,voting,0.8266666666666668,2,2,2,20.25,bow,False
106,1,D1 Male,1,M,8,0.6212343296697875,voting,0.5833333333333333,0,24,0,1.5,fists,False
106,2,D2 Female,2,F,12,0.6316860983830389,voting,0.75,1,16,1,4.708333333333333,knife,False
106,3,D2 Male,2,M,8,0.7463140389466174,voting,0.8233333333333333,3,4,3,15.791666666666666,dehydration,False
106,4,D3 Female,3,F,6,0.3108109186953666,voting,0.25,1,13,0,5.333333333333333,fists,False
106,5,D3 Male,3,M,10,0.8966855108739721,voting,0.4166666666666667,0,6,1,11.833333333333334,knife,False
106,6,D4 Female,4,F,3,0.4956783379064885,voting,0.375,0,18,0,4.291666666666667,knife,False
106,7,D4 Male,4,M,5,0.3769459116244219,voting,0.45833333333333337,0,17,0,4.416666666666667,rock,False
106,8,D5 Female,5,F,9,0.6182338508168868,voting,0.375,1,7,0,10.25,knife,False
106,9,D5 Male,5,M,7,0.4791429960766771,voting,0.2916666666666667,0,19,0,4.0,fists,False
106,10,D6 Female,6,F,7,0.6743151301842225,voting,0.2916666666666667,0,8,1,9.791666666666666,knife,False
106,11,D6 Male,6,M,11,0.772344266665596,voting,0.4583333333333333,2,11,0,6.208333333333333,rock,False
106,12,D7 Female,7,F,6,0.49067842283532837,voting,0.25,0,5,0,13.583333333333334,arena hazard,False
106,13,D7 Male,7,M,8,0.6287742776599918,voting,0.41333333333333333,0,12,1,5.583333333333333,fists,False
106,14,D8 Female,8,F,10,0.7630251722825603,voting,0.4166666666666667,0,20,0,3.0,dehydration,False
106,15,D8 Male,8,M,6,0.6713017240800421,voting,0.41000000000000003,1,3,2,19.083333333333332,dehydration,False
106,16,D9 Female,9,F,7,0.5439642022499767,voting,0.2916666666666667,0,15,0,5.0,fists,False
106,17,D9 Male,9,M,9,0.7892915858995075,voting,0.615,1,1,4,20.291666666666668,,True
106,18,D10 Female,10,F,4,0.4836211524024868,voting,0.24666666666666665,0,10,1,7.166666666666667,untreated wound,False
106,19,D10 Male,10,M,6,0.3287982513279818,voting,0.25,0,21,0,3.0,fists,False
106,20,D11 Female,11,F,3,0.29292312924133457,voting,0.125,1,22,0,2.2916666666666665,fists,False
106,21,D11 Male,11,M,5,0.4161408760458567,voting,0.20833333333333334,0,14,1,5.291666666666667,knife,False
106,22,D12 Female,12,F,11,0.8311811861215584,voting,0.4583333333333333,1,9,1,7.791666666666667,rock,False
106,23,D12 Male,12,M,4,0.5501550537701543,voting,0.16666666666666666,0,23,0,2.0,fists,False
107,0,D1 Female,1,F,8,0.6735894194468068,voting,0.5833333333333333,1,8,1,12.416666666666666,rock,False
107,1,D1 Male,1,M,10,0.575484906924038,voting,0.6666666666666667,0,24,0,2.1666666666666665,fists,False
107,2,D2 Female,2,F,4,0.48395417327052737,voting,0.41666666666666663,0,19,1,4.875,fists,False
107,3,D2 Male,2,M,8,0.5436009694979461,voting,0.6633333333333332,0,5,1,14.916666666666666,bow,False
107,4,D3 Female,3,F,8,0.5056628910896751,voting,0.3333333333333333,0,15,1,5.458333333333333,fists,False
107,5,D3 Male,3,M,2,0.4438407179206727,voting,0.08333333333333333,1,12,0,7.0,fists,False
107,6,D4 Female,4,F,9,0.8146186988598154,voting,0.785,0,11,2,9.0,knife,False
107,7,D4 Male,4,M,12,0.6970806045261972,voting,0.75,2,4,3,18.458333333333332,bow,False
107,8,D5 Female,5,F,8,0.5200457002078362,voting,0.4933333333333333,0,13,2,6.291666666666667,untreated wound,False
107,9,D5 Male,5,M,5,0.5697947858365882,voting,0.20833333333333334,0,20,0,3.5416666666666665,fists,False
107,10,D6 Female,6,F,2,0.12014656419066876,voting,0.08333333333333333,0,14,0,6.125,untreated wound,False
107,11,D6 Male,6,M,4,0.3097605560051453,voting,0.16666666666666666,0,22,0,2.75,fists,False
107,12,D7 Female,7,F,5,0.5406419102453758,voting,0.20833333333333334,0,16,0,5.291666666666667,fists,False
107,13,D7 Male,7,M,6,0.3434670422901685,voting,0.25,0,6,0,13.083333333333334,spear,False
107,14,D8 Female,8,F,9,0.6333204385563064,voting,0.375,0,9,0,10.458333333333334,bow,False
107,15,D8 Male,8,M,7,0.40937110512502317,voting,0.2916666666666667,0,18,0,5.041666666666667,fists,False
107,16,D9 Female,9,F,6,0.5397356562725709,voting,0.41000000000000003,1,3,2,18.875,bow,False
107,17,D9 Male,9,M,5,0.46725799073881447,voting,0.20833333333333334,0,21,0,3.0,dehydration,False
107,18,D10 Female,10,F,7,0.6853297423908717,voting,0.2916666666666667,0,23,0,2.7083333333333335,fists,False
107,19,D10 Male,10,M,6,0.3620675322535143,voting,0.25,0,17,0,5.125,fists,False
107,20,D11 Female,11,F,10,0.704913314809577,voting,0.4166666666666667,0,10,0,9.625,dehydration,False
107,21,D11 Male,11,M,5,0.38507609312499735,voting,0.20833333333333334,1,2,0,20.416666666666668,bow,False
107,22,D12 Female,12,F,10,0.7837201254966044,voting,0.6666666666666667,1,1,5,20.458333333333332,,True
107,23,D12 Male,12,M,7,0.7405121198011233,voting,0.2916666666666667,0,7,1,12.458333333333334,spear,False
108,0,D1 Female,1,F,8,0.45503826796738656,voting,0.5833333333333333,0,1,2,14.916666666666666,,True
108,1,D1 Male,1,M,1,0.33976935081064685,voting,0.2916666666666667,1,6,0,11.875,spear,False
108,2,D2 Female,2,F,5,0.5907294315864388,voting,0.45833333333333337,0,24,0,1.3333333333333333,fists,False
108,3,D2 Male,2,M,5,0.5766505061627597,voting,0.45833333333333337,0,10,0,7.541666666666667,fists,False
108,4,D3 Female,3,F,8,0.44427728550356455,voting,0.3333333333333333,0,22,0,2.875,fists,False
108,5,D3 Male,3,M,5,0.47943571545517216,voting,0.20833333333333334,1,19,0,3.5416666666666665,fists,False
108,6,D4 Female,4,F,7,0.45211100891919687,voting,0.5416666666666667,0,9,0,8.625,untreated wound,False
108,7,D4 Male,4,M,6,0.6368606102354182,voting,0.5,0,18,0,3.875,knife,False
108,8,D5 Female,5,F,5,0.3676999795416607,voting,0.20833333333333334,0,4,2,14.083333333333334,knife,False
108,9,D5 Male,5,M,5,0.4941967418553326,voting,0.20833333333333334,0,12,0,6.75,fists,False
108,10,D6 Female,6,F,7,0.647828947214649,voting,0.2916666666666667,1,17,0,4.041666666666667,knife,False
108,11,D6 Male,6,M,3,0.17817701675904565,voting,0.125,0,23,0,2.375,fists,False
108,12,D7 Female,7,F,4,0.48806960673966593,voting,0.16666666666666666,0,13,1,4.625,fists,False
108,13,D7 Male,7,M,4,0.37336904726928455,voting,0.16666666666666666,0,2,3,14.875,bow,False
108,14,D8 Female,8,F,9,0.6369414433947518,voting,0.455,1,8,2,10.166666666666666,knife,False
108,15,D8 Male,8,M,10,0.7815686327273145,voting,0.4166666666666667,0,21,0,3.0,dehydration,False
108,16,D9 Female,9,F,3,0.3679675402366006,voting,0.125,0,16,1,4.333333333333333,knife,False
108,17,D9 Male,9,M,3,0.48556484327985017,voting,0.125,0,15,1,4.333333333333333,fists,False
108,18,D10 Female,10,F,2,0.3036192895884863,voting,0.08333333333333333,0,20,0,3.0,dehydration,False
108,19,D10 Male,10,M,6,0.6882508031518031,voting,0.33,0,3,3,14.083333333333334,spear,False
108,20,D11 Female,11,F,10,0.7416959686646758,voting,0.5766666666666667,0,5,2,11.958333333333334,knife,False
108,21,D11 Male,11,M,5,0.41462677230829625,voting,0.28833333333333333,1,11,1,7.083333333333333,fists,False
108,22,D12 Female,12,F,9,0.6217838394451443,voting,0.455,0,14,1,4.583333333333333,fists,False
108,23,D12 Male,12,M,8,0.42212149980392394,voting,0.3333333333333333,1,7,0,11.166666666666666,dehydration,False
109,0,D1 Female,1,F,7,0.5539683351394312,voting,0.5416666666666667,0,17,0,4.75,fists,False
109,1,D1 Male,1,M,7,0.5283918761159929,voting,0.5416666666666667,0,20,0,3.0416666666666665,fists,False
109,2,D2 Female,2,F,9,0.6598144708807108,voting,0.625,0,12,0,5.708333333333333,dehydration,False
109,3,D2 Male,2,M,8,0.5236854585777448,voting,0.5833333333333333,0,8,0,10.708333333333334,sword,False
109,4,D3 Female,3,F,8,0.5450185704760689,voting,0.41333333333333333,0,11,1,8.208333333333334,sword,False
109,5,D3 Male,3,M,10,0.7689936582711492,voting,0.4966666666666667,0,13,1,5.5,knife,False
109,6,D4 Female,4,F,4,0.3119907297117572,voting,0.41666666666666663,0,19,0,3.875,fists,False
109,7,D4 Male,4,M,5,0.5326864519164249,voting,0.45833333333333337,0,16,0,4.75,fists,False
109,8,D5 Female,5,F,9,0.7730604065832993,voting,0.455,1,5,1,11.583333333333334,dehydration,False
109,9,D5 Male,5,M,4,0.3407053236932456,voting,0.16666666666666666,0,3,1,15.916666666666666,untreated wound,False
109,10,D6 Female,6,F,3,0.37665958615699036,voting,0.125,0,7,0,10.791666666666666,knife,False
109,11,D6 Male,6,M,7,0.5467753200288188,voting,0.45166666666666666,0,6,2,11.541666666666666,dehydration,False
109,12,D7 Female,7,F,10,0.5144022493564815,voting,0.4166666666666667,0,23,0,3.0,dehydration,False
109,13,D7 Male,7,M,6,0.5801962061561522,voting,0.25,0,10,0,9.458333333333334,arena hazard,False
109,14,D8 Female,8,F,6,0.4661905327303921,voting,0.25,0,15,1,4.791666666666667,fists,False
109,15,D8 Male,8,M,6,0.3284032378105966,voting,0.25,1,9,0,10.583333333333334,dehydration,False
109,16,D9 Female,9,F,4,0.3356978025775669,voting,0.16666666666666666,0,18,0,4.5,dehydration,False
109,17,D9 Male,9,M,4,0.2505353417552432,voting,0.16666666666666666,0,1,1,18.291666666666668,,True
109,18,D10 Female,10,F,5,0.4174023211349958,voting,0.20833333333333334,0,22,0,3.0,dehydration,False
109,19,D10 Male,10,M,4,0.4148213772558566,voting,0.16666666666666666,0,24,0,2.1666666666666665,fists,False
109,20,D11 Female,11,F,4,0.5218869151371192,voting,0.16666666666666666,0,2,2,18.25,bow,False
109,21,D11 Male,11,M,9,0.8417635479313126,voting,0.455,1,4,1,12.333333333333334,spear,False
109,22,D12 Female,12,F,7,0.5023706155018117,voting,0.2916666666666667,0,21,0,3.0,dehydration,False
109,23,D12 Male,12,M,4,0.5560927124736229,voting,0.24666666666666665,0,14,1,5.458333333333333,dehydration,False
110,0,D1 Female,1,F,3,0.4056216091716961,voting,0.375,1,15,0,5.916666666666667,fists,False
110,1,D1 Male,1,M,5,0.3942907419952531,voting,0.5383333333333333,0,22,1,2.2916666666666665,fists,False
110,2,D2 Female,2,F,8,0.6420829007728146,voting,0.5833333333333333,0,1,2,18.583333333333332,,True
110,3,D2 Male,2,M,12,0.95,voting,0.75,1,2,5,18.541666666666668,bow,False
110,4,D3 Female,3,F,8,0.6679384594490333,voting,0.3333333333333333,0,19,0,3.0833333333333335,fists,False
110,5,D3 Male,3,M,7,0.3571783184948271,voting,0.2916666666666667,0,8,0,10.416666666666666,spear,False
110,6,D4 Female,4,F,5,0.555368330317934,voting,0.5383333333333333,0,13,1,6.208333333333333,fists,False
110,7,D4 Male,4,M,6,0.512048614712856,voting,0.58,0,12,1,6.416666666666667,fists,False
110,8,D5 Female,5,F,4,0.38275457179374894,voting,0.16666666666666666,0,23,0,2.0,fists,False
110,9,D5 Male,5,M,9,0.6574763449810622,voting,0.455,0,9,1,10.083333333333334,dehydration,False
110,10,D6 Female,6,F,1,0.07938374431815234,voting,0.041666666666666664,0,21,0,2.75,fists,False
110,11,D6 Male,6,M,4,0.45672742830640123,voting,0.32666666666666666,0,6,2,13.291666666666666,knife,False
110,12,D7 Female,7,F,5,0.39724296581305973,voting,0.20833333333333334,0,20,0,2.9166666666666665,fists,False
110,13,D7 Male,7,M,10,0.6750135074490646,voting,0.4966666666666667,0,18,1,3.5,untreated wound,False
110,14,D8 Female,8,F,5,0.3883321036286881,voting,0.20833333333333334,0,10,0,7.833333333333333,dehydration,False
110,15,D8 Male,8,M,6,0.638568159689163,voting,0.25,0,16,0,5.916666666666667,fists,False
110,16,D9 Female,9,F,6,0.3619562791709074,voting,0.25,0,24,0,1.9583333333333333,fists,False
110,17,D9 Male,9,M,11,0.9229928197929403,voting,0.5383333333333333,0,7,1,11.5,untreated wound,False
110,18,D10 Female,10,F,4,0.4398537433398519,voting,0.16666666666666666,0,17,0,3.5833333333333335,dehydration,False
110,19,D10 Male,10,M,7,0.41009715578187755,voting,0.2916666666666667,0,5,0,13.666666666666666,knife,False
110,20,D11 Female,11,F,7,0.40635118493373257,voting,0.2916666666666667,0,3,0,17.083333333333332,knife,False
110,21,D11 Male,11,M,2,0.3107940716362994,voting,0.16333333333333333,0,4,1,13.833333333333334,knife,False
110,22,D12 Female,12,F,9,0.8423090154893319,voting,0.375,0,14,0,6.0,dehydration,False
110,23,D12 Male,12,M,5,0.5646030316724759,voting,0.20833333333333334,0,11,0,7.208333333333333,dehydration,False
111,0,D1 Female,1,F,5,0.5904886646033292,voting,0.45833333333333337,1,23,0,2.0833333333333335,fists,False
111,1,D1 Male,1,M,8,0.5484019623952614,voting,0.7433333333333333,1,11,2,8.5,fists,False
111,2,D2 Female,2,F,5,0.6224821898735875,voting,0.6983333333333334,0,6,3,15.666666666666666,sword,False
111,3,D2 Male,2,M,5,0.3622484838721958,voting,0.5383333333333333,0,8,1,12.0,untreated wound,False
111,4,D3 Female,3,F,12,0.9406034739433371,voting,0.5,0,15,0,6.625,spear,False
111,5,D3 Male,3,M,6,0.5019729755343284,voting,0.25,0,20,0,3.0,dehydration,False
111,6,D4 Female,4,F,6,0.37796578901984884,voting,0.5,2,2,1,18.708333333333332,spear,False
111,7,D4 Male,4,M,7,0.515572859416042,voting,0.5416666666666667,0,12,1,7.75,fists,False
111,8,D5 Female,5,F,7,0.5479144680630734,voting,0.2916666666666667,0,24,0,1.4583333333333333,fists,False
111,9,D5 Male,5,M,6,0.30551344148183424,voting,0.25,0,21,0,2.4166666666666665,fists,False
111,10,D6 Female,6,F,7,0.45949440764414184,voting,0.2916666666666667,0,1,3,18.708333333333332,sword,False
111,11,D6 Male,6,M,6,0.3635454027100829,voting,0.41000000000000003,0,4,2,18.25,untreated wound,False
111,12,D7 Female,7,F,5,0.6479912453119249,voting,0.20833333333333334,0,17,0,5.166666666666667,fists,False
111,13,D7 Male,7,M,3,0.15050977671002164,voting,0.125,0,7,0,15.0,spear,False
111,14,D8 Female,8,F,6,0.48732578929337517,voting,0.25,1,14,0,7.125,rock,False
111,15,D8 Male,8,M,6,0.31429487453229116,voting,0.25,0,22,0,2.2083333333333335,fists,False
111,16,D9 Female,9,F,5,0.2973173853024015,voting,0.36833333333333335,1,5,2,16.875,dehydration,False
111,17,D9 Male,9,M,6,0.6505416961260375,voting,0.25,0,10,1,8.5,spear,False
111,18,D10 Female,10,F,11,0.666863535869256,voting,0.4583333333333333,0,3,1,18.625,spear,False
111,19,D10 Male,10,M,12,0.6100683404679998,voting,0.5,0,19,0,3.0,dehydration,False
111,20,D11 Female,11,F,1,0.20432545893199078,voting,0.041666666666666664,0,18,0,4.458333333333333,fists,False
111,21,D11 Male,11,M,6,0.39506239693818823,voting,0.25,0,13,0,7.208333333333333,rock,False
111,22,D12 Female,12,F,8,0.5663943185175746,voting,0.3333333333333333,0,16,0,5.875,fists,False
111,23,D12 Male,12,M,1,0.3113547331264493,voting,0.12166666666666667,0,9,1,9.625,untreated wound,False
112,0,D1 Female,1,F,5,0.5099530174694245,voting,0.45833333333333337,0,4,0,17.166666666666668,spear,False
112,1,D1 Male,1,M,9,0.809558756806835,voting,0.625,0,21,0,4.25,fists,False
112,2,D2 Female,2,F,9,0.8388120012285953,voting,0.785,1,6,2,13.541666666666666,arena hazard,False
112,3,D2 Male,2,M,8,0.46468608694599123,voting,0.5833333333333333,0,18,0,5.208333333333333,fists,False
112,4,D3 Female,3,F,7,0.5700768592707577,voting,0.2916666666666667,0,19,0,4.958333333333333,fists,False
112,5,D3 Male,3,M,6,0.5205226207682375,voting,0.25,1,9,0,12.25,bow,False
112,6,D4 Female,4,F,3,0.16488266422570583,voting,0.455,0,13,1,7.583333333333333,fists,False
112,7,D4 Male,4,M,1,0.40674189826576973,voting,0.2916666666666667,0,5,0,16.541666666666668,spear,False
112,8,D5 Female,5,F,1,0.29294956595204147,voting,0.041666666666666664,0,23,0,3.5,fists,False
112,9,D5 Male,5,M,9,0.5253266415007434,voting,0.455,0,12,1,10.583333333333334,untreated wound,False
112,10,D6 Female,6,F,8,0.7379488690599327,voting,0.41333333333333333,1,16,1,5.541666666666667,fists,False
112,11,D6 Male,6,M,8,0.6250964757580537,voting,0.41333333333333333,1,20,1,4.625,fists,False
112,12,D7 Female,7,F,7,0.5433457232625466,voting,0.3716666666666667,1,3,1,17.458333333333332,untreated wound,False
112,13,D7 Male,7,M,8,0.6103359756873041,voting,0.3333333333333333,0,8,1,12.375,sword,False
112,14,D8 Female,8,F,3,0.45228009297210714,voting,0.125,0,10,0,11.416666666666666,sword,False
112,15,D8 Male,8,M,3,0.4450287455337769,voting,0.125,0,24,0,2.75,fists,False
112,16,D9 Female,9,F,6,0.546817492962202,voting,0.25,0,17,0,5.416666666666667,fists,False
112,17,D9 Male,9,M,8,0.6388700901677933,voting,0.41333333333333333,0,1,2,17.833333333333332,,True
112,18,D10 Female,10,F,5,0.35461022526327785,voting,0.20833333333333334,0,15,0,5.708333333333333,fists,False
112,19,D10 Male,10,M,6,0.6419970097762276,voting,0.33,0,14,1,6.041666666666667,fists,False
112,20,D11 Female,11,F,9,0.7239753784201024,voting,0.375,0,7,3,12.666666666666666,untreated wound,False
112,21,D11 Male,11,M,5,0.31087509769559146,voting,0.20833333333333334,0,22,0,3.5416666666666665,dehydration,False
112,22,D12 Female,12,F,12,0.8514693721713107,voting,0.58,3,2,2,17.791666666666668,bow,False
112,23,D12 Male,12,M,2,0.4293498262857257,voting,0.16333333333333333,0,11,1,11.166666666666666,dehydration,False
113,0,D1 Female,1,F,10,0.5241248857570594,voting,0.6666666666666667,0,22,0,2.1666666666666665,fists,False
113,1,D1 Male,1,M,3,0.5417835993460588,voting,0.375,0,19,0,3.0,dehydration,False
113,2,D2 Female,2,F,9,0.6537886813460553,voting,0.625,1,1,1,19.75,,True
113,3,D2 Male,2,M,6,0.617991220614355,voting,0.5,0,12,0,8.083333333333334,dehydration,False
113,4,D3 Female,3,F,10,0.6671144978506706,voting,0.4166666666666667,0,20,0,2.875,fists,False
113,5,D3 Male,3,M,5,0.477936975307364,voting,0.20833333333333334,0,6,0,10.583333333333334,rock,False
113,6,D4 Female,4,F,6,0.669214123387323,voting,0.5,0,10,2,9.375,knife,False
113,7,D4 Male,4,M,4,0.4489343349557966,voting,0.6566666666666666,0,3,3,16.125,dehydration,False
113,8,D5 Female,5,F,3,0.1997524230099083,voting,0.125,0,16,0,4.833333333333333,rock,False
113,9,D5 Male,5,M,6,0.5888289603489741,voting,0.25,0,11,0,8.458333333333334,knife,False
113,10,D6 Female,6,F,6,0.36874789011332976,voting,0.25,0,23,0,1.9166666666666667,fists,False
113,11,D6 Male,6,M,6,0.6266644474476597,voting,0.5,1,5,4,14.541666666666666,dehydration,False
113,12,D7 Female,7,F,5,0.25916301343149206,voting,0.20833333333333334,0,21,0,2.4166666666666665,fists,False
113,13,D7 Male,7,M,7,0.37082759131458715,voting,0.2916666666666667,0,7,0,10.541666666666666,knife,False
113,14,D8 Female,8,F,6,0.41947395607421384,voting,0.25,0,24,0,1.7916666666666667,fists,False
113,15,D8 Male,8,M,11,0.8969462129624526,voting,0.4583333333333333,0,13,0,7.625,knife,False
113,16,D9 Female,9,F,9,0.7396292442097827,voting,0.375,2,15,0,6.583333333333333,dehydration,False
113,17,D9 Male,9,M,6,0.5991757969894391,voting,0.33,0,4,1,15.333333333333334,spear,False
113,18,D10 Female,10,F,4,0.2947579318411455,voting,0.24666666666666665,0,8,1,10.458333333333334,knife,False
113,19,D10 Male,10,M,10,0.7203532575507564,voting,0.4966666666666667,0,17,1,4.833333333333333,fists,False
113,20,D11 Female,11,F,6,0.3900038986989881,voting,0.25,2,9,0,9.458333333333334,dehydration,False
113,21,D11 Male,11,M,8,0.5406018652086667,voting,0.41333333333333333,0,2,1,19.708333333333332,dehydration,False
113,22,D12 Female,12,F,8,0.40037762318375775,voting,0.3333333333333333,0,18,0,3.0,dehydration,False
113,23,D12 Male,12,M,6,0.6909376326577192,voting,0.25,0,14,0,6.625,untreated wound,False
114,0,D1 Female,1,F,6,0.5026632131983054,voting,0.5,1,17,0,4.791666666666667,dehydration,False
114,1,D1 Male,1,M,5,0.47474684343246654,voting,0.5383333333333333,2,11,1,8.458333333333334,knife,False
114,2,D2 Female,2,F,3,0.1899120421078965,voting,0.375,0,22,0,2.4583333333333335,fists,False
114,3,D2 Male,2,M,6,0.6245740381633823,voting,0.66,2,18,2,4.583333333333333,fists,False
114,4,D3 Female,3,F,3,0.5301085484869245,voting,0.20500000000000002,0,12,1,7.708333333333333,untreated wound,False
114,5,D3 Male,3,M,6,0.30958385549489,voting,0.25,0,21,0,3.4166666666666665,fists,False
114,6,D4 Female,4,F,6,0.33156189316695756,voting,0.5,1,7,2,12.541666666666666,knife,False
114,7,D4 Male,4,M,8,0.44587767923420124,voting,0.5833333333333333,1,16,0,4.916666666666667,fists,False
114,8,D5 Female,5,F,5,0.2930106843499415,voting,0.20833333333333334,0,23,0,1.875,rock,False
114,9,D5 Male,5,M,5,0.3314514830168175,voting,0.20833333333333334,0,6,0,15.708333333333334,knife,False
114,10,D6 Female,6,F,8,0.7510535208953382,voting,0.3333333333333333,0,13,1,5.833333333333333,spear,False
114,11,D6 Male,6,M,6,0.3400404370600911,voting,0.25,0,10,0,9.75,knife,False
114,12,D7 Female,7,F,7,0.5913721548724296,voting,0.2916666666666667,0,2,0,20.25,bow,False
114,13,D7 Male,7,M,10,0.7697183399987001,voting,0.5766666666666667,0,5,2,17.666666666666668,bow,False
114,14,D8 Female,8,F,5,0.6128300122291432,voting,0.20833333333333334,0,3,2,19.916666666666668,bow,False
114,15,D8 Male,8,M,12,0.95,voting,0.74,1,1,4,20.291666666666668,,True
114,16,D9 Female,9,F,4,0.5444527854745768,voting,0.24666666666666665,1,9,1,10.791666666666666,knife,False
114,17,D9 Male,9,M,5,0.31196645072942575,voting,0.28833333333333333,1,14,1,5.583333333333333,fists,False
114,18,D10 Female,10,F,12,0.7350919266210211,voting,0.5,0,20,0,3.5833333333333335,dehydration,False
114,19,D10 Male,10,M,6,0.6009603775833565,voting,0.25,0,4,0,18.5,untreated wound,False
114,20,D11 Female,11,F,11,0.6653829450350849,voting,0.4583333333333333,0,24,0,0.9583333333333334,fists,False
114,21,D11 Male,11,M,9,0.5294723287328615,voting,0.375,1,15,0,5.416666666666667,fists,False
114,22,D12 Female,12,F,9,0.4735001320166637,voting,0.455,1,8,1,11.916666666666666,dehydration,False
114,23,D12 Male,12,M,8,0.4199692808000554,voting,0.3333333333333333,0,19,0,4.291666666666667,fists,False
115,0,D1 Female,1,F,9,0.49337999225944046,voting,0.625,0,22,0,2.2083333333333335,fists,False
115,1,D1 Male,1,M,4,0.5320783927202244,voting,0.41666666666666663,0,19,1,2.75,fists,False
115,2,D2 Female,2,F,6,0.6363881559159146,voting,0.58,1,9,1,9.708333333333334,spear,False
115,3,D2 Male,2,M,7,0.5813455486054351,voting,0.7016666666666668,3,3,2,16.75,bow,False
115,4,D3 Female,3,F,5,0.47774666925353265,voting,0.20833333333333334,0,15,0,3.7916666666666665,fists,False
115,5,D3 Male,3,M,2,0.41003965401524345,voting,0.08333333333333333,0,17,0,3.0,dehydration,False
115,6,D4 Female,4,F,7,0.5863000006737326,voting,0.5416666666666667,0,21,0,2.2916666666666665,fists,False
115,7,D4 Male,4,M,8,0.5538985383795147,voting,0.7433333333333333,1,12,2,5.375,untreated wound,False
115,8,D5 Female,5,F,10,0.536007581321494,voting,0.4166666666666667,1,8,0,13.166666666666666,knife,False
115,9,D5 Male,5,M,9,0.8143369630685169,voting,0.375,0,2,3,16.833333333333332,bow,False
115,10,D6 Female,6,F,7,0.41140022338141286,voting,0.2916666666666667,0,5,1,14.208333333333334,spear,False
115,11,D6 Male,6,M,4,0.3247755334242315,voting,0.32666666666666666,0,4,2,16.333333333333332,bow,False
115,12,D7 Female,7,F,5,0.555280919107376,voting,0.20833333333333334,0,14,0,3.9583333333333335,fists,False
115,13,D7 Male,7,M,3,0.30558001487913633,voting,0.125,0,11,0,7.5,dehydration,False
115,14,D8 Female,8,F,10,0.6288291804817779,voting,0.5766666666666667,3,7,2,13.666666666666666,bow,False
115,15,D8 Male,8,M,6,0.6518327278301259,voting,0.25,0,16,0,3.0,dehydration,False
115,16,D9 Female,9,F,7,0.38570273913164,voting,0.2916666666666667,0,6,1,13.833333333333334,knife,False
115,17,D9 Male,9,M,5,0.5333215857967123,voting,0.28833333333333333,1,1,3,16.875,,True
115,18,D10 Female,10,F,6,0.324991659568772,voting,0.25,0,23,0,2.1666666666666665,fists,False
115,19,D10 Male,10,M,4,0.25435628755091927,voting,0.16666666666666666,0,10,0,8.208333333333334,rock,False
115,20,D11 Female,11,F,5,0.606299412107389,voting,0.20833333333333334,0,20,0,2.7083333333333335,fists,False
115,21,D11 Male,11,M,7,0.4942661323084919,voting,0.2916666666666667,0,24,0,2.1666666666666665,fists,False
115,22,D12 Female,12,F,7,0.621753233737796,voting,0.2916666666666667,0,13,0,5.0,fists,False
115,23,D12 Male,12,M,7,0.7046990483432019,voting,0.2916666666666667,0,18,1,2.8333333333333335,fists,False
116,0,D1 Female,1,F,4,0.5841355398317869,voting,0.49666666666666665,1,21,1,3.1666666666666665,dehydration,False
116,1,D1 Male,1,M,6,0.5156074893236399,voting,0.5,1,18,0,3.7083333333333335,fists,False
116,2,D2 Female,2,F,5,0.3464262624126654,voting,0.45833333333333337,0,19,0,3.5833333333333335,fists,False
116,3,D2 Male,2,M,6,0.5942485168715871,voting,0.5,0,2,3,17.833333333333332,bow,False
116,4,D3 Female,3,F,8,0.5950422971693281,voting,0.3333333333333333,0,20,0,3.25,fists,False
116,5,D3 Male,3,M,8,0.46114345431364834,voting,0.3333333333333333,0,11,1,7.333333333333333,knife,False
116,6,D4 Female,4,F,7,0.5383567403335826,voting,0.5416666666666667,1,17,1,3.875,fists,False
116,7,D4 Male,4,M,4,0.503580096720007,voting,0.41666666666666663,0,23,0,2.5,fists,False
116,8,D5 Female,5,F,4,0.3217712279337622,voting,0.16666666666666666,0,13,0,5.208333333333333,fists,False
116,9,D5 Male,5,M,8,0.46256599632725526,voting,0.3333333333333333,0,5,0,15.041666666666666,spear,False
116,10,D6 Female,6,F,5,0.5354452631719544,voting,0.28833333333333333,0,8,1,8.041666666666666,spear,False
116,11,D6 Male,6,M,12,0.6448160923829096,voting,0.58,0,10,1,7.458333333333333,fists,False
116,12,D7 Female,7,F,5,0.6268284434926772,voting,0.20833333333333334,0,16,1,3.9583333333333335,untreated wound,False
116,13,D7 Male,7,M,2,0.12439261031840262,voting,0.08333333333333333,0,3,1,17.583333333333332,spear,False
116,14,D8 Female,8,F,5,0.6263363254836467,voting,0.28833333333333333,0,1,2,17.875,,True
116,15,D8 Male,8,M,9,0.49420046293400277,voting,0.455,0,12,1,7.0,fists,False
116,16,D9 Female,9,F,5,0.28710819684351196,voting,0.20833333333333334,1,14,0,4.458333333333333,fists,False
116,17,D9 Male,9,M,9,0.7015803873368597,voting,0.375,0,7,2,8.708333333333334,knife,False
116,18,D10 Female,10,F,7,0.6405391196565868,voting,0.2916666666666667,0,24,0,2.0833333333333335,fists,False
116,19,D10 Male,10,M,6,0.5954904182721406,voting,0.25,0,9,1,7.791666666666667,spear,False
116,20,D11 Female,11,F,9,0.7008374321970486,voting,0.375,0,15,1,4.333333333333333,fists,False
116,21,D11 Male,11,M,6,0.6512516048312708,voting,0.25,0,4,2,16.458333333333332,spear,False
116,22,D12 Female,12,F,5,0.30997757096312883,voting,0.20833333333333334,0,22,0,2.875,fists,False
116,23,D12 Male,12,M,8,0.6277440876762495,voting,0.41333333333333333,0,6,1,12.125,dehydration,False
117,0,D1 Female,1,F,5,0.38514095674377413,voting,0.45833333333333337,0,12,0,6.458333333333333,rock,False
117,1,D1 Male,1,M,7,0.36349374416960806,voting,0.5416666666666667,0,21,0,3.0416666666666665,fists,False
117,2,D2 Female,2,F,5,0.2561330265622467,voting,0.45833333333333337,1,22,0,2.25,fists,False
117,3,D2 Male,2,M,5,0.6127317757169475,voting,0.45833333333333337,0,18,0,3.2916666666666665,fists,False
117,4,D3 Female,3,F,11,0.591921339472949,voting,0.4583333333333333,1,10,1,8.875,fists,False
117,5,D3 Male,3,M,9,0.4769116565261429,voting,0.375,1,23,0,2.0833333333333335,fists,False
117,6,D4 Female,4,F,5,0.636282605097759,voting,0.6183333333333334,3,2,2,17.041666666666668,dehydration,False
117,7,D4 Male,4,M,12,0.95,voting,0.91,2,8,2,9.75,fists,False
117,8,D5 Female,5,F,7,0.53064686950684,voting,0.3716666666666667,0,20,1,3.0416666666666665,untreated wound,False
117,9,D5 Male,5,M,9,0.6908600046487947,voting,0.535,2,5,2,12.125,knife,False
117,10,D6 Female,6,F,10,0.8461748041211409,voting,0.4966666666666667,1,3,1,15.833333333333334,bow,False
117,11,D6 Male,6,M,5,0.5383936169287662,voting,0.20833333333333334,0,15,1,4.541666666666667,fists,False
117,12,D7 Female,7,F,9,0.7804878457841073,voting,0.375,0,19,0,3.0833333333333335,fists,False
117,13,D7 Male,7,M,12,0.95,voting,0.58,1,6,1,11.791666666666666,fists,False
117,14,D8 Female,8,F,6,0.6656231338771131,voting,0.25,0,24,0,1.5833333333333333,fists,False
117,15,D8 Male,8,M,6,0.4893231766796472,voting,0.25,0,11,0,6.625,fists,False
117,16,D9 Female,9,F,6,0.526716522451313,voting,0.25,0,13,0,6.083333333333333,fists,False
117,17,D9 Male,9,M,5,0.4343263156303297,voting,0.20833333333333334,0,17,1,3.7916666666666665,fists,False
117,18,D10 Female,10,F,10,0.8792426458321871,voting,0.4966666666666667,0,4,2,12.416666666666666,dehydration,False
117,19,D10 Male,10,M,5,0.5081766290977392,voting,0.20833333333333334,0,16,0,4.333333333333333,fists,False
117,20,D11 Female,11,F,8,0.7144056157735745,voting,0.3333333333333333,1,9,0,9.083333333333334,fists,False
117,21,D11 Male,11,M,3,0.24184080805420813,voting,0.125,0,14,0,5.666666666666667,fists,False
117,22,D12 Female,12,F,11,0.9439118966387672,voting,0.6983333333333333,1,1,3,17.083333333333332,,True
117,23,D12 Male,12,M,12,0.8802151531152402,voting,0.58,0,7,2,9.75,dehydration,False
118,0,D1 Female,1,F,9,0.5781466445204687,voting,0.625,0,15,0,5.833333333333333,rock,False
118,1,D1 Male,1,M,4,0.3079325809825021,voting,0.41666666666666663,0,17,0,5.041666666666667,spear,False
118,2,D2 Female,2,F,5,0.3330911601633583,voting,0.45833333333333337,0,23,0,2.875,fists,False
118,3,D2 Male,2,M,8,0.573726101515454,voting,0.5833333333333333,2,8,0,10.875,rock,False
118,4,D3 Female,3,F,5,0.35223630025209113,voting,0.36833333333333335,1,5,2,13.458333333333334,untreated wound,False
118,5,D3 Male,3,M,10,0.8442182530062028,voting,0.6566666666666667,2,1,3,15.708333333333334,,True
118,6,D4 Female,4,F,7,0.6528685546629434,voting,0.6216666666666667,1,13,1,6.291666666666667,fists,False
118,7,D4 Male,4,M,8,0.6236244211898363,voting,0.5833333333333333,0,7,0,11.166666666666666,rock,False
118,8,D5 Female,5,F,8,0.42932958477971905,voting,0.3333333333333333,0,12,0,8.041666666666666,untreated wound,False
118,9,D5 Male,5,M,7,0.7352909113744535,voting,0.2916666666666667,0,24,0,1.2083333333333333,fists,False
118,10,D6 Female,6,F,8,0.4020038304982974,voting,0.3333333333333333,1,22,0,3.0416666666666665,fists,False
118,11,D6 Male,6,M,7,0.503503573189927,voting,0.2916666666666667,0,19,0,3.625,fists,False
118,12,D7 Female,7,F,6,0.4313988364655196,voting,0.25,0,14,0,6.208333333333333,rock,False
118,13,D7 Male,7,M,5,0.49283005655966383,voting,0.28833333333333333,0,2,1,15.666666666666666,dehydration,False
118,14,D8 Female,8,F,1,0.050584799069432314,voting,0.041666666666666664,0,11,0,8.875,rock,False
118,15,D8 Male,8,M,3,0.2699740294422152,voting,0.125,0,18,0,4.0,fists,False
118,16,D9 Female,9,F,9,0.4599393377522655,voting,0.375,0,20,1,3.5416666666666665,fists,False
118,17,D9 Male,9,M,7,0.5218464685070713,voting,0.45166666666666666,0,4,2,14.958333333333334,dehydration,False
118,18,D10 Female,10,F,8,0.5539515414211067,voting,0.3333333333333333,0,21,0,3.3333333333333335,fists,False
118,19,D10 Male,10,M,6,0.35796862346808533,voting,0.33,0,16,1,5.5,untreated wound,False
118,20,D11 Female,11,F,9,0.533917655315961,voting,0.375,0,6,0,12.291666666666666,spear,False
118,21,D11 Male,11,M,11,0.8323802750623405,voting,0.6983333333333333,2,9,3,10.583333333333334,sword,False
118,22,D12 Female,12,F,12,0.9251422643949776,voting,0.74,3,3,3,15.583333333333334,arena hazard,False
118,23,D12 Male,12,M,11,0.6153932933503611,voting,0.4583333333333333,1,10,0,9.375,sword,False
119,0,D1 Female,1,F,7,0.37128540824837336,voting,0.5416666666666667,0,15,0,4.25,spear,False
119,1,D1 Male,1,M,5,0.26021331470256165,voting,0.45833333333333337,0,18,0,2.9583333333333335,fists,False
119,2,D2 Female,2,F,9,0.509852271115812,voting,0.785,1,3,2,18.916666666666668,arena hazard,False
119,3,D2 Male,2,M,5,0.5435500839805143,voting,0.45833333333333337,0,24,0,1.5,fists,False
119,4,D3 Female,3,F,9,0.7967926437599198,voting,0.375,0,21,0,2.2083333333333335,fists,False
119,5,D3 Male,3,M,6,0.30298206594991683,voting,0.25,0,20,0,2.5833333333333335,fists,False
119,6,D4 Female,4,F,6,0.5001817275070024,voting,0.5,0,12,0,5.625,fists,False
119,7,D4 Male,4,M,4,0.27934935679188455,voting,0.41666666666666663,0,19,0,2.625,fists,False
119,8,D5 Female,5,F,7,0.4632070342368245,voting,0.2916666666666667,0,4,0,17.458333333333332,bow,False
119,9,D5 Male,5,M,5,0.6313678266176554,voting,0.20833333333333334,0,11,0,5.708333333333333,spear,False
119,10,D6 Female,6,F,4,0.365120695418948,voting,0.16666666666666666,0,22,0,1.9166666666666667,fists,False
119,11,D6 Male,6,M,12,0.6177942810535066,voting,0.5,0,7,1,11.958333333333334,sword,False
119,12,D7 Female,7,F,9,0.6330459403090243,voting,0.455,1,8,2,9.458333333333334,sword,False
119,13,D7 Male,7,M,4,0.4012331003458618,voting,0.24666666666666665,0,5,1,14.375,bow,False
119,14,D8 Female,8,F,6,0.35443007473434945,voting,0.25,0,9,0,8.125,rock,False
119,15,D8 Male,8,M,10,0.7885767342228254,voting,0.4966666666666667,1,17,1,3.0,dehydration,False
119,16,D9 Female,9,F,6,0.5443269596498879,voting,0.33,0,16,1,3.75,dehydration,False
119,17,D9 Male,9,M,11,0.9353189151291228,voting,0.5383333333333333,0,10,2,7.75,rock,False
119,18,D10 Female,10,F,12,0.6157451783699901,voting,0.74,0,6,3,13.458333333333334,arena hazard,False
119,19,D10 Male,10,M,5,0.5713975866529817,voting,0.20833333333333334,0,23,0,1.7083333333333333,fists,False
119,20,D11 Female,11,F,9,0.7076944980367544,voting,0.375,0,13,0,5.291666666666667,fists,False
119,21,D11 Male,11,M,11,0.8451338361196588,voting,0.4583333333333333,0,1,3,19.416666666666668,,True
119,22,D12 Female,12,F,3,0.2671505009357527,voting,0.125,0,14,0,4.916666666666667,fists,False
119,23,D12 Male,12,M,5,0.6461563933505197,voting,0.28833333333333333,1,2,3,19.375,sword,False
120,0,D1 Female,1,F,5,0.6245835727651765,voting,0.45833333333333337,0,6,1,14.833333333333334,bow,False
120,1,D1 Male,1,M,5,0.5412621187284423,voting,0.45833333333333337,0,21,0,2.5833333333333335,fists,False
120,2,D2 Female,2,F,7,0.5851832593965071,voting,0.5416666666666667,1,5,0,14.833333333333334,dehydration,False
120,3,D2 Male,2,M,3,0.5140025585442624,voting,0.455,0,13,1,8.625,knife,False
120,4,D3 Female,3,F,5,0.29978392331619064,voting,0.20833333333333334,0,11,0,8.791666666666666,spear,False
120,5,D3 Male,3,M,10,0.8591077793536237,voting,0.5766666666666667,1,2,2,16.458333333333332,bow,False
120,6,D4 Female,4,F,6,0.3786320550027093,voting,0.5,0,20,0,3.875,fists,False
120,7,D4 Male,4,M,8,0.46448142036135043,voting,0.5833333333333333,1,15,0,6.875,fists,False
120,8,D5 Female,5,F,6,0.500940211743175,voting,0.33,0,12,1,8.708333333333334,spear,False
120,9,D5 Male,5,M,8,0.5094003696370786,voting,0.41333333333333333,0,4,1,15.166666666666666,dehydration,False
120,10,D6 Female,6,F,7,0.4063926502296794,voting,0.45166666666666666,0,3,2,15.208333333333334,sword,False
120,11,D6 Male,6,M,6,0.5014036977750813,voting,0.25,0,18,0,5.375,fists,False
120,12,D7 Female,7,F,3,0.3732393480810787,voting,0.20500000000000002,0,14,1,7.125,spear,False
120,13,D7 Male,7,M,8,0.663285837766884,voting,0.3333333333333333,0,7,0,13.0,arena hazard,False
120,14,D8 Female,8,F,4,0.38637504224539465,voting,0.16666666666666666,0,24,0,1.2083333333333333,fists,False
120,15,D8 Male,8,M,6,0.5170676776824574,voting,0.25,0,22,0,1.9583333333333333,fists,False
120,16,D9 Female,9,F,9,0.8425040068686576,voting,0.375,1,19,0,4.5,dehydration,False
120,17,D9 Male,9,M,3,0.20714884042590467,voting,0.125,0,23,0,1.5833333333333333,fists,False
120,18,D10 Female,10,F,12,0.95,voting,0.66,1,9,2,10.791666666666666,untreated wound,False
120,19,D10 Male,10,M,10,0.7494133410844834,voting,0.4966666666666667,1,10,1,9.083333333333334,dehydration,False
120,20,D11 Female,11,F,5,0.31332624871397685,voting,0.20833333333333334,0,16,0,5.5,dehydration,False
120,21,D11 Male,11,M,9,0.7135234279154093,voting,0.455,2,8,2,10.833333333333334,knife,False
120,22,D12 Female,12,F,11,0.5505440226372075,voting,0.4583333333333333,0,17,0,5.375,spear,False
120,23,D12 Male,12,M,6,0.36267793442091006,voting,0.25,1,1,2,16.5,,True
121,0,D1 Female,1,F,4,0.5465774038535848,voting,0.41666666666666663,0,11,0,7.916666666666667,spear,False
121,1,D1 Male,1,M,6,0.4422254066659592,voting,0.5,0,14,0,5.625,rock,False
121,2,D2 Female,2,F,1,0.26397641584547643,voting,0.2916666666666667,0,15,0,5.333333333333333,fists,False
121,3,D2 Male,2,M,7,0.4792095420801117,voting,0.5416666666666667,0,21,0,3.0,fists,False
121,4,D3 Female,3,F,5,0.36740966986079376,voting,0.20833333333333334,0,24,0,1.6666666666666667,fists,False
121,5,D3 Male,3,M,9,0.7063472224780392,voting,0.455,0,3,1,18.083333333333332,dehydration,False
121,6,D4 Female,4,F,12,0.7838656687880676,voting,0.75,0,20,0,3.0,dehydration,False
121,7,D4 Male,4,M,7,0.4984328825508232,voting,0.6216666666666667,1,1,1,18.208333333333332,,True
121,8,D5 Female,5,F,4,0.28967599732290594,voting,0.16666666666666666,0,22,0,2.9166666666666665,fists,False
121,9,D5 Male,5,M,7,0.45365236454805224,voting,0.2916666666666667,0,19,0,3.8333333333333335,fists,False
121,10,D6 Female,6,F,2,0.4563823373343078,voting,0.16333333333333333,0,10,1,10.458333333333334,fists,False
121,11,D6 Male,6,M,4,0.47446979339838113,voting,0.16666666666666666,0,16,0,4.875,fists,False
121,12,D7 Female,7,F,8,0.652888790123034,voting,0.5833333333333333,0,2,4,18.166666666666668,dehydration,False
121,13,D7 Male,7,M,11,0.679011216554052,voting,0.4583333333333333,0,17,1,4.875,fists,False
121,14,D8 Female,8,F,4,0.5900618350708942,voting,0.16666666666666666,0,12,0,7.25,fists,False
121,15,D8 Male,8,M,4,0.28954606210085804,voting,0.24666666666666665,0,9,1,10.875,untreated wound,False
121,16,D9 Female,9,F,8,0.46689734556142304,voting,0.3333333333333333,0,18,0,4.708333333333333,knife,False
121,17,D9 Male,9,M,5,0.5385435743617522,voting,0.28833333333333333,0,6,1,13.833333333333334,untreated wound,False
121,18,D10 Female,10,F,4,0.4958680514159891,voting,0.16666666666666666,0,7,2,13.291666666666666,knife,False
121,19,D10 Male,10,M,2,0.4224280697848829,voting,0.08333333333333333,0,13,0,6.416666666666667,rock,False
121,20,D11 Female,11,F,11,0.7233021935834049,voting,0.6183333333333333,1,5,2,14.916666666666666,dehydration,False
121,21,D11 Male,11,M,7,0.6293922190076808,voting,0.3716666666666667,0,8,1,10.958333333333334,rock,False
121,22,D12 Female,12,F,7,0.559319915239576,voting,0.3716666666666667,0,4,1,16.291666666666668,dehydration,False
121,23,D12 Male,12,M,6,0.39317220913892165,voting,0.25,0,23,0,1.9583333333333333,fists,False
122,0,D1 Female,1,F,6,0.6197100565740652,voting,0.58,0,11,1,7.75,dehydration,False
122,1,D1 Male,1,M,8,0.789172801953067,voting,0.6633333333333332,0,9,1,9.333333333333334,untreated wound,False
122,2,D2 Female,2,F,3,0.4200927206674355,voting,0.455,0,12,1,7.458333333333333,dehydration,False
122,3,D2 Male,2,M,7,0.5677492120288438,voting,0.5416666666666667,1,3,0,17.25,bow,False
122,4,D3 Female,3,F,4,0.5822157016154329,voting,0.16666666666666666,0,22,0,1.9583333333333333,fists,False
122,5,D3 Male,3,M,4,0.486138177488147,voting,0.16666666666666666,0,15,0,5.125,fists,False
122,6,D4 Female,4,F,6,0.40843582030098624,voting,0.5,0,23,0,1.7083333333333333,fists,False
122,7,D4 Male,4,M,10,0.8396422407694275,voting,0.6666666666666667,1,7,0,10.916666666666666,bow,False
122,8,D5 Female,5,F,1,0.1736080403297801,voting,0.12166666666666667,0,8,1,10.541666666666666,bow,False
122,9,D5 Male,5,M,6,0.36994420471617684,voting,0.33,1,5,1,13.583333333333334,arena hazard,False
122,10,D6 Female,6,F,1,0.10902219747415248,voting,0.041666666666666664,0,14,0,7.125,rock,False
122,11,D6 Male,6,M,5,0.5882964817158984,voting,0.20833333333333334,0,6,0,13.125,bow,False
122,12,D7 Female,7,F,8,0.5783616062291899,voting,0.4933333333333333,1,2,2,17.791666666666668,arena hazard,False
122,13,D7 Male,7,M,7,0.3618581815432266,voting,0.2916666666666667,0,17,0,4.166666666666667,fists,False
122,14,D8 Female,8,F,6,0.5121954343600085,voting,0.25,0,16,0,4.708333333333333,fists,False
122,15,D8 Male,8,M,5,0.33887466227765556,voting,0.20833333333333334,0,10,0,9.041666666666666,knife,False
122,16,D9 Female,9,F,3,0.25594484215783236,voting,0.125,0,19,0,3.875,fists,False
122,17,D9 Male,9,M,6,0.3972478014796925,voting,0.25,0,24,0,1.125,fists,False
122,18,D10 Female,10,F,5,0.649221527316216,voting,0.28833333333333333,0,20,1,2.875,untreated wound,False
122,19,D10 Male,10,M,6,0.3021013080784288,voting,0.25,0,18,0,4.0,fists,False
122,20,D11 Female,11,F,6,0.591200543364888,voting,0.33,0,13,1,7.208333333333333,untreated wound,False
122,21,D11 Male,11,M,8,0.6134601337859158,voting,0.3333333333333333,1,21,0,2.0416666666666665,fists,False
122,22,D12 Female,12,F,4,0.5534735435192168,voting,0.41666666666666663,3,1,5,17.833333333333332,,True
122,23,D12 Male,12,M,8,0.7030005982604014,voting,0.41333333333333333,0,4,1,17.166666666666668,untreated wound,False
123,0,D1 Female,1,F,7,0.616989810962091,voting,0.6216666666666667,0,6,1,12.791666666666666,spear,False
123,1,D1 Male,1,M,9,0.7833248083408098,voting,0.625,0,21,0,3.0,dehydration,False
123,2,D2 Female,2,F,1,0.31081620674427557,voting,0.2916666666666667,0,17,0,5.875,fists,False
123,3,D2 Male,2,M,6,0.34526480448031727,voting,0.58,1,3,1,17.833333333333332,spear,False
123,4,D3 Female,3,F,12,0.7234846005248844,voting,0.5,0,7,0,12.541666666666666,rock,False
123,5,D3 Male,3,M,1,0.05234298130736845,voting,0.041666666666666664,0,10,0,11.416666666666666,spear,False
123,6,D4 Female,4,F,7,0.6615062576445192,voting,0.5416666666666667,0,18,1,4.583333333333333,fists,False
123,7,D4 Male,4,M,5,0.3094975172070197,voting,0.45833333333333337,0,24,0,1.75,fists,False
123,8,D5 Female,5,F,7,0.6729562272071695,voting,0.3716666666666667,1,15,1,6.791666666666667,dehydration,False
123,9,D5 Male,5,M,7,0.5077161498345133,voting,0.2916666666666667,0,19,0,4.125,fists,False
123,10,D6 Female,6,F,10,0.5069363345264571,voting,0.4166666666666667,0,22,0,2.7916666666666665,fists,False
123,11,D6 Male,6,M,8,0.5585308033499767,voting,0.3333333333333333,1,16,0,6.166666666666667,dehydration,False
123,12,D7 Female,7,F,7,0.4113075455971712,voting,0.2916666666666667,1,12,0,8.916666666666666,fists,False
123,13,D7 Male,7,M,6,0.5866715727647527,voting,0.25,0,9,1,11.583333333333334,spear,False
123,14,D8 Female,8,F,5,0.3651655569825766,voting,0.20833333333333334,1,23,0,2.6666666666666665,fists,False
123,15,D8 Male,8,M,4,0.5371716495769651,voting,0.24666666666666665,0,11,1,10.416666666666666,dehydration,False
123,16,D9 Female,9,F,10,0.5011829947701155,voting,0.4966666666666667,1,2,1,20.0,bow,False
123,17,D9 Male,9,M,5,0.5081131201222624,voting,0.20833333333333334,0,13,0,8.875,knife,False
123,18,D10 Female,10,F,1,0.18157902442136997,voting,0.041666666666666664,0,14,0,8.083333333333334,rock,False
123,19,D10 Male,10,M,8,0.7760562612543436,voting,0.4933333333333333,2,1,3,20.041666666666668,,True
123,20,D11 Female,11,F,9,0.5743509583711117,voting,0.535,2,8,2,12.25,dehydration,False
123,21,D11 Male,11,M,9,0.7261864429868037,voting,0.455,1,5,1,12.833333333333334,untreated wound,False
123,22,D12 Female,12,F,5,0.6163636088748274,voting,0.20833333333333334,0,20,0,3.375,fists,False
123,23,D12 Male,12,M,9,0.5234819655084794,voting,0.615,0,4,3,14.958333333333334,dehydration,False
124,0,D1 Female,1,F,8,0.6870112124491635,voting,0.6633333333333332,1,7,1,12.375,untreated wound,False
124,1,D1 Male,1,M,10,0.7725542226783393,voting,0.7466666666666667,1,13,2,5.5,knife,False
124,2,D2 Female,2,F,9,0.8311031171182649,voting,0.785,1,2,4,17.0,bow,False
124,3,D2 Male,2,M,6,0.5134911222049074,voting,0.66,2,4,2,14.041666666666666,spear,False
124,4,D3 Female,3,F,3,0.4752629583397723,voting,0.125,0,10,1,8.458333333333334,untreated wound,False
124,5,D3 Male,3,M,7,0.47821015326627564,voting,0.2916666666666667,0,16,0,5.083333333333333,rock,False
124,6,D4 Female,4,F,6,0.5166586286819161,voting,0.5,1,8,0,11.291666666666666,bow,False
124,7,D4 Male,4,M,4,0.5145641446246195,voting,0.6566666666666666,1,1,4,17.0,spear,False
124,8,D5 Female,5,F,6,0.324423769495701,voting,0.25,0,24,0,2.75,fists,False
124,9,D5 Male,5,M,9,0.7211962040873903,voting,0.375,0,22,0,3.0,dehydration,False
124,10,D6 Female,6,F,3,0.4314101438125644,voting,0.125,0,18,0,3.0833333333333335,fists,False
124,11,D6 Male,6,M,2,0.39604491293135335,voting,0.08333333333333333,2,6,0,13.25,rock,False
124,12,D7 Female,7,F,6,0.6878769929091666,voting,0.25,0,17,0,4.333333333333333,fists,False
124,13,D7 Male,7,M,1,0.16504963686107446,voting,0.041666666666666664,0,21,0,3.0,dehydration,False
124,14,D8 Female,8,F,5,0.3288171340590954,voting,0.20833333333333334,0,20,0,3.0,dehydration,False
124,15,D8 Male,8,M,11,0.8757346319417446,voting,0.4583333333333333,0,14,0,5.458333333333333,spear,False
124,16,D9 Female,9,F,7,0.5570006827442108,voting,0.2916666666666667,0,3,1,15.625,bow,False
124,17,D9 Male,9,M,12,0.6605863725792597,voting,0.5,1,12,1,6.333333333333333,spear,False
124,18,D10 Female,10,F,6,0.5568024053243521,voting,0.25,0,23,0,2.9583333333333335,fists,False
124,19,D10 Male,10,M,5,0.4722918648436717,voting,0.20833333333333334,0,19,0,3.0416666666666665,fists,False
124,20,D11 Female,11,F,7,0.4554434330534992,voting,0.2916666666666667,0,9,0,10.041666666666666,arena hazard,False
124,21,D11 Male,11,M,4,0.5983551793100773,voting,0.24666666666666665,0,11,1,8.0,untreated wound,False
124,22,D12 Female,12,F,7,0.5035950041755524,voting,0.2916666666666667,0,15,0,5.166666666666667,fists,False
124,23,D12 Male,12,M,6,0.4140248262575475,voting,0.25,0,5,0,13.375,bow,False
125,0,D1 Female,1,F,3,0.3113934544820634,voting,0.375,0,10,0,9.875,bow,False
125,1,D1 Male,1,M,5,0.39953655100412644,voting,0.45833333333333337,0,6,0,12.75,knife,False
125,2,D2 Female,2,F,6,0.6381025769749338,voting,0.5,0,1,0,18.541666666666668,,True
125,3,D2 Male,2,M,9,0.5099001753079213,voting,0.705,1,8,1,10.583333333333334,knife,False
125,4,D3 Female,3,F,6,0.5060099796835515,voting,0.25,1,18,0,3.4583333333333335,fists,False
125,5,D3 Male,3,M,10,0.5092738597233191,voting,0.4166666666666667,0,22,0,2.8333333333333335,fists,False
125,6,D4 Female,4,F,4,0.3879440994057122,voting,0.41666666666666663,0,19,0,3.2083333333333335,fists,False
125,7,D4 Male,4,M,5,0.6397216475611945,voting,0.45833333333333337,0,24,0,1.7916666666666667,fists,False
125,8,D5 Female,5,F,6,0.4075152263052442,voting,0.25,0,17,0,4.083333333333333,fists,False
125,9,D5 Male,5,M,10,0.757868961120882,voting,0.4166666666666667,0,23,0,2.5416666666666665,arena hazard,False
125,10,D6 Female,6,F,2,0.3034287808337603,voting,0.08333333333333333,0,4,0,16.875,bow,False
125,11,D6 Male,6,M,6,0.621245673568056,voting,0.33,0,15,1,4.333333333333333,fists,False
125,12,D7 Female,7,F,6,0.49992601919211754,voting,0.33,0,11,1,8.916666666666666,dehydration,False
125,13,D7 Male,7,M,12,0.801152088937111,voting,0.66,0,12,2,8.333333333333334,dehydration,False
125,14,D8 Female,8,F,4,0.27890660453261956,voting,0.16666666666666666,0,16,0,4.333333333333333,sword,False
125,15,D8 Male,8,M,6,0.6056238559486761,voting,0.25,0,21,0,3.0,dehydration,False
125,16,D9 Female,9,F,8,0.7321746144084155,voting,0.41333333333333333,1,2,2,18.5,bow,False
125,17,D9 Male,9,M,1,0.12963794102921727,voting,0.041666666666666664,0,14,0,4.5,dehydration,False
125,18,D10 Female,10,F,10,0.6987056704997436,voting,0.4966666666666667,0,13,1,4.583333333333333,fists,False
125,19,D10 Male,10,M,5,0.51092299604633,voting,0.36833333333333335,0,5,2,14.291666666666666,dehydration,False
125,20,D11 Female,11,F,8,0.5717644660397312,voting,0.5833333333333333,0,3,6,18.5,bow,False
125,21,D11 Male,11,M,4,0.3490495748342261,voting,0.16666666666666666,0,7,0,10.75,bow,False
125,22,D12 Female,12,F,5,0.35302590794628097,voting,0.20833333333333334,0,20,0,3.0,dehydration,False
125,23,D12 Male,12,M,5,0.4803487199038782,voting,0.20833333333333334,0,9,0,10.125,bow,False
126,0,D1 Female,1,F,7,0.376733540839941,voting,0.5416666666666667,0,18,0,3.9166666666666665,fists,False
126,1,D1 Male,1,M,12,0.6604018246147335,voting,0.75,1,1,2,18.5,,True
126,2,D2 Female,2,F,5,0.4714361286017159,voting,0.45833333333333337,0,19,0,3.2916666666666665,fists,False
126,3,D2 Male,2,M,8,0.573082843879104,voting,0.5833333333333333,0,6,0,11.416666666666666,spear,False
126,4,D3 Female,3,F,4,0.5075465128604871,voting,0.16666666666666666,0,23,0,2.25,fists,False
126,5,D3 Male,3,M,8,0.4269027134802147,voting,0.41333333333333333,0,4,1,15.0,sword,False
126,6,D4 Female,4,F,7,0.576680812781028,voting,0.7816666666666667,0,2,3,18.458333333333332,knife,False
126,7,D4 Male,4,M,3,0.46374386399480616,voting,0.375,1,12,0,5.333333333333333,dehydration,False
126,8,D5 Female,5,F,8,0.4583596827156615,voting,0.3333333333333333,0,17,0,4.041666666666667,fists,False
126,9,D5 Male,5,M,7,0.7144742341189598,voting,0.2916666666666667,0,3,2,17.875,sword,False
126,10,D6 Female,6,F,3,0.4949005595967392,voting,0.125,0,15,0,4.666666666666667,untreated wound,False
126,11,D6 Male,6,M,3,0.1538523831798852,voting,0.125,0,24,0,1.625,fists,False
126,12,D7 Female,7,F,5,0.275005900175662,voting,0.20833333333333334,0,22,0,3.0,dehydration,False
126,13,D7 Male,7,M,12,0.7116539962187427,voting,0.5,0,8,0,8.583333333333334,spear,False
126,14,D8 Female,8,F,1,0.06222241133454571,voting,0.041666666666666664,0,11,0,6.833333333333333,fists,False
126,15,D8 Male,8,M,2,0.13106274752186312,voting,0.16333333333333333,1,10,1,6.833333333333333,fists,False
126,16,D9 Female,9,F,2,0.48117356255788757,voting,0.24333333333333335,1,7,3,10.541666666666666,sword,False
126,17,D9 Male,9,M,10,0.7258576150717069,voting,0.4166666666666667,0,21,0,3.0,dehydration,False
126,18,D10 Female,10,F,4,0.36950367541071816,voting,0.24666666666666665,1,16,1,4.125,fists,False
126,19,D10 Male,10,M,4,0.5385799046494983,voting,0.24666666666666665,0,9,1,7.541666666666667,untreated wound,False
126,20,D11 Female,11,F,6,0.5179779752281812,voting,0.33,1,5,1,11.5,fists,False
126,21,D11 Male,11,M,5,0.4786730657766854,voting,0.20833333333333334,0,20,0,3.0,dehydration,False
126,22,D12 Female,12,F,10,0.6539949112888858,voting,0.4166666666666667,1,14,0,4.791666666666667,dehydration,False
126,23,D12 Male,12,M,5,0.3408219555219504,voting,0.20833333333333334,0,13,0,5.291666666666667,dehydration,False
127,0,D1 Female,1,F,3,0.19318425756649424,voting,0.375,0,10,1,8.458333333333334,spear,False
127,1,D1 Male,1,M,10,0.896758702572694,voting,0.6666666666666667,1,18,0,4.791666666666667,dehydration,False
127,2,D2 Female,2,F,3,0.3806954775945861,voting,0.455,2,4,1,15.166666666666666,dehydration,False
127,3,D2 Male,2,M,10,0.8157818129582006,voting,0.6666666666666667,0,23,0,3.6666666666666665,rock,False
127,4,D3 Female,3,F,9,0.7386913912548039,voting,0.375,0,21,0,3.875,fists,False
127,5,D3 Male,3,M,7,0.6735036008368378,voting,0.2916666666666667,0,9,1,8.625,rock,False
127,6,D4 Female,4,F,1,0.13267371963663982,voting,0.2916666666666667,0,12,0,7.666666666666667,rock,False
127,7,D4 Male,4,M,5,0.4090897164067544,voting,0.45833333333333337,1,20,0,4.583333333333333,fists,False
127,8,D5 Female,5,F,4,0.27939037007420453,voting,0.24666666666666665,0,8,1,8.666666666666666,dehydration,False
127,9,D5 Male,5,M,6,0.4275389790047106,voting,0.25,1,5,1,12.5,spear,False
127,10,D6 Female,6,F,5,0.5808410411379534,voting,0.20833333333333334,0,7,2,11.0,bow,False
127,11,D6 Male,6,M,8,0.6951153652860023,voting,0.3333333333333333,0,15,0,5.958333333333333,fists,False
127,12,D7 Female,7,F,1,0.10871730498751524,voting,0.041666666666666664,0,17,0,4.875,fists,False
127,13,D7 Male,7,M,6,0.36369976546764715,voting,0.33,1,3,3,17.166666666666668,bow,False
127,14,D8 Female,8,F,6,0.34192960216581403,voting,0.25,1,16,0,5.708333333333333,fists,False
127,15,D8 Male,8,M,1,0.19044956411020278,voting,0.12166666666666667,0,13,1,6.375,untreated wound,False
127,16,D9 Female,9,F,7,0.6491535826596107,voting,0.2916666666666667,0,2,1,17.75,bow,False
127,17,D9 Male,9,M,8,0.5649246874844835,voting,0.3333333333333333,0,24,0,2.7083333333333335,knife,False
127,18,D10 Female,10,F,6,0.509083422864359,voting,0.25,0,1,2,17.791666666666668,,True
127,19,D10 Male,10,M,3,0.5128764735134486,voting,0.125,0,22,0,3.7916666666666665,fists,False
127,20,D11 Female,11,F,5,0.40899452060951513,voting,0.28833333333333333,3,11,1,8.208333333333334,untreated wound,False
127,21,D11 Male,11,M,7,0.6809715805086975,voting,0.2916666666666667,0,6,1,11.0,sword,False
127,22,D12 Female,12,F,6,0.541362351970317,voting,0.25,0,19,0,4.666666666666667,rock,False
127,23,D12 Male,12,M,10,0.5501281060976213,voting,0.4966666666666667,0,14,1,6.25,untreated wound,False
128,0,D1 Female,1,F,11,0.8843264305817298,voting,0.7083333333333333,0,10,0,8.208333333333334,fists,False
128,1,D1 Male,1,M,7,0.6299176436644189,voting,0.5416666666666667,0,1,4,16.833333333333332,,True
128,2,D2 Female,2,F,4,0.32490047350847523,voting,0.41666666666666663,1,16,0,4.333333333333333,fists,False
128,3,D2 Male,2,M,4,0.5995184231972431,voting,0.49666666666666665,0,11,1,7.75,dehydration,False
128,4,D3 Female,3,F,8,0.4650435230416341,voting,0.3333333333333333,0,24,0,3.0,dehydration,False
128,5,D3 Male,3,M,4,0.5191432281498689,voting,0.16666666666666666,0,9,0,8.666666666666666,dehydration,False
128,6,D4 Female,4,F,8,0.7704586062847718,voting,0.5833333333333333,0,2,1,16.791666666666668,arena hazard,False
128,7,D4 Male,4,M,1,0.1749889090803743,voting,0.2916666666666667,0,18,0,3.5,fists,False
128,8,D5 Female,5,F,4,0.5623863768076103,voting,0.24666666666666665,0,6,1,11.5,untreated wound,False
128,9,D5 Male,5,M,4,0.276928956404505,voting,0.16666666666666666,0,12,0,7.416666666666667,arena hazard,False
128,10,D6 Female,6,F,6,0.6647494925099235,voting,0.25,0,19,0,3.4583333333333335,fists,False
128,11,D6 Male,6,M,5,0.26991014522073903,voting,0.20833333333333334,0,23,0,3.0,dehydration,False
128,12,D7 Female,7,F,11,0.832283870213686,voting,0.6183333333333333,1,3,3,16.458333333333332,bow,False
128,13,D7 Male,7,M,4,0.3837188433021249,voting,0.16666666666666666,0,4,0,13.833333333333334,sword,False
128,14,D8 Female,8,F,6,0.3349014113800873,voting,0.25,0,14,0,5.625,fists,False
128,15,D8 Male,8,M,8,0.4666978230457985,voting,0.3333333333333333,0,17,0,3.5416666666666665,fists,False
128,16,D9 Female,9,F,3,0.364212201989938,voting,0.125,0,22,0,3.0,dehydration,False
128,17,D9 Male,9,M,7,0.7284586310250348,voting,0.2916666666666667,0,8,2,10.416666666666666,spear,False
128,18,D10 Female,10,F,3,0.30975274252615326,voting,0.125,0,20,0,3.4166666666666665,fists,False
128,19,D10 Male,10,M,9,0.5982873748880708,voting,0.375,0,5,1,13.833333333333334,knife,False
128,20,D11 Female,11,F,8,0.6330987121953051,voting,0.3333333333333333,0,7,1,11.25,spear,False
128,21,D11 Male,11,M,6,0.38828025679061917,voting,0.25,0,13,0,5.875,fists,False
128,22,D12 Female,12,F,3,0.2578735360924739,voting,0.20500000000000002,0,15,1,5.416666666666667,fists,False
128,23,D12 Male,12,M,1,0.26779366346346317,voting,0.041666666666666664,0,21,0,3.3333333333333335,fists,False
129,0,D1 Female,1,F,7,0.5356542804045161,voting,0.6216666666666667,0,22,1,2.6666666666666665,untreated wound,False
129,1,D1 Male,1,M,9,0.4575126014843113,voting,0.625,0,15,0,4.625,fists,False
129,2,D2 Female,2,F,5,0.2755581512041288,voting,0.5383333333333333,0,5,1,14.291666666666666,spear,False
129,3,D2 Male,2,M,6,0.30329925427422383,voting,0.5,0,17,0,3.3333333333333335,fists,False
129,4,D3 Female,3,F,10,0.7462708453297229,voting,0.4166666666666667,2,9,0,9.708333333333334,spear,False
129,5,D3 Male,3,M,2,0.10157153342999523,voting,0.08333333333333333,0,20,0,3.0,dehydration,False
129,6,D4 Female,4,F,4,0.46306590248552504,voting,0.41666666666666663,1,6,0,14.041666666666666,bow,False
129,7,D4 Male,4,M,4,0.50533265743632,voting,0.5766666666666667,1,7,2,10.458333333333334,knife,False
129,8,D5 Female,5,F,6,0.4872806850861794,voting,0.33,0,10,1,7.541666666666667,dehydration,False
129,9,D5 Male,5,M,7,0.6071058102238182,voting,0.2916666666666667,0,24,0,1.2083333333333333,fists,False
129,10,D6 Female,6,F,5,0.4448784135022158,voting,0.20833333333333334,0,8,0,9.791666666666666,knife,False
129,11,D6 Male,6,M,4,0.38482611852472015,voting,0.16666666666666666,0,13,0,5.333333333333333,fists,False
129,12,D7 Female,7,F,9,0.6718975594811826,voting,0.375,0,19,0,3.0,dehydration,False
129,13,D7 Male,7,M,5,0.6374935467341809,voting,0.20833333333333334,0,14,1,4.875,fists,False
129,14,D8 Female,8,F,9,0.8254129174895026,voting,0.375,0,2,1,16.75,knife,False
129,15,D8 Male,8,M,6,0.6108631274291869,voting,0.25,0,18,0,3.0,dehydration,False
129,16,D9 Female,9,F,10,0.6964969283221094,voting,0.4966666666666667,2,12,1,6.583333333333333,dehydration,False
129,17,D9 Male,9,M,4,0.5702716257439895,voting,0.24666666666666665,1,4,2,14.541666666666666,rock,False
129,18,D10 Female,10,F,8,0.7973192653930576,voting,0.3333333333333333,1,1,2,16.791666666666668,,True
129,19,D10 Male,10,M,5,0.5322942865529516,voting,0.20833333333333334,0,23,0,1.6666666666666667,fists,False
129,20,D11 Female,11,F,9,0.6202257856592936,voting,0.535,0,3,2,15.041666666666666,untreated wound,False
129,21,D11 Male,11,M,5,0.6306852378092274,voting,0.20833333333333334,0,11,1,7.208333333333333,sword,False
129,22,D12 Female,12,F,9,0.5218955820821245,voting,0.375,1,21,0,2.875,fists,False
129,23,D12 Male,12,M,7,0.6261592349145385,voting,0.2916666666666667,0,16,1,3.375,fists,False
130,0,D1 Female,1,F,8,0.7573219222207701,voting,0.5833333333333333,0,1,4,21.208333333333332,,True
130,1,D1 Male,1,M,7,0.35201964906554073,voting,0.6216666666666667,0,9,1,10.125,sword,False
130,2,D2 Female,2,F,10,0.745618570922923,voting,0.6666666666666667,1,20,0,2.7083333333333335,fists,False
130,3,D2 Male,2,M,7,0.5138231225941199,voting,0.5416666666666667,0,19,0,3.3333333333333335,fists,False
130,4,D3 Female,3,F,4,0.5792207403560667,voting,0.16666666666666666,0,23,0,1.9583333333333333,fists,False
130,5,D3 Male,3,M,8,0.6383145777970752,voting,0.41333333333333333,3,5,1,16.0,knife,False
130,6,D4 Female,4,F,4,0.24882459640177146,voting,0.41666666666666663,2,2,1,21.166666666666668,sword,False
130,7,D4 Male,4,M,7,0.6692787867188423,voting,0.7016666666666668,0,6,2,14.083333333333334,arena hazard,False
130,8,D5 Female,5,F,5,0.35942437016999357,voting,0.20833333333333334,1,17,0,4.125,fists,False
130,9,D5 Male,5,M,6,0.4869243612819696,voting,0.25,0,12,0,7.875,fists,False
130,10,D6 Female,6,F,8,0.7266187012558063,voting,0.41333333333333333,0,10,1,9.791666666666666,untreated wound,False
130,11,D6 Male,6,M,5,0.5939610682342042,voting,0.20833333333333334,0,22,0,2.25,fists,False
130,12,D7 Female,7,F,4,0.4040570962868556,voting,0.16666666666666666,0,15,0,5.333333333333333,fists,False
130,13,D7 Male,7,M,6,0.446466269820913,voting,0.33,0,3,1,19.458333333333332,sword,False
130,14,D8 Female,8,F,6,0.3529397751593164,voting,0.25,0,24,0,1.5833333333333333,fists,False
130,15,D8 Male,8,M,3,0.25482691642645505,voting,0.20500000000000002,1,14,1,6.0,fists,False
130,16,D9 Female,9,F,3,0.47884462036835995,voting,0.125,0,18,0,3.4166666666666665,rock,False
130,17,D9 Male,9,M,9,0.8282887084819566,voting,0.455,0,11,1,8.333333333333334,untreated wound,False
130,18,D10 Female,10,F,5,0.3844954300377643,voting,0.20833333333333334,0,4,2,18.541666666666668,bow,False
130,19,D10 Male,10,M,8,0.47765288795172567,voting,0.3333333333333333,0,16,0,4.666666666666667,knife,False
130,20,D11 Female,11,F,6,0.45944039937002784,voting,0.25,0,21,0,2.4583333333333335,fists,False
130,21,D11 Male,11,M,9,0.6026251700128192,voting,0.455,1,13,2,6.166666666666667,rock,False
130,22,D12 Female,12,F,9,0.7979702919831775,voting,0.455,0,7,1,12.291666666666666,knife,False
130,23,D12 Male,12,M,12,0.7354261812773244,voting,0.58,2,8,1,10.125,dehydration,False
131,0,D1 Female,1,F,8,0.6998863848156027,voting,0.5833333333333333,0,21,0,2.9166666666666665,fists,False
131,1,D1 Male,1,M,4,0.5800014706723754,voting,0.5766666666666667,0,11,2,8.208333333333334,untreated wound,False
131,2,D2 Female,2,F,4,0.4587076572153551,voting,0.41666666666666663,0,14,0,6.041666666666667,fists,False
131,3,D2 Male,2,M,6,0.3741374906463131,voting,0.5,0,18,0,4.458333333333333,fists,False
131,4,D3 Female,3,F,7,0.47382519484712554,voting,0.3716666666666667,0,15,1,5.625,untreated wound,False
131,5,D3 Male,3,M,5,0.5706273142832164,voting,0.20833333333333334,0,4,2,14.583333333333334,spear,False
131,6,D4 Female,4,F,8,0.4335515928707419,voting,0.5833333333333333,0,24,0,1.5,fists,False
131,7,D4 Male,4,M,6,0.49778163264915654,voting,0.5,0,8,0,10.833333333333334,spear,False
131,8,D5 Female,5,F,3,0.48231969561038424,voting,0.20500000000000002,0,17,1,4.5,dehydration,False
131,9,D5 Male,5,M,12,0.8432550692901565,voting,0.5,0,3,1,17.541666666666668,spear,False
131,10,D6 Female,6,F,6,0.5191379272876331,voting,0.25,0,13,0,6.5,rock,False
131,11,D6 Male,6,M,3,0.2644551383654036,voting,0.125,0,20,0,3.375,fists,False
131,12,D7 Female,7,F,6,0.6632511061389246,voting,0.41000000000000003,1,12,2,7.125,fists,False
131,13,D7 Male,7,M,6,0.4618889799889326,voting,0.25,1,10,0,8.583333333333334,spear,False
131,14,D8 Female,8,F,7,0.5666805637146533,voting,0.2916666666666667,0,23,0,1.6666666666666667,fists,False
131,15,D8 Male,8,M,7,0.3768548445452331,voting,0.2916666666666667,1,7,1,12.25,knife,False
131,16,D9 Female,9,F,2,0.4250192879531188,voting,0.08333333333333333,0,16,0,5.083333333333333,fists,False
131,17,D9 Male,9,M,7,0.41120730400373307,voting,0.2916666666666667,1,6,0,13.5,spear,False
131,18,D10 Female,10,F,5,0.47108429751682956,voting,0.20833333333333334,0,19,0,4.416666666666667,fists,False
131,19,D10 Male,10,M,10,0.8605937634052531,voting,0.4166666666666667,0,1,6,18.416666666666668,,True
131,20,D11 Female,11,F,6,0.6435381373748432,voting,0.33,0,9,1,10.541666666666666,dehydration,False
131,21,D11 Male,11,M,7,0.6016105224923537,voting,0.2916666666666667,1,22,0,2.375,fists,False
131,22,D12 Female,12,F,6,0.31339736217252856,voting,0.25,0,2,0,18.375,sword,False
131,23,D12 Male,12,M,10,0.7089376295642833,voting,0.4166666666666667,0,5,2,14.416666666666666,bow,False
132,0,D1 Female,1,F,7,0.3979452509930753,voting,0.5416666666666667,1,15,0,5.0,fists,False
132,1,D1 Male,1,M,7,0.4849552020769481,voting,0.5416666666666667,0,22,0,2.75,fists,False
132,2,D2 Female,2,F,7,0.5910099611300124,voting,0.5416666666666667,0,21,1,2.9166666666666665,fists,False
132,3,D2 Male,2,M,6,0.5914342764264593,voting,0.5,0,7,0,10.0,sword,False
132,4,D3 Female,3,F,12,0.6384930369864077,voting,0.5,0,20,0,3.0,dehydration,False
132,5,D3 Male,3,M,6,0.40233793543016344,voting,0.25,0,16,0,4.458333333333333,fists,False
132,6,D4 Female,4,F,8,0.7514870531095369,voting,0.7433333333333333,2,2,2,14.25,bow,False
132,7,D4 Male,4,M,6,0.42127042339872595,voting,0.58,1,1,2,14.291666666666666,,True
132,8,D5 Female,5,F,4,0.34182116779296157,voting,0.16666666666666666,0,23,0,1.5833333333333333,fists,False
132,9,D5 Male,5,M,7,0.4825512200065504,voting,0.2916666666666667,1,8,0,7.708333333333333,dehydration,False
132,10,D6 Female,6,F,5,0.576449284432591,voting,0.20833333333333334,0,19,0,3.0,dehydration,False
132,11,D6 Male,6,M,12,0.903559117457911,voting,0.58,0,11,1,6.333333333333333,arena hazard,False
132,12,D7 Female,7,F,4,0.416844572307416,voting,0.16666666666666666,0,18,0,3.0,dehydration,False
132,13,D7 Male,7,M,7,0.5929680133975308,voting,0.3716666666666667,0,6,1,11.208333333333334,untreated wound,False
132,14,D8 Female,8,F,2,0.4748205722016696,voting,0.08333333333333333,0,13,0,5.458333333333333,untreated wound,False
132,15,D8 Male,8,M,9,0.6994764294143471,voting,0.375,0,12,0,6.041666666666667,fists,False
132,16,D9 Female,9,F,8,0.6841516545071507,voting,0.3333333333333333,0,5,1,11.5,knife,False
132,17,D9 Male,9,M,9,0.8328424768445492,voting,0.455,0,4,1,13.708333333333334,dehydration,False
132,18,D10 Female,10,F,10,0.6592417659501599,voting,0.4966666666666667,0,10,1,6.666666666666667,dehydration,False
132,19,D10 Male,10,M,7,0.7481418079961134,voting,0.2916666666666667,0,3,1,13.875,bow,False
132,20,D11 Female,11,F,6,0.46310683857854096,voting,0.25,0,9,1,6.708333333333333,fists,False
132,21,D11 Male,11,M,5,0.4000916796243982,voting,0.28833333333333333,0,14,1,5.125,rock,False
132,22,D12 Female,12,F,9,0.5710086513206991,voting,0.375,0,24,0,1.5,fists,False
132,23,D12 Male,12,M,8,0.6037431568811042,voting,0.3333333333333333,0,17,0,3.0,dehydration,False
133,0,D1 Female,1,F,6,0.321645220521589,voting,0.5,0,13,1,6.916666666666667,spear,False
133,1,D1 Male,1,M,9,0.45282555388333456,voting,0.625,0,12,0,7.666666666666667,spear,False
133,2,D2 Female,2,F,9,0.46485474643918673,voting,0.625,1,7,0,13.666666666666666,bow,False
133,3,D2 Male,2,M,7,0.5808035207248496,voting,0.5416666666666667,0,17,0,6.208333333333333,fists,False
133,4,D3 Female,3,F,10,0.7858047689382623,voting,0.5766666666666667,1,8,2,9.291666666666666,dehydration,False
133,5,D3 Male,3,M,5,0.6355955781920772,voting,0.20833333333333334,0,15,0,6.25,fists,False
133,6,D4 Female,4,F,5,0.637723187136382,voting,0.6183333333333334,1,3,3,17.166666666666668,bow,False
133,7,D4 Male,4,M,10,0.8233033253912873,voting,0.6666666666666667,0,18,0,4.333333333333333,fists,False
133,8,D5 Female,5,F,5,0.4219368749438908,voting,0.20833333333333334,1,19,0,3.75,knife,False
133,9,D5 Male,5,M,7,0.6590974923788837,voting,0.3716666666666667,0,14,1,6.25,fists,False
133,10,D6 Female,6,F,8,0.6609305786902302,voting,0.3333333333333333,0,9,0,9.125,bow,False
133,11,D6 Male,6,M,5,0.568496880400432,voting,0.20833333333333334,0,16,0,6.25,knife,False
133,12,D7 Female,7,F,9,0.48709976739286764,voting,0.375,0,5,0,15.25,bow,False
133,13,D7 Male,7,M,3,0.18087482438578967,voting,0.125,0,6,0,13.75,sword,False
133,14,D8 Female,8,F,8,0.5711773727986356,voting,0.41333333333333333,1,1,2,17.333333333333332,,True
133,15,D8 Male,8,M,6,0.3049093770498204,voting,0.25,0,20,0,3.375,fists,False
133,16,D9 Female,9,F,7,0.43275676110513395,voting,0.45166666666666666,0,2,2,17.291666666666668,arena hazard,False
133,17,D9 Male,9,M,6,0.5634967717088333,voting,0.33,0,21,1,3.0,dehydration,False
133,18,D10 Female,10,F,2,0.20379666677191763,voting,0.08333333333333333,0,22,0,2.7916666666666665,fists,False
133,19,D10 Male,10,M,3,0.40631394263598264,voting,0.125,0,23,0,2.0,fists,False
133,20,D11 Female,11,F,3,0.4040353901964724,voting,0.125,0,11,0,8.333333333333334,fists,False
133,21,D11 Male,11,M,7,0.5979441732815869,voting,0.3716666666666667,0,10,1,8.75,dehydration,False
133,22,D12 Female,12,F,9,0.5172482019742891,voting,0.625,2,4,6,17.166666666666668,sword,False
133,23,D12 Male,12,M,6,0.4237161383583342,voting,0.25,0,24,0,2.0,fists,False
134,0,D1 Female,1,F,1,0.24536614524172698,voting,0.2916666666666667,2,4,0,17.041666666666668,spear,False
134,1,D1 Male,1,M,8,0.5553670029659206,voting,0.6633333333333332,2,13,1,9.208333333333334,spear,False
134,2,D2 Female,2,F,5,0.35563478992082276,voting,0.45833333333333337,0,20,0,4.166666666666667,fists,False
134,3,D2 Male,2,M,1,0.2121111502462078,voting,0.3716666666666667,0,2,1,19.125,bow,False
134,4,D3 Female,3,F,9,0.838399064321583,voting,0.535,0,11,2,10.875,spear,False
134,5,D3 Male,3,M,6,0.33335308460945506,voting,0.25,0,22,0,3.9166666666666665,fists,False
134,6,D4 Female,4,F,8,0.47683687388370644,voting,0.6633333333333332,0,8,2,11.5,fists,False
134,7,D4 Male,4,M,6,0.35489808584595,voting,0.5,1,23,0,2.9583333333333335,fists,False
134,8,D5 Female,5,F,7,0.6966627947737203,voting,0.45166666666666666,1,14,2,8.625,fists,False
134,9,D5 Male,5,M,2,0.1738232156743063,voting,0.08333333333333333,0,21,0,4.041666666666667,fists,False
134,10,D6 Female,6,F,9,0.685044339237714,voting,0.375,0,12,1,10.541666666666666,fists,False
134,11,D6 Male,6,M,7,0.5343581946801961,voting,0.45166666666666666,0,5,2,15.333333333333334,dehydration,False
134,12,D7 Female,7,F,8,0.7699274529889116,voting,0.41333333333333333,0,10,1,11.208333333333334,spear,False
134,13,D7 Male,7,M,6,0.5983428348762987,voting,0.33,0,6,1,13.625,knife,False
134,14,D8 Female,8,F,5,0.47474764504104106,voting,0.20833333333333334,0,19,0,4.5,dehydration,False
134,15,D8 Male,8,M,7,0.41634776359661735,voting,0.2916666666666667,0,24,0,1.9166666666666667,fists,False
134,16,D9 Female,9,F,9,0.6315324073608618,voting,0.375,0,15,0,6.625,spear,False
134,17,D9 Male,9,M,6,0.3032299263110515,voting,0.25,1,7,1,13.541666666666666,spear,False
134,18,D10 Female,10,F,3,0.15309863334488147,voting,0.20500000000000002,1,3,1,17.208333333333332,spear,False
134,19,D10 Male,10,M,5,0.35852199695976306,voting,0.20833333333333334,0,16,0,6.291666666666667,fists,False
134,20,D11 Female,11,F,11,0.9290264592363583,voting,0.6983333333333333,3,1,4,19.166666666666668,,True
134,21,D11 Male,11,M,5,0.43116916868375554,voting,0.20833333333333334,0,18,0,4.666666666666667,fists,False
134,22,D12 Female,12,F,3,0.2976261608047805,voting,0.125,0,17,0,5.583333333333333,rock,False
134,23,D12 Male,12,M,6,0.4085850655575378,voting,0.33,1,9,2,11.5,spear,False
135,0,D1 Female,1,F,8,0.6223917932353209,voting,0.5833333333333333,0,20,0,4.083333333333333,rock,False
135,1,D1 Male,1,M,8,0.7874936397939178,voting,0.5833333333333333,0,15,0,4.875,knife,False
135,2,D2 Female,2,F,7,0.3739180375111882,voting,0.5416666666666667,0,24,0,2.1666666666666665,fists,False
135,3,D2 Male,2,M,7,0.35555293333806287,voting,0.6216666666666667,0,14,1,5.291666666666667,fists,False
135,4,D3 Female,3,F,7,0.3942904884799837,voting,0.2916666666666667,0,18,0,4.5,dehydration,False
135,5,D3 Male,3,M,5,0.35062615033829625,voting,0.20833333333333334,0,10,0,9.291666666666666,rock,False
135,6,D4 Female,4,F,5,0.329505090728489,voting,0.45833333333333337,0,22,0,2.7083333333333335,fists,False
135,7,D4 Male,4,M,8,0.5949288725350863,voting,0.5833333333333333,0,17,0,4.75,knife,False
135,8,D5 Female,5,F,9,0.6507019128059939,voting,0.375,0,6,0,13.083333333333334,spear,False
135,9,D5 Male,5,M,9,0.4666371372483911,voting,0.455,0,11,1,7.5,dehydration,False
135,10,D6 Female,6,F,4,0.43215992973944717,voting,0.16666666666666666,1,8,0,11.208333333333334,rock,False
135,11,D6 Male,6,M,9,0.6632616624598883,voting,0.375,0,16,0,4.875,knife,False
135,12,D7 Female,7,F,7,0.4836757763804732,voting,0.2916666666666667,0,19,0,4.5,fists,False
135,13,D7 Male,7,M,11,0.8568030228557211,voting,0.6983333333333333,0,2,3,15.875,dehydration,False
135,14,D8 Female,8,F,6,0.4060921023516899,voting,0.25,0,13,0,6.541666666666667,knife,False
135,15,D8 Male,8,M,10,0.676428400198239,voting,0.4966666666666667,0,9,1,9.916666666666666,untreated wound,False
135,16,D9 Female,9,F,5,0.5708944635003927,voting,0.45833333333333337,0,5,4,13.333333333333334,untreated wound,False
135,17,D9 Male,9,M,9,0.803511014518415,voting,0.455,0,12,1,6.541666666666667,rock,False
135,18,D10 Female,10,F,12,0.8752622623913815,voting,0.5,1,3,0,15.666666666666666,dehydration,False
135,19,D10 Male,10,M,4,0.20476142614647416,voting,0.16666666666666666,0,4,0,14.625,dehydration,False
135,20,D11 Female,11,F,6,0.3803346807064845,voting,0.25,0,23,0,2.6666666666666665,fists,False
135,21,D11 Male,11,M,6,0.579027552979442,voting,0.25,0,21,0,3.0,dehydration,False
135,22,D12 Female,12,F,7,0.48423305882490797,voting,0.2916666666666667,0,1,2,15.916666666666666,,True
135,23,D12 Male,12,M,6,0.5306145762406698,voting,0.41000000000000003,1,7,2,12.0,spear,False
136,0,D1 Female,1,F,7,0.3846412314128614,voting,0.5416666666666667,0,11,0,8.208333333333334,knife,False
136,1,D1 Male,1,M,9,0.63308632036789,voting,0.625,2,17,0,4.791666666666667,dehydration,False
136,2,D2 Female,2,F,6,0.4742709875763583,voting,0.5,0,20,0,3.5,fists,False
136,3,D2 Male,2,M,8,0.5952169492794406,voting,0.5833333333333333,0,7,1,14.5,spear,False
136,4,D3 Female,3,F,10,0.5414805134372984,voting,0.4166666666666667,0,10,0,9.958333333333334,dehydration,False
136,5,D3 Male,3,M,8,0.6793140884836129,voting,0.41333333333333333,0,12,1,8.125,rock,False
136,6,D4 Female,4,F,3,0.21871031429663862,voting,0.375,0,14,0,6.083333333333333,fists,False
136,7,D4 Male,4,M,10,0.5267083182913912,voting,0.6666666666666667,2,8,0,12.041666666666666,knife,False
136,8,D5 Female,5,F,10,0.7455089416273093,voting,0.6566666666666667,1,5,3,18.25,dehydration,False
136,9,D5 Male,5,M,11,0.5621472304955165,voting,0.4583333333333333,0,19,0,4.458333333333333,fists,False
136,10,D6 Female,6,F,5,0.3194730415394183,voting,0.20833333333333334,0,24,0,2.0833333333333335,fists,False
136,11,D6 Male,6,M,5,0.38792253457623793,voting,0.20833333333333334,0,15,0,5.791666666666667,knife,False
136,12,D7 Female,7,F,9,0.5305775751149822,voting,0.375,1,18,0,4.75,knife,False
136,13,D7 Male,7,M,5,0.4653464314821625,voting,0.20833333333333334,0,4,1,18.333333333333332,spear,False
136,14,D8 Female,8,F,6,0.6007535856386383,voting,0.33,0,6,1,15.375,dehydration,False
136,15,D8 Male,8,M,8,0.5439065537987412,voting,0.41333333333333333,3,9,1,10.208333333333334,dehydration,False
136,16,D9 Female,9,F,8,0.6492301677904755,voting,0.41333333333333333,1,13,1,7.541666666666667,knife,False
136,17,D9 Male,9,M,6,0.5752441507158493,voting,0.41000000000000003,0,1,2,18.958333333333332,,True
136,18,D10 Female,10,F,10,0.6235220289149251,voting,0.4166666666666667,0,23,0,2.7916666666666665,fists,False
136,19,D10 Male,10,M,3,0.3274091475809404,voting,0.20500000000000002,1,2,2,18.916666666666668,dehydration,False
136,20,D11 Female,11,F,3,0.299819093168255,voting,0.125,0,16,0,5.25,rock,False
136,21,D11 Male,11,M,6,0.6535199236956065,voting,0.33,0,21,1,3.0,dehydration,False
136,22,D12 Female,12,F,5,0.6004036056589639,voting,0.28833333333333333,0,3,1,18.833333333333332,dehydration,False
136,23,D12 Male,12,M,8,0.46182330380446635,voting,0.3333333333333333,0,22,0,3.0,fists,False
137,0,D1 Female,1,F,10,0.7114256856416477,voting,0.6666666666666667,0,17,0,3.0,dehydration,False
137,1,D1 Male,1,M,4,0.4345735078328393,voting,0.41666666666666663,2,15,0,3.5416666666666665,fists,False
137,2,D2 Female,2,F,6,0.5804697571989257,voting,0.5,0,5,0,14.083333333333334,bow,False
137,3,D2 Male,2,M,7,0.37276934973320525,voting,0.5416666666666667,0,24,0,1.5833333333333333,fists,False
137,4,D3 Female,3,F,11,0.6135195731946479,voting,0.6183333333333333,1,4,2,15.25,bow,False
137,5,D3 Male,3,M,3,0.46981003770903684,voting,0.125,0,13,1,4.333333333333333,fists,False
137,6,D4 Female,4,F,5,0.5313979599132704,voting,0.45833333333333337,0,14,0,3.7083333333333335,untreated wound,False
137,7,D4 Male,4,M,5,0.5928915209108117,voting,0.45833333333333337,0,7,1,12.916666666666666,rock,False
137,8,D5 Female,5,F,6,0.5123254437478595,voting,0.25,1,3,3,16.041666666666668,bow,False
137,9,D5 Male,5,M,10,0.5553719391169982,voting,0.4166666666666667,0,9,0,10.833333333333334,arena hazard,False
137,10,D6 Female,6,F,9,0.4986793167346565,voting,0.375,1,18,0,2.9166666666666665,fists,False
137,11,D6 Male,6,M,3,0.402450441482038,voting,0.125,0,16,0,3.125,fists,False
137,12,D7 Female,7,F,4,0.4781778631164484,voting,0.16666666666666666,0,19,1,2.7916666666666665,fists,False
137,13,D7 Male,7,M,9,0.6146554076154468,voting,0.535,0,12,2,4.375,dehydration,False
137,14,D8 Female,8,F,12,0.8811234880319485,voting,0.74,2,1,4,16.208333333333332,,True
137,15,D8 Male,8,M,8,0.47133097187933953,voting,0.41333333333333333,1,6,1,13.041666666666666,bow,False
137,16,D9 Female,9,F,3,0.47747771112305337,voting,0.125,1,8,0,11.041666666666666,rock,False
137,17,D9 Male,9,M,7,0.664427024012385,voting,0.3716666666666667,0,2,2,16.166666666666668,rock,False
137,18,D10 Female,10,F,5,0.5070617178808485,voting,0.20833333333333334,0,20,0,2.4166666666666665,fists,False
137,19,D10 Male,10,M,8,0.534451235933569,voting,0.41333333333333333,2,10,1,9.541666666666666,dehydration,False
137,20,D11 Female,11,F,1,0.3334559933588649,voting,0.041666666666666664,0,21,0,2.4166666666666665,fists,False
137,21,D11 Male,11,M,6,0.5835641352431784,voting,0.25,0,11,0,6.833333333333333,fists,False
137,22,D12 Female,12,F,8,0.6348250995830298,voting,0.3333333333333333,0,22,0,2.375,fists,False
137,23,D12 Male,12,M,4,0.2546059992094167,voting,0.16666666666666666,0,23,0,2.3333333333333335,fists,False
138,0,D1 Female,1,F,6,0.46266532132144406,voting,0.5,0,20,0,2.9583333333333335,fists,False
138,1,D1 Male,1,M,4,0.2856646271343668,voting,0.41666666666666663,0,23,0,2.0,fists,False
138,2,D2 Female,2,F,4,0.35985480351976984,voting,0.41666666666666663,0,21,0,2.75,fists,False
138,3,D2 Male,2,M,5,0.34160077611047307,voting,0.45833333333333337,0,12,0,8.458333333333334,knife,False
138,4,D3 Female,3,F,5,0.48474371033094044,voting,0.20833333333333334,0,19,0,3.0,dehydration,False
138,5,D3 Male,3,M,5,0.5819728066738161,voting,0.36833333333333335,0,9,2,13.25,spear,False
138,6,D4 Female,4,F,7,0.47423885276193595,voting,0.6216666666666667,1,17,1,3.25,fists,False
138,7,D4 Male,4,M,10,0.6254547666964587,voting,0.6666666666666667,1,10,0,11.041666666666666,knife,False
138,8,D5 Female,5,F,8,0.7047716389515213,voting,0.3333333333333333,0,14,0,7.416666666666667,knife,False
138,9,D5 Male,5,M,1,0.15299652649727644,voting,0.041666666666666664,0,15,0,5.5,fists,False
138,10,D6 Female,6,F,4,0.23036187286881393,voting,0.16666666666666666,0,5,1,16.083333333333332,spear,False
138,11,D6 Male,6,M,7,0.7049622679318575,voting,0.3716666666666667,0,3,2,16.666666666666668,arena hazard,False
138,12,D7 Female,7,F,5,0.48365086668803403,voting,0.20833333333333334,0,22,0,2.375,fists,False
138,13,D7 Male,7,M,3,0.5297884230557138,voting,0.125,0,8,0,14.625,knife,False
138,14,D8 Female,8,F,6,0.3771266030108582,voting,0.25,0,11,0,9.666666666666666,untreated wound,False
138,15,D8 Male,8,M,9,0.5371024902944849,voting,0.375,1,4,2,16.291666666666668,spear,False
138,16,D9 Female,9,F,5,0.527296876953923,voting,0.20833333333333334,0,16,1,4.083333333333333,fists,False
138,17,D9 Male,9,M,10,0.8243305143296747,voting,0.4166666666666667,0,18,0,3.0,dehydration,False
138,18,D10 Female,10,F,10,0.8183884163089206,voting,0.4166666666666667,0,2,2,18.25,bow,False
138,19,D10 Male,10,M,4,0.5177976705646412,voting,0.24666666666666665,0,13,1,8.125,dehydration,False
138,20,D11 Female,11,F,11,0.7621286464035658,voting,0.4583333333333333,0,1,4,18.291666666666668,,True
138,21,D11 Male,11,M,9,0.7429003020496432,voting,0.455,2,6,1,15.0,sword,False
138,22,D12 Female,12,F,5,0.5016280372922994,voting,0.28833333333333333,0,7,1,14.875,sword,False
138,23,D12 Male,12,M,4,0.37894272554687247,voting,0.16666666666666666,0,24,0,1.7083333333333333,fists,False
139,0,D1 Female,1,F,10,0.5429834016266991,voting,0.8266666666666668,3,3,3,17.708333333333332,spear,False
139,1,D1 Male,1,M,3,0.4257937339764327,voting,0.375,0,13,0,6.208333333333333,fists,False
139,2,D2 Female,2,F,5,0.2517475339206073,voting,0.45833333333333337,0,18,0,4.25,fists,False
139,3,D2 Male,2,M,7,0.5953285580474288,voting,0.5416666666666667,0,12,0,6.291666666666667,fists,False
139,4,D3 Female,3,F,8,0.5001004295070604,voting,0.3333333333333333,0,14,0,5.875,dehydration,False
139,5,D3 Male,3,M,8,0.520756550430207,voting,0.41333333333333333,1,2,2,17.708333333333332,bow,False
139,6,D4 Female,4,F,4,0.3487482189268728,voting,0.49666666666666665,0,19,1,3.7083333333333335,untreated wound,False
139,7,D4 Male,4,M,4,0.5529328148249488,voting,0.41666666666666663,0,15,0,5.625,dehydration,False
139,8,D5 Female,5,F,1,0.11176286380063885,voting,0.041666666666666664,0,20,0,3.0,dehydration,False
139,9,D5 Male,5,M,5,0.3194632660648645,voting,0.20833333333333334,0,24,0,2.0833333333333335,fists,False
139,10,D6 Female,6,F,7,0.4274779673218741,voting,0.2916666666666667,0,5,1,17.583333333333332,bow,False
139,11,D6 Male,6,M,9,0.46000971604408897,voting,0.455,0,6,1,15.208333333333334,bow,False
139,12,D7 Female,7,F,7,0.36857155306337747,voting,0.2916666666666667,0,16,0,5.625,fists,False
139,13,D7 Male,7,M,6,0.6318041328104096,voting,0.25,0,10,0,7.833333333333333,fists,False
139,14,D8 Female,8,F,8,0.5138488599625836,voting,0.3333333333333333,0,22,0,2.5833333333333335,fists,False
139,15,D8 Male,8,M,2,0.28379693650017174,voting,0.08333333333333333,0,17,0,4.75,fists,False
139,16,D9 Female,9,F,7,0.4629576406711746,voting,0.2916666666666667,0,9,1,8.125,spear,False
139,17,D9 Male,9,M,9,0.7934285931272389,voting,0.375,0,1,4,17.75,,True
139,18,D10 Female,10,F,5,0.5189752171756672,voting,0.28833333333333333,1,8,1,11.458333333333334,spear,False
139,19,D10 Male,10,M,8,0.7005521262880681,voting,0.41333333333333333,1,4,2,17.666666666666668,bow,False
139,20,D11 Female,11,F,3,0.441378992620008,voting,0.125,0,21,0,2.9166666666666665,fists,False
139,21,D11 Male,11,M,5,0.26298158799091753,voting,0.20833333333333334,0,23,0,2.2083333333333335,fists,False
139,22,D12 Female,12,F,9,0.6108174248022725,voting,0.535,1,7,2,11.541666666666666,bow,False
139,23,D12 Male,12,M,4,0.22827873047053177,voting,0.16666666666666666,0,11,1,6.875,spear,False
140,0,D1 Female,1,F,8,0.4476056663364987,voting,0.5833333333333333,0,11,0,5.833333333333333,fists,False
140,1,D1 Male,1,M,5,0.3218469450490058,voting,0.45833333333333337,1,18,0,3.625,fists,False
140,2,D2 Female,2,F,8,0.6037465371910609,voting,0.5833333333333333,0,6,0,11.0,arena hazard,False
140,3,D2 Male,2,M,4,0.4763609753385557,voting,0.49666666666666665,0,5,1,12.041666666666666,arena hazard,False
140,4,D3 Female,3,F,5,0.6465676461340865,voting,0.28833333333333333,1,3,1,15.5,rock,False
140,5,D3 Male,3,M,11,0.69845427396764,voting,0.4583333333333333,0,22,0,2.5416666666666665,fists,False
140,6,D4 Female,4,F,5,0.2604506936652959,voting,0.45833333333333337,0,15,0,4.333333333333333,fists,False
140,7,D4 Male,4,M,3,0.3955063195378373,voting,0.375,0,24,0,2.25,fists,False
140,8,D5 Female,5,F,7,0.5326918274569011,voting,0.3716666666666667,0,9,1,6.25,knife,False
140,9,D5 Male,5,M,6,0.3845723622131713,voting,0.25,0,7,0,10.375,dehydration,False
140,10,D6 Female,6,F,9,0.5433210560665926,voting,0.375,0,10,0,5.875,dehydration,False
140,11,D6 Male,6,M,2,0.3375492190217765,voting,0.16333333333333333,0,20,1,3.0,dehydration,False
140,12,D7 Female,7,F,9,0.5827288202562948,voting,0.375,0,21,0,2.6666666666666665,fists,False
140,13,D7 Male,7,M,6,0.48480004491861867,voting,0.25,0,17,0,4.125,dehydration,False
140,14,D8 Female,8,F,4,0.41208241532625056,voting,0.16666666666666666,0,16,0,4.166666666666667,fists,False
140,15,D8 Male,8,M,4,0.42800705078529633,voting,0.24666666666666665,0,1,2,17.0,,True
140,16,D9 Female,9,F,6,0.6282816948448393,voting,0.33,1,14,1,4.791666666666667,dehydration,False
140,17,D9 Male,9,M,9,0.8036670145949245,voting,0.455,2,4,1,14.458333333333334,dehydration,False
140,18,D10 Female,10,F,7,0.5501132234188303,voting,0.3716666666666667,0,19,1,3.0,dehydration,False
140,19,D10 Male,10,M,6,0.6345201595610594,voting,0.25,0,8,1,7.458333333333333,fists,False
140,20,D11 Female,11,F,7,0.43886713847328457,voting,0.2916666666666667,0,12,0,5.333333333333333,dehydration,False
140,21,D11 Male,11,M,2,0.20312097788017308,voting,0.08333333333333333,0,23,0,2.2916666666666665,fists,False
140,22,D12 Female,12,F,6,0.586493327801922,voting,0.33,0,2,2,16.958333333333332,bow,False
140,23,D12 Male,12,M,8,0.6671751226194114,voting,0.3333333333333333,0,13,1,4.958333333333333,fists,False
141,0,D1 Female,1,F,10,0.872798729043524,voting,0.8266666666666668,2,1,4,16.791666666666668,,True
141,1,D1 Male,1,M,12,0.8407720265255791,voting,0.83,1,12,1,5.083333333333333,fists,False
141,2,D2 Female,2,F,7,0.5326026486646058,voting,0.5416666666666667,0,21,0,2.7916666666666665,fists,False
141,3,D2 Male,2,M,7,0.6167996285155073,voting,0.6216666666666667,0,14,1,3.375,fists,False
141,4,D3 Female,3,F,8,0.49828110773551565,voting,0.3333333333333333,0,18,0,2.9583333333333335,fists,False
141,5,D3 Male,3,M,7,0.7152396126058689,voting,0.2916666666666667,0,24,0,1.7083333333333333,fists,False
141,6,D4 Female,4,F,6,0.41062749847416163,voting,0.5,0,13,0,4.458333333333333,rock,False
141,7,D4 Male,4,M,7,0.6588634045595005,voting,0.6216666666666667,0,20,1,2.8333333333333335,fists,False
141,8,D5 Female,5,F,8,0.4162788017498628,voting,0.3333333333333333,0,3,0,16.666666666666668,sword,False
141,9,D5 Male,5,M,8,0.7911932700216733,voting,0.3333333333333333,0,16,0,3.0,dehydration,False
141,10,D6 Female,6,F,10,0.5694924267667694,voting,0.4966666666666667,1,11,1,7.791666666666667,dehydration,False
141,11,D6 Male,6,M,2,0.4282896187062917,voting,0.16333333333333333,1,6,1,13.083333333333334,knife,False
141,12,D7 Female,7,F,6,0.47061468499181064,voting,0.25,0,22,0,2.7083333333333335,rock,False
141,13,D7 Male,7,M,5,0.5919787669435899,voting,0.20833333333333334,0,23,0,1.8333333333333333,fists,False
141,14,D8 Female,8,F,9,0.6913510437523467,voting,0.375,0,7,3,12.083333333333334,spear,False
141,15,D8 Male,8,M,7,0.4450866958624662,voting,0.2916666666666667,1,5,1,15.625,spear,False
141,16,D9 Female,9,F,6,0.5592358920877231,voting,0.33,0,10,1,8.125,untreated wound,False
141,17,D9 Male,9,M,8,0.587691498548609,voting,0.4933333333333333,2,4,2,15.958333333333334,dehydration,False
141,18,D10 Female,10,F,6,0.4573972046849914,voting,0.25,0,2,0,16.75,dehydration,False
141,19,D10 Male,10,M,3,0.4596411840806349,voting,0.125,0,15,0,3.0,dehydration,False
141,20,D11 Female,11,F,3,0.36810166981159376,voting,0.125,0,17,0,3.0,fists,False
141,21,D11 Male,11,M,7,0.3722446485376448,voting,0.2916666666666667,0,8,0,10.875,rock,False
141,22,D12 Female,12,F,3,0.2377902209349941,voting,0.125,0,19,0,2.9166666666666665,fists,False
141,23,D12 Male,12,M,5,0.3484697087038739,voting,0.28833333333333333,2,9,1,10.083333333333334,spear,False
142,0,D1 Female,1,F,3,0.5342945537230906,voting,0.615,1,1,3,17.291666666666668,,True
142,1,D1 Male,1,M,8,0.4492219779724128,voting,0.5833333333333333,0,21,0,3.1666666666666665,rock,False
142,2,D2 Female,2,F,9,0.641340990646844,voting,0.625,0,13,0,6.458333333333333,untreated wound,False
142,3,D2 Male,2,M,4,0.4646366066167238,voting,0.41666666666666663,0,22,0,2.0,fists,False
142,4,D3 Female,3,F,3,0.4056168263908715,voting,0.125,0,14,0,6.458333333333333,fists,False
142,5,D3 Male,3,M,6,0.3267884304812039,voting,0.25,0,19,0,4.625,fists,False
142,6,D4 Female,4,F,2,0.27576254579696147,voting,0.3333333333333333,0,18,0,5.458333333333333,dehydration,False
142,7,D4 Male,4,M,3,0.22214975845369994,voting,0.375,0,6,1,11.041666666666666,spear,False
142,8,D5 Female,5,F,7,0.7296587798022727,voting,0.3716666666666667,0,3,2,15.666666666666666,bow,False
142,9,D5 Male,5,M,8,0.7567824651267645,voting,0.41333333333333333,0,9,1,7.958333333333333,arena hazard,False
142,10,D6 Female,6,F,6,0.4428569977219749,voting,0.25,0,7,0,10.833333333333334,spear,False
142,11,D6 Male,6,M,6,0.4884635351526801,voting,0.25,1,8,0,8.041666666666666,spear,False
142,12,D7 Female,7,F,3,0.5304910042322031,voting,0.125,0,24,0,1.375,fists,False
142,13,D7 Male,7,M,12,0.6030535791526738,voting,0.5,1,15,0,6.083333333333333,dehydration,False
142,14,D8 Female,8,F,8,0.735087041763623,voting,0.41333333333333333,0,4,1,15.25,sword,False
142,15,D8 Male,8,M,6,0.38548953035754585,voting,0.25,0,20,0,4.625,fists,False
142,16,D9 Female,9,F,9,0.46549787116292385,voting,0.455,0,11,1,7.0,untreated wound,False
142,17,D9 Male,9,M,8,0.6312615459398792,voting,0.3333333333333333,0,17,0,5.541666666666667,rock,False
142,18,D10 Female,10,F,9,0.7892642964826173,voting,0.375,0,5,1,14.958333333333334,spear,False
142,19,D10 Male,10,M,11,0.6957799712949264,voting,0.4583333333333333,1,12,0,6.666666666666667,fists,False
142,20,D11 Female,11,F,7,0.7353605405454526,voting,0.2916666666666667,0,23,0,1.9166666666666667,fists,False
142,21,D11 Male,11,M,2,0.16347167623510778,voting,0.08333333333333333,0,16,0,6.0,dehydration,False
142,22,D12 Female,12,F,5,0.48210954663472344,voting,0.20833333333333334,0,10,1,7.208333333333333,rock,False
142,23,D12 Male,12,M,7,0.6753250950877969,voting,0.5416666666666667,1,2,5,17.25,untreated wound,False
143,0,D1 Female,1,F,8,0.6771295870847376,voting,0.5833333333333333,1,9,0,10.541666666666666,dehydration,False
143,1,D1 Male,1,M,5,0.5466524866831499,voting,0.45833333333333337,0,18,0,4.5,dehydration,False
143,2,D2 Female,2,F,11,0.774507260115071,voting,0.7083333333333333,0,15,0,6.625,spear,False
143,3,D2 Male,2,M,9,0.5885994092437274,voting,0.625,2,2,1,16.291666666666668,bow,False
143,4,D3 Female,3,F,6,0.3424791684310085,voting,0.25,1,6,0,12.041666666666666,knife,False
143,5,D3 Male,3,M,6,0.487628464507886,voting,0.25,0,19,0,4.291666666666667,fists,False
143,6,D4 Female,4,F,2,0.4843385432887614,voting,0.3333333333333333,0,17,0,4.625,fists,False
143,7,D4 Male,4,M,5,0.37026280402920075,voting,0.5383333333333333,1,20,1,4.0,untreated wound,False
143,8,D5 Female,5,F,9,0.6242484662640264,voting,0.375,0,24,0,2.4166666666666665,fists,False
143,9,D5 Male,5,M,4,0.24351065786071752,voting,0.16666666666666666,0,23,0,2.7083333333333335,fists,False
143,10,D6 Female,6,F,5,0.6144123280974638,voting,0.20833333333333334,0,12,0,10.083333333333334,knife,False
143,11,D6 Male,6,M,4,0.20188063134834774,voting,0.24666666666666665,3,1,2,16.333333333333332,,True
143,12,D7 Female,7,F,12,0.9453207172203333,voting,0.5,0,16,0,6.5,spear,False
143,13,D7 Male,7,M,10,0.8030625467539688,voting,0.4166666666666667,0,22,0,3.0,dehydration,False
143,14,D8 Female,8,F,8,0.6684608690205244,voting,0.41333333333333333,1,10,1,10.458333333333334,spear,False
143,15,D8 Male,8,M,3,0.2238768757524247,voting,0.125,0,21,0,3.0833333333333335,fists,False
143,16,D9 Female,9,F,9,0.8188976704524584,voting,0.615,2,3,3,15.666666666666666,sword,False
143,17,D9 Male,9,M,8,0.5990966933947441,voting,0.4933333333333333,0,7,2,11.0,knife,False
143,18,D10 Female,10,F,7,0.7179832057893545,voting,0.3716666666666667,0,8,1,10.583333333333334,spear,False
143,19,D10 Male,10,M,5,0.4554026834051057,voting,0.28833333333333333,0,4,1,14.5,arena hazard,False
143,20,D11 Female,11,F,7,0.5872959179246067,voting,0.2916666666666667,0,5,0,13.291666666666666,untreated wound,False
143,21,D11 Male,11,M,6,0.3374879234361807,voting,0.33,0,11,1,10.375,dehydration,False
143,22,D12 Female,12,F,3,0.5496178751249183,voting,0.20500000000000002,0,13,1,8.25,untreated wound,False
143,23,D12 Male,12,M,3,0.18018903556999694,voting,0.125,0,14,1,6.791666666666667,fists,False
144,0,D1 Female,1,F,10,0.770231057381574,voting,0.6666666666666667,1,11,0,4.791666666666667,dehydration,False
144,1,D1 Male,1,M,6,0.39398022228096663,voting,0.58,0,8,1,8.5,dehydration,False
144,2,D2 Female,2,F,5,0.3565707835130484,voting,0.45833333333333337,0,20,0,3.1666666666666665,fists,False
144,3,D2 Male,2,M,4,0.4092011707158595,voting,0.5766666666666667,0,6,2,11.625,dehydration,False
144,4,D3 Female,3,F,4,0.38993200984069454,voting,0.16666666666666666,0,17,1,4.041666666666667,fists,False
144,5,D3 Male,3,M,7,0.36110144293276947,voting,0.2916666666666667,0,12,0,4.75,fists,False
144,6,D4 Female,4,F,7,0.3623693685005278,voting,0.5416666666666667,0,9,0,6.208333333333333,rock,False
144,7,D4 Male,4,M,12,0.6822140677742463,voting,0.83,0,15,1,4.5,rock,False
144,8,D5 Female,5,F,8,0.4811656051537381,voting,0.41333333333333333,0,3,1,15.708333333333334,dehydration,False
144,9,D5 Male,5,M,5,0.5661794155915886,voting,0.28833333333333333,0,1,2,16.083333333333332,,True
144,10,D6 Female,6,F,5,0.28570848695269435,voting,0.20833333333333334,0,23,0,2.2916666666666665,fists,False
144,11,D6 Male,6,M,5,0.5519626933286573,voting,0.20833333333333334,0,14,0,4.5,dehydration,False
144,12,D7 Female,7,F,2,0.1873851770887896,voting,0.08333333333333333,0,19,0,3.1666666666666665,fists,False
144,13,D7 Male,7,M,4,0.23094696250557134,voting,0.16666666666666666,0,21,0,3.0833333333333335,fists,False
144,14,D8 Female,8,F,7,0.47449375971268065,voting,0.3716666666666667,0,16,2,4.041666666666667,fists,False
144,15,D8 Male,8,M,5,0.5356110588258156,voting,0.20833333333333334,1,5,0,12.291666666666666,spear,False
144,16,D9 Female,9,F,5,0.2942218076181396,voting,0.36833333333333335,1,4,2,13.458333333333334,arena hazard,False
144,17,D9 Male,9,M,5,0.29927132812762236,voting,0.20833333333333334,0,24,0,1.5,fists,False
144,18,D10 Female,10,F,11,0.9037444699684548,voting,0.4583333333333333,0,22,0,3.0,dehydration,False
144,19,D10 Male,10,M,5,0.4930882975232913,voting,0.20833333333333334,0,10,0,5.166666666666667,rock,False
144,20,D11 Female,11,F,7,0.4942376561925528,voting,0.2916666666666667,0,18,0,3.5,fists,False
144,21,D11 Male,11,M,4,0.48894607852063243,voting,0.24666666666666665,1,2,1,16.041666666666668,spear,False
144,22,D12 Female,12,F,7,0.6365054748735949,voting,0.2916666666666667,0,7,1,11.541666666666666,spear,False
144,23,D12 Male,12,M,9,0.6344637448484245,voting,0.455,0,13,1,4.5,dehydration,False
145,0,D1 Female,1,F,9,0.5872858713382721,voting,0.865,4,1,4,17.416666666666668,,True
145,1,D1 Male,1,M,5,0.2890733343717337,voting,0.45833333333333337,0,18,0,4.875,fists,False
145,2,D2 Female,2,F,11,0.7660248897298286,voting,0.8683333333333333,1,10,2,9.0,dehydration,False
145,3,D2 Male,2,M,5,0.4333659176777305,voting,0.5383333333333333,2,9,1,9.166666666666666,spear,False
145,4,D3 Female,3,F,9,0.8300865012222935,voting,0.455,1,6,1,13.125,bow,False
145,5,D3 Male,3,M,8,0.6603545320668973,voting,0.41333333333333333,0,2,1,17.375,bow,False
145,6,D4 Female,4,F,10,0.6237661961114309,voting,0.6666666666666667,0,8,0,10.625,dehydration,False
145,7,D4 Male,4,M,7,0.486193048849894,voting,0.5416666666666667,0,13,0,8.041666666666666,knife,False
145,8,D5 Female,5,F,9,0.6238948796593924,voting,0.455,1,20,1,4.5,dehydration,False
145,9,D5 Male,5,M,9,0.684726226240268,voting,0.375,0,17,0,4.916666666666667,spear,False
145,10,D6 Female,6,F,8,0.5270351076440206,voting,0.3333333333333333,0,14,0,6.791666666666667,fists,False
145,11,D6 Male,6,M,10,0.8931144992718274,voting,0.4966666666666667,0,4,1,14.083333333333334,dehydration,False
145,12,D7 Female,7,F,7,0.7201947582220116,voting,0.2916666666666667,0,23,0,3.0416666666666665,fists,False
145,13,D7 Male,7,M,7,0.6547583550314604,voting,0.3716666666666667,0,3,1,14.666666666666666,dehydration,False
145,14,D8 Female,8,F,5,0.6312923835414772,voting,0.20833333333333334,1,11,0,8.583333333333334,fists,False
145,15,D8 Male,8,M,7,0.6309976175192669,voting,0.3716666666666667,0,7,1,11.333333333333334,spear,False
145,16,D9 Female,9,F,10,0.6193200368437142,voting,0.4166666666666667,1,5,2,13.291666666666666,spear,False
145,17,D9 Male,9,M,3,0.2994560320539688,voting,0.125,0,24,0,1.5833333333333333,fists,False
145,18,D10 Female,10,F,8,0.5739805173445325,voting,0.3333333333333333,0,12,1,8.416666666666666,knife,False
145,19,D10 Male,10,M,6,0.4336448260846892,voting,0.25,0,16,0,5.083333333333333,dehydration,False
145,20,D11 Female,11,F,7,0.5960241338428283,voting,0.2916666666666667,0,21,0,4.25,fists,False
145,21,D11 Male,11,M,2,0.37825435386716194,voting,0.08333333333333333,0,22,0,4.25,fists,False
145,22,D12 Female,12,F,10,0.8443918283303937,voting,0.4166666666666667,0,19,1,4.666666666666667,knife,False
145,23,D12 Male,12,M,3,0.3647471477083547,voting,0.125,1,15,0,5.833333333333333,fists,False
146,0,D1 Female,1,F,9,0.8189383905679136,voting,0.625,0,7,0,14.208333333333334,dehydration,False
146,1,D1 Male,1,M,3,0.4782763725896756,voting,0.375,0,14,0,5.916666666666667,fists,False
146,2,D2 Female,2,F,7,0.6323602555652321,voting,0.5416666666666667,0,2,2,19.916666666666668,untreated wound,False
146,3,D2 Male,2,M,7,0.7428161741101029,voting,0.6216666666666667,0,16,1,4.333333333333333,untreated wound,False
146,4,D3 Female,3,F,9,0.7910906208455855,voting,0.375,0,9,0,11.375,dehydration,False
146,5,D3 Male,3,M,8,0.785112224872593,voting,0.4933333333333333,1,10,2,11.166666666666666,spear,False
146,6,D4 Female,4,F,5,0.3403745812035951,voting,0.45833333333333337,0,19,0,2.9166666666666665,fists,False
146,7,D4 Male,4,M,4,0.543655414995174,voting,0.41666666666666663,0,23,0,2.25,fists,False
146,8,D5 Female,5,F,7,0.4445565347827052,voting,0.2916666666666667,0,18,0,3.4166666666666665,fists,False
146,9,D5 Male,5,M,9,0.6391898259399125,voting,0.375,0,22,0,2.3333333333333335,fists,False
146,10,D6 Female,6,F,4,0.5297748853362652,voting,0.16666666666666666,0,21,2,2.6666666666666665,fists,False
146,11,D6 Male,6,M,4,0.55627399525287,voting,0.16666666666666666,0,20,1,2.6666666666666665,fists,False
146,12,D7 Female,7,F,8,0.515491909241629,voting,0.3333333333333333,1,4,1,19.375,spear,False
146,13,D7 Male,7,M,7,0.38392362809117747,voting,0.2916666666666667,0,11,0,8.25,fists,False
146,14,D8 Female,8,F,8,0.4318278477506083,voting,0.3333333333333333,0,17,0,4.25,fists,False
146,15,D8 Male,8,M,8,0.4916611094809497,voting,0.3333333333333333,0,24,0,2.125,fists,False
146,16,D9 Female,9,F,4,0.31810124333366363,voting,0.16666666666666666,0,13,0,6.833333333333333,fists,False
146,17,D9 Male,9,M,5,0.3232352215375358,voting,0.20833333333333334,0,15,0,4.791666666666667,fists,False
146,18,D10 Female,10,F,7,0.7122708603208519,voting,0.45166666666666666,1,8,2,13.625,bow,False
146,19,D10 Male,10,M,5,0.46516145507893025,voting,0.20833333333333334,1,6,1,15.083333333333334,bow,False
146,20,D11 Female,11,F,5,0.4819919437255125,voting,0.44833333333333336,0,12,3,7.25,untreated wound,False
146,21,D11 Male,11,M,8,0.4362213496275606,voting,0.3333333333333333,0,5,0,17.958333333333332,spear,False
146,22,D12 Female,12,F,6,0.4934902309523047,voting,0.25,0,1,0,19.958333333333332,,True
146,23,D12 Male,12,M,10,0.5743219422495232,voting,0.4966666666666667,1,3,3,19.375,spear,False
147,0,D1 Female,1,F,3,0.2689718402768976,voting,0.455,0,12,1,8.625,rock,False
147,1,D1 Male,1,M,4,0.5657371835698934,voting,0.41666666666666663,0,10,0,9.041666666666666,untreated wound,False
147,2,D2 Female,2,F,11,0.8563641572237446,voting,0.9583333333333333,1,8,5,11.333333333333334,spear,False
147,3,D2 Male,2,M,7,0.3563202783476338,voting,0.5416666666666667,0,9,1,11.333333333333334,rock,False
147,4,D3 Female,3,F,4,0.3441163034549155,voting,0.16666666666666666,0,15,0,6.375,rock,False
147,5,D3 Male,3,M,7,0.4084637555862868,voting,0.2916666666666667,0,22,0,2.5,fists,False
147,6,D4 Female,4,F,5,0.53853696908929,voting,0.45833333333333337,1,7,1,12.416666666666666,spear,False
147,7,D4 Male,4,M,2,0.10870783005339332,voting,0.3333333333333333,0,5,0,16.541666666666668,bow,False
147,8,D5 Female,5,F,5,0.6385844569781436,voting,0.20833333333333334,0,17,0,5.25,spear,False
147,9,D5 Male,5,M,7,0.39127934728662817,voting,0.2916666666666667,0,21,0,2.5833333333333335,fists,False
147,10,D6 Female,6,F,5,0.509722441858175,voting,0.20833333333333334,0,1,3,18.375,,True
147,11,D6 Male,6,M,10,0.5061198863636883,voting,0.4166666666666667,0,13,0,8.125,rock,False
147,12,D7 Female,7,F,7,0.4785105186514057,voting,0.2916666666666667,1,16,0,5.875,rock,False
147,13,D7 Male,7,M,6,0.34015410961119896,voting,0.25,0,19,0,3.7916666666666665,fists,False
147,14,D8 Female,8,F,10,0.6220831585066959,voting,0.4166666666666667,0,3,0,17.5,bow,False
147,15,D8 Male,8,M,10,0.6754628432085736,voting,0.4166666666666667,0,23,0,2.4583333333333335,fists,False
147,16,D9 Female,9,F,5,0.3359115855371296,voting,0.20833333333333334,0,24,0,1.6666666666666667,fists,False
147,17,D9 Male,9,M,6,0.5756251988881393,voting,0.25,0,6,0,15.041666666666666,bow,False
147,18,D10 Female,10,F,9,0.541378416804444,voting,0.375,0,14,0,6.708333333333333,knife,False
147,19,D10 Male,10,M,7,0.43928040781587285,voting,0.3716666666666667,0,11,1,8.875,untreated wound,False
147,20,D11 Female,11,F,6,0.42637584851017574,voting,0.41000000000000003,0,2,4,18.333333333333332,spear,False
147,21,D11 Male,11,M,8,0.4785512997506711,voting,0.41333333333333333,0,20,1,3.1666666666666665,untreated wound,False
147,22,D12 Female,12,F,5,0.5838661598372108,voting,0.20833333333333334,1,4,0,16.833333333333332,arena hazard,False
147,23,D12 Male,12,M,4,0.5451840697914501,voting,0.24666666666666665,0,18,1,4.5,dehydration,False
148,0,D1 Female,1,F,8,0.5885036521846716,voting,0.5833333333333333,0,20,0,3.0,dehydration,False
148,1,D1 Male,1,M,6,0.62091255583038,voting,0.5,0,22,0,1.7916666666666667,fists,False
148,2,D2 Female,2,F,9,0.4752331772089061,voting,0.705,0,16,1,4.041666666666667,rock,False
148,3,D2 Male,2,M,8,0.7775449330383805,voting,0.7433333333333333,1,1,4,15.583333333333334,,True
148,4,D3 Female,3,F,3,0.1578553420557636,voting,0.125,0,13,0,6.666666666666667,spear,False
148,5,D3 Male,3,M,7,0.5772442972647419,voting,0.45166666666666666,1,3,2,15.458333333333334,spear,False
148,6,D4 Female,4,F,3,0.5431303342416663,voting,0.375,0,10,0,7.125,spear,False
148,7,D4 Male,4,M,10,0.6113065531763484,voting,0.6666666666666667,0,24,0,1.1666666666666667,fists,False
148,8,D5 Female,5,F,5,0.3076532537214914,voting,0.20833333333333334,0,23,0,1.75,fists,False
148,9,D5 Male,5,M,6,0.3230588209557515,voting,0.25,0,11,1,6.75,fists,False
148,10,D6 Female,6,F,6,0.5773894871012903,voting,0.25,0,17,0,3.375,fists,False
148,11,D6 Male,6,M,11,0.7193272921665306,voting,0.4583333333333333,0,15,0,6.416666666666667,spear,False
148,12,D7 Female,7,F,4,0.215584335706568,voting,0.16666666666666666,0,4,0,13.375,sword,False
148,13,D7 Male,7,M,8,0.5025554920360127,voting,0.3333333333333333,0,14,1,6.416666666666667,knife,False
148,14,D8 Female,8,F,9,0.7005774838944165,voting,0.455,3,8,1,7.5,dehydration,False
148,15,D8 Male,8,M,10,0.5042721058150157,voting,0.4166666666666667,0,21,0,2.0,fists,False
148,16,D9 Female,9,F,6,0.49227951713320217,voting,0.25,0,19,0,3.0,dehydration,False
148,17,D9 Male,9,M,2,0.3261954234583185,voting,0.3233333333333333,0,5,3,12.125,dehydration,False
148,18,D10 Female,10,F,4,0.5388511295893924,voting,0.24666666666666665,0,2,2,15.541666666666666,bow,False
148,19,D10 Male,10,M,8,0.7601299590572499,voting,0.3333333333333333,0,7,0,7.75,knife,False
148,20,D11 Female,11,F,9,0.5147271557855946,voting,0.455,0,9,1,7.375,dehydration,False
148,21,D11 Male,11,M,4,0.36675056556552404,voting,0.16666666666666666,0,18,0,3.1666666666666665,fists,False
148,22,D12 Female,12,F,9,0.6580864684270847,voting,0.455,1,6,1,9.041666666666666,sword,False
148,23,D12 Male,12,M,7,0.4696092203400023,voting,0.2916666666666667,0,12,0,6.666666666666667,dehydration,False
149,0,D1 Female,1,F,8,0.5603948104802865,voting,0.5833333333333333,0,17,0,3.2916666666666665,fists,False
149,1,D1 Male,1,M,10,0.7167873488026135,voting,0.6666666666666667,0,23,0,3.0,dehydration,False
149,2,D2 Female,2,F,6,0.3423287905672172,voting,0.5,0,22,0,3.0,dehydration,False
149,3,D2 Male,2,M,5,0.31161202121015114,voting,0.45833333333333337,0,21,0,3.0,dehydration,False
149,4,D3 Female,3,F,8,0.43242150553691355,voting,0.3333333333333333,0,11,0,9.125,knife,False
149,5,D3 Male,3,M,5,0.3222635410394132,voting,0.20833333333333334,0,15,1,3.8333333333333335,fists,False
149,6,D4 Female,4,F,9,0.49650467101050755,voting,0.625,1,18,0,3.125,fists,False
149,7,D4 Male,4,M,5,0.5868994221011019,voting,0.6183333333333334,0,1,4,16.541666666666668,,True
149,8,D5 Female,5,F,3,0.33634107144925474,voting,0.125,0,24,0,2.9583333333333335,fists,False
149,9,D5 Male,5,M,8,0.6127916848917032,voting,0.3333333333333333,0,20,0,3.0,dehydration,False
149,10,D6 Female,6,F,1,0.3280173672313436,voting,0.041666666666666664,0,19,0,3.0,dehydration,False
149,11,D6 Male,6,M,10,0.6429069037104628,voting,0.5766666666666667,1,4,3,13.416666666666666,spear,False
149,12,D7 Female,7,F,7,0.5860398890087817,voting,0.3716666666666667,2,2,1,16.5,sword,False
149,13,D7 Male,7,M,9,0.6388910198952938,voting,0.375,1,9,0,9.75,arena hazard,False
149,14,D8 Female,8,F,7,0.5364538641494228,voting,0.2916666666666667,0,14,0,3.875,fists,False
149,15,D8 Male,8,M,8,0.5668284167811359,voting,0.3333333333333333,0,8,1,9.958333333333334,knife,False
149,16,D9 Female,9,F,5,0.4222066694272796,voting,0.36833333333333335,0,6,2,12.708333333333334,untreated wound,False
149,17,D9 Male,9,M,2,0.16685071979951527,voting,0.08333333333333333,0,13,0,5.291666666666667,fists,False
149,18,D10 Female,10,F,7,0.6631007082677054,voting,0.2916666666666667,2,12,0,6.0,fists,False
149,19,D10 Male,10,M,2,0.25619336192558884,voting,0.08333333333333333,0,3,0,15.166666666666666,sword,False
149,20,D11 Female,11,F,7,0.7164476042090147,voting,0.3716666666666667,0,7,1,10.958333333333334,dehydration,False
149,21,D11 Male,11,M,8,0.6172434690374016,voting,0.3333333333333333,1,10,0,9.541666666666666,sword,False
149,22,D12 Female,12,F,5,0.3581171453463273,voting,0.28833333333333333,0,16,1,3.3333333333333335,fists,False
149,23,D12 Male,12,M,7,0.6923935940521797,voting,0.3716666666666667,0,5,1,12.916666666666666,knife,False
150,0,D1 Female,1,F,1,0.44779670357443796,voting,0.2916666666666667,1,16,0,6.25,rock,False
150,1,D1 Male,1,M,7,0.6742262106784602,voting,0.5416666666666667,0,8,1,12.791666666666666,spear,False
150,2,D2 Female,2,F,5,0.2956464299256817,voting,0.45833333333333337,0,6,1,13.541666666666666,spear,False
150,3,D2 Male,2,M,2,0.33127953738767507,voting,0.3333333333333333,0,21,0,4.125,fists,False
150,4,D3 Female,3,F,4,0.3477609126956306,voting,0.16666666666666666,0,5,1,15.666666666666666,spear,False
150,5,D3 Male,3,M,8,0.43774236646426945,voting,0.41333333333333333,0,10,1,9.625,rock,False
150,6,D4 Female,4,F,11,0.9343310945366259,voting,0.7083333333333333,0,14,0,7.208333333333333,knife,False
150,7,D4 Male,4,M,6,0.3228239380090359,voting,0.5,1,15,0,6.958333333333333,rock,False
150,8,D5 Female,5,F,8,0.6420554721836937,voting,0.4933333333333333,2,1,4,17.916666666666668,,True
150,9,D5 Male,5,M,8,0.5099958625629624,voting,0.41333333333333333,0,22,1,3.7083333333333335,untreated wound,False
150,10,D6 Female,6,F,4,0.4169724584758671,voting,0.24666666666666665,0,17,1,5.625,untreated wound,False
150,11,D6 Male,6,M,7,0.5081246486666955,voting,0.45166666666666666,0,2,2,17.875,bow,False
150,12,D7 Female,7,F,6,0.4376483996441419,voting,0.25,0,19,0,5.5,untreated wound,False
150,13,D7 Male,7,M,1,0.32173772093065905,voting,0.041666666666666664,0,7,0,12.916666666666666,arena hazard,False
150,14,D8 Female,8,F,9,0.8458678190627749,voting,0.375,0,12,0,7.541666666666667,rock,False
150,15,D8 Male,8,M,7,0.482685759752637,voting,0.2916666666666667,0,20,0,4.5,arena hazard,False
150,16,D9 Female,9,F,7,0.6215980766262285,voting,0.2916666666666667,0,23,0,3.3333333333333335,dehydration,False
150,17,D9 Male,9,M,8,0.6002739042601284,voting,0.3333333333333333,1,13,0,7.5,knife,False
150,18,D10 Female,10,F,6,0.5820920317093902,voting,0.25,0,11,0,8.083333333333334,bow,False
150,19,D10 Male,10,M,5,0.5704311186435728,voting,0.28833333333333333,0,3,1,17.291666666666668,untreated wound,False
150,20,D11 Female,11,F,9,0.7354511632594545,voting,0.375,0,18,0,5.5,untreated wound,False
150,21,D11 Male,11,M,5,0.5624313909572958,voting,0.20833333333333334,0,24,0,2.2083333333333335,fists,False
150,22,D12 Female,12,F,7,0.44314166251009685,voting,0.3716666666666667,0,9,1,12.625,knife,False
150,23,D12 Male,12,M,8,0.6321571358154485,voting,0.41333333333333333,1,4,1,15.875,spear,False
151,0,D1 Female,1,F,6,0.4477654305860181,voting,0.5,0,22,1,1.9583333333333333,fists,False
151,1,D1 Male,1,M,6,0.6090906409102855,voting,0.5,0,9,3,10.541666666666666,spear,False
151,2,D2 Female,2,F,6,0.643309065538276,voting,0.5,0,23,0,1.625,fists,False
151,3,D2 Male,2,M,5,0.3011264594177981,voting,0.45833333333333337,0,10,0,8.833333333333334,fists,False
151,4,D3 Female,3,F,11,0.8585166532517822,voting,0.5383333333333333,0,21,1,2.75,fists,False
151,5,D3 Male,3,M,5,0.38405531737461684,voting,0.20833333333333334,0,16,0,5.708333333333333,dehydration,False
151,6,D4 Female,4,F,5,0.506677102730662,voting,0.5383333333333333,0,17,1,5.25,dehydration,False
151,7,D4 Male,4,M,3,0.5360973192222573,voting,0.375,0,8,0,10.583333333333334,spear,False
151,8,D5 Female,5,F,7,0.523003022112142,voting,0.2916666666666667,0,20,0,3.0833333333333335,fists,False
151,9,D5 Male,5,M,6,0.33060370671161754,voting,0.25,1,15,0,6.208333333333333,fists,False
151,10,D6 Female,6,F,2,0.11865505777378046,voting,0.08333333333333333,0,24,0,1.5,fists,False
151,11,D6 Male,6,M,5,0.34712414140908854,voting,0.20833333333333334,1,5,0,14.125,dehydration,False
151,12,D7 Female,7,F,2,0.30464418339498145,voting,0.08333333333333333,0,12,0,7.791666666666667,fists,False
151,13,D7 Male,7,M,8,0.7818931938472002,voting,0.3333333333333333,1,1,4,18.125,,True
151,14,D8 Female,8,F,7,0.6836074579217508,voting,0.2916666666666667,0,7,2,10.708333333333334,rock,False
151,15,D8 Male,8,M,4,0.5131801988091087,voting,0.24666666666666665,0,11,1,7.916666666666667,fists,False
151,16,D9 Female,9,F,5,0.40019031617818435,voting,0.20833333333333334,0,13,0,7.625,fists,False
151,17,D9 Male,9,M,7,0.3513068964621532,voting,0.2916666666666667,0,19,0,3.4583333333333335,fists,False
151,18,D10 Female,10,F,12,0.95,voting,0.58,1,2,1,18.083333333333332,bow,False
151,19,D10 Male,10,M,3,0.33429278355291375,voting,0.20500000000000002,0,6,1,13.875,dehydration,False
151,20,D11 Female,11,F,2,0.42621055094786586,voting,0.08333333333333333,0,18,0,4.083333333333333,fists,False
151,21,D11 Male,11,M,7,0.507036191703111,voting,0.3716666666666667,0,3,1,17.833333333333332,dehydration,False
151,22,D12 Female,12,F,3,0.5122280203503163,voting,0.28500000000000003,0,4,2,16.458333333333332,spear,False
151,23,D12 Male,12,M,6,0.46647188469549017,voting,0.25,0,14,0,7.0,fists,False
152,0,D1 Female,1,F,5,0.2552529607577634,voting,0.45833333333333337,0,13,0,4.833333333333333,rock,False
152,1,D1 Male,1,M,7,0.6235670651461731,voting,0.5416666666666667,0,21,0,2.625,fists,False
152,2,D2 Female,2,F,4,0.4782832716389849,voting,0.41666666666666663,0,11,1,9.875,sword,False
152,3,D2 Male,2,M,7,0.48291247283402877,voting,0.5416666666666667,1,1,0,17.541666666666668,,True
152,4,D3 Female,3,F,5,0.42479298397008924,voting,0.20833333333333334,0,12,0,6.041666666666667,untreated wound,False
152,5,D3 Male,3,M,8,0.7005279314111346,voting,0.3333333333333333,0,15,0,4.125,untreated wound,False
152,6,D4 Female,4,F,6,0.6030688841355398,voting,0.5,0,17,0,3.25,fists,False
152,7,D4 Male,4,M,7,0.5155588605582326,voting,0.6216666666666667,0,16,1,3.4166666666666665,fists,False
152,8,D5 Female,5,F,2,0.4117658675639887,voting,0.08333333333333333,0,20,0,2.7916666666666665,fists,False
152,9,D5 Male,5,M,10,0.7340749589707136,voting,0.5766666666666667,1,4,2,15.75,arena hazard,False
152,10,D6 Female,6,F,9,0.7559504867753166,voting,0.455,0,8,1,12.333333333333334,spear,False
152,11,D6 Male,6,M,6,0.40383033776603294,voting,0.25,0,19,0,3.1666666666666665,fists,False
152,12,D7 Female,7,F,9,0.8102454955967517,voting,0.625,3,2,5,17.5,dehydration,False
152,13,D7 Male,7,M,7,0.7044946330867385,voting,0.3716666666666667,0,5,1,15.5,sword,False
152,14,D8 Female,8,F,11,0.8846246201470319,voting,0.4583333333333333,0,7,1,14.375,bow,False
152,15,D8 Male,8,M,4,0.27468096296399347,voting,0.16666666666666666,0,22,0,2.5833333333333335,fists,False
152,16,D9 Female,9,F,4,0.5116446800700835,voting,0.32666666666666666,0,9,2,11.791666666666666,dehydration,False
152,17,D9 Male,9,M,7,0.5912522039293119,voting,0.2916666666666667,0,23,0,1.7916666666666667,fists,False
152,18,D10 Female,10,F,6,0.41976920888285385,voting,0.25,0,14,0,4.333333333333333,rock,False
152,19,D10 Male,10,M,1,0.12703688839493635,voting,0.041666666666666664,0,6,0,14.5,arena hazard,False
152,20,D11 Female,11,F,5,0.5736488364520065,voting,0.36833333333333335,0,3,2,16.333333333333332,bow,False
152,21,D11 Male,11,M,7,0.412160832829087,voting,0.2916666666666667,0,24,0,1.2916666666666667,fists,False
152,22,D12 Female,12,F,4,0.5579461700508768,voting,0.16666666666666666,0,18,0,3.2083333333333335,fists,False
152,23,D12 Male,12,M,7,0.5597564251574427,voting,0.2916666666666667,0,10,0,11.0,arena hazard,False
153,0,D1 Female,1,F,5,0.28116446891610214,voting,0.5383333333333333,3,6,1,12.5,untreated wound,False
153,1,D1 Male,1,M,8,0.6382969422557556,voting,0.5833333333333333,0,22,0,2.7083333333333335,fists,False
153,2,D2 Female,2,F,6,0.4181072942527198,voting,0.5,0,23,0,2.6666666666666665,fists,False
153,3,D2 Male,2,M,6,0.3216922522810486,voting,0.5,0,19,0,3.25,fists,False
153,4,D3 Female,3,F,8,0.7264919183313963,voting,0.3333333333333333,0,2,4,16.791666666666668,bow,False
153,5,D3 Male,3,M,4,0.25306645536883166,voting,0.16666666666666666,0,24,0,2.5416666666666665,fists,False
153,6,D4 Female,4,F,6,0.5019686269897848,voting,0.58,1,11,1,7.458333333333333,rock,False
153,7,D4 Male,4,M,5,0.4069515985852865,voting,0.45833333333333337,0,5,0,13.125,arena hazard,False
153,8,D5 Female,5,F,7,0.5465053920411107,voting,0.2916666666666667,0,17,0,4.458333333333333,dehydration,False
153,9,D5 Male,5,M,8,0.7866951266906002,voting,0.3333333333333333,0,1,3,16.833333333333332,,True
153,10,D6 Female,6,F,5,0.35771904000674576,voting,0.20833333333333334,1,8,0,8.208333333333334,knife,False
153,11,D6 Male,6,M,9,0.5438396665091813,voting,0.375,1,3,0,15.083333333333334,bow,False
153,12,D7 Female,7,F,4,0.23989017291975112,voting,0.24666666666666665,0,12,1,6.875,untreated wound,False
153,13,D7 Male,7,M,9,0.6712063553679719,voting,0.375,0,21,0,2.75,fists,False
153,14,D8 Female,8,F,7,0.6033653808254664,voting,0.2916666666666667,0,14,0,5.416666666666667,fists,False
153,15,D8 Male,8,M,7,0.6438685590718504,voting,0.2916666666666667,0,18,2,3.375,fists,False
153,16,D9 Female,9,F,6,0.6969327033372543,voting,0.33,0,10,1,7.5,dehydration,False
153,17,D9 Male,9,M,8,0.7398961089824363,voting,0.3333333333333333,0,13,0,5.625,dehydration,False
153,18,D10 Female,10,F,6,0.6120618750463078,voting,0.25,0,4,0,14.541666666666666,bow,False
153,19,D10 Male,10,M,6,0.49721057004581587,voting,0.25,0,15,0,5.25,rock,False
153,20,D11 Female,11,F,8,0.7074963726476919,voting,0.41333333333333333,0,16,1,4.875,untreated wound,False
153,21,D11 Male,11,M,6,0.3983961280335366,voting,0.25,0,20,0,3.0416666666666665,fists,False
153,22,D12 Female,12,F,5,0.42589351597828623,voting,0.20833333333333334,0,7,1,8.75,spear,False
153,23,D12 Male,12,M,9,0.8214191415888388,voting,0.455,1,9,1,8.0,knife,False
154,0,D1 Female,1,F,8,0.7529968844746191,voting,0.7433333333333333,2,3,2,16.291666666666668,dehydration,False
154,1,D1 Male,1,M,6,0.35341066070099225,voting,0.5,0,17,0,3.9166666666666665,fists,False
154,2,D2 Female,2,F,5,0.34114131044489915,voting,0.45833333333333337,0,19,0,3.0,dehydration,False
154,3,D2 Male,2,M,5,0.5448946678047824,voting,0.45833333333333337,1,15,0,4.416666666666667,knife,False
154,4,D3 Female,3,F,2,0.1356548655510581,voting,0.08333333333333333,0,13,0,4.666666666666667,untreated wound,False
154,5,D3 Male,3,M,4,0.2628800120939767,voting,0.16666666666666666,0,12,0,4.666666666666667,untreated wound,False
154,6,D4 Female,4,F,8,0.6374165138303436,voting,0.5833333333333333,0,2,0,16.666666666666668,dehydration,False
154,7,D4 Male,4,M,10,0.8757212699848476,voting,0.7466666666666667,1,11,1,5.125,fists,False
154,8,D5 Female,5,F,10,0.6005666638107265,voting,0.4166666666666667,0,4,0,15.25,bow,False
154,9,D5 Male,5,M,6,0.33859796546336157,voting,0.25,0,22,0,1.9583333333333333,fists,False
154,10,D6 Female,6,F,8,0.5296769092671756,voting,0.3333333333333333,0,10,0,7.333333333333333,fists,False
154,11,D6 Male,6,M,7,0.6193895098561459,voting,0.2916666666666667,0,24,0,1.7916666666666667,fists,False
154,12,D7 Female,7,F,5,0.3018610583831911,voting,0.20833333333333334,1,16,0,4.375,untreated wound,False
154,13,D7 Male,7,M,9,0.6018923126202164,voting,0.455,0,7,1,10.291666666666666,dehydration,False
154,14,D8 Female,8,F,6,0.5214038714921193,voting,0.33,0,14,2,4.458333333333333,fists,False
154,15,D8 Male,8,M,6,0.3512019845412727,voting,0.25,0,20,0,2.375,fists,False
154,16,D9 Female,9,F,8,0.5423136467503555,voting,0.41333333333333333,0,5,1,11.583333333333334,dehydration,False
154,17,D9 Male,9,M,6,0.5307065380092847,voting,0.25,0,18,0,3.0,dehydration,False
154,18,D10 Female,10,F,5,0.41395035338076513,voting,0.28833333333333333,1,1,1,16.708333333333332,,True
154,19,D10 Male,10,M,5,0.4187985357959838,voting,0.28833333333333333,0,9,1,7.458333333333333,untreated wound,False
154,20,D11 Female,11,F,11,0.8546366802822063,voting,0.5383333333333333,0,6,1,10.833333333333334,sword,False
154,21,D11 Male,11,M,5,0.38990844029596455,voting,0.20833333333333334,0,21,0,2.2916666666666665,fists,False
154,22,D12 Female,12,F,8,0.7894976425805322,voting,0.3333333333333333,0,23,1,1.875,fists,False
154,23,D12 Male,12,M,7,0.634910870455019,voting,0.3716666666666667,0,8,1,8.75,untreated wound,False
155,0,D1 Female,1,F,9,0.5256611485198996,voting,0.625,0,11,1,10.208333333333334,knife,False
155,1,D1 Male,1,M,6,0.45664223156910955,voting,0.5,0,18,0,6.708333333333333,knife,False
155,2,D2 Female,2,F,5,0.5452536903966431,voting,0.45833333333333337,0,22,0,2.5833333333333335,fists,False
155,3,D2 Male,2,M,4,0.5656024844814764,voting,0.41666666666666663,1,14,0,8.041666666666666,spear,False
155,4,D3 Female,3,F,4,0.279827062781303,voting,0.16666666666666666,0,3,1,17.833333333333332,spear,False
155,5,D3 Male,3,M,6,0.5635476654476419,voting,0.33,0,16,1,7.166666666666667,dehydration,False
155,6,D4 Female,4,F,6,0.3152391496950015,voting,0.58,0,23,1,2.4166666666666665,fists,False
155,7,D4 Male,4,M,7,0.49621669529480084,voting,0.5416666666666667,0,6,0,12.875,dehydration,False
155,8,D5 Female,5,F,7,0.6935042092505037,voting,0.2916666666666667,1,21,0,4.166666666666667,fists,False
155,9,D5 Male,5,M,8,0.677028321178355,voting,0.3333333333333333,0,2,3,18.083333333333332,spear,False
155,10,D6 Female,6,F,4,0.5403273463835481,voting,0.16666666666666666,0,13,0,8.166666666666666,knife,False
155,11,D6 Male,6,M,10,0.6927744576342187,voting,0.4966666666666667,2,8,1,11.958333333333334,dehydration,False
155,12,D7 Female,7,F,1,0.3083396756352113,voting,0.041666666666666664,0,12,0,10.0,knife,False
155,13,D7 Male,7,M,5,0.5332977471578471,voting,0.20833333333333334,0,10,1,11.458333333333334,sword,False
155,14,D8 Female,8,F,5,0.26049583426343303,voting,0.20833333333333334,0,15,0,7.541666666666667,dehydration,False
155,15,D8 Male,8,M,4,0.3808681017036466,voting,0.16666666666666666,0,17,0,7.083333333333333,untreated wound,False
155,16,D9 Female,9,F,9,0.45793527629923736,voting,0.375,0,24,0,1.75,fists,False
155,17,D9 Male,9,M,5,0.26623042215101583,voting,0.20833333333333334,0,5,0,13.791666666666666,arena hazard,False
155,18,D10 Female,10,F,5,0.2585678708915796,voting,0.20833333333333334,1,20,0,4.25,fists,False
155,19,D10 Male,10,M,6,0.6741438252581271,voting,0.25,1,7,0,12.541666666666666,spear,False
155,20,D11 Female,11,F,9,0.745418677498157,voting,0.455,0,19,1,5.5,dehydration,False
155,21,D11 Male,11,M,8,0.49096525433718513,voting,0.3333333333333333,0,1,2,18.125,,True
155,22,D12 Female,12,F,4,0.5864518492788878,voting,0.16666666666666666,0,9,1,11.458333333333334,bow,False
155,23,D12 Male,12,M,8,0.6110563198625529,voting,0.5733333333333333,3,4,3,16.041666666666668,sword,False
156,0,D1 Female,1,F,6,0.6714658520467003,voting,0.58,1,9,1,10.583333333333334,arena hazard,False
156,1,D1 Male,1,M,3,0.2661202511880915,voting,0.375,0,5,0,12.75,bow,False
156,2,D2 Female,2,F,4,0.40131230838967413,voting,0.5766666666666667,1,4,2,13.416666666666666,bow,False
156,3,D2 Male,2,M,8,0.5033634586825029,voting,0.5833333333333333,1,6,0,12.458333333333334,knife,False
156,4,D3 Female,3,F,7,0.48554260199805865,voting,0.2916666666666667,0,11,2,7.458333333333333,knife,False
156,5,D3 Male,3,M,4,0.3546770355349,voting,0.16666666666666666,0,16,0,5.375,untreated wound,False
156,6,D4 Female,4,F,6,0.5249837446277466,voting,0.5,0,8,0,11.25,knife,False
156,7,D4 Male,4,M,9,0.7539749300262732,voting,0.785,2,2,2,16.25,bow,False
156,8,D5 Female,5,F,5,0.602707963627539,voting,0.20833333333333334,0,10,0,9.083333333333334,dehydration,False
156,9,D5 Male,5,M,5,0.3082059113703219,voting,0.20833333333333334,0,19,0,3.5416666666666665,fists,False
156,10,D6 Female,6,F,6,0.36461524450072474,voting,0.25,0,24,0,1.5833333333333333,fists,False
156,11,D6 Male,6,M,7,0.48533248602993195,voting,0.2916666666666667,0,23,0,2.0833333333333335,fists,False
156,12,D7 Female,7,F,8,0.6853627387330927,voting,0.3333333333333333,1,17,0,5.25,knife,False
156,13,D7 Male,7,M,10,0.5638878435452112,voting,0.4166666666666667,1,14,2,5.875,rock,False
156,14,D8 Female,8,F,11,0.618325747332736,voting,0.4583333333333333,0,18,0,5.041666666666667,fists,False
156,15,D8 Male,8,M,6,0.5824636861992118,voting,0.33,0,20,1,2.4583333333333335,untreated wound,False
156,16,D9 Female,9,F,5,0.423583137622782,voting,0.20833333333333334,1,15,0,5.708333333333333,knife,False
156,17,D9 Male,9,M,6,0.4203063998945565,voting,0.25,0,13,1,6.291666666666667,rock,False
156,18,D10 Female,10,F,3,0.502178883008679,voting,0.125,0,21,0,2.4166666666666665,fists,False
156,19,D10 Male,10,M,10,0.6659028912691511,voting,0.4166666666666667,2,12,0,6.583333333333333,dehydration,False
156,20,D11 Female,11,F,2,0.3328114790731199,voting,0.08333333333333333,0,22,0,2.3333333333333335,fists,False
156,21,D11 Male,11,M,10,0.7898685815665418,voting,0.4166666666666667,0,1,4,16.291666666666668,,True
156,22,D12 Female,12,F,5,0.41745080676912055,voting,0.20833333333333334,0,7,0,11.375,dehydration,False
156,23,D12 Male,12,M,8,0.5875123690034525,voting,0.41333333333333333,1,3,2,15.958333333333334,bow,False
157,0,D1 Female,1,F,5,0.3086309543763829,voting,0.45833333333333337,0,5,0,14.458333333333334,dehydration,False
157,1,D1 Male,1,M,5,0.5131678080299098,voting,0.45833333333333337,1,17,0,5.583333333333333,fists,False
157,2,D2 Female,2,F,6,0.5666980101946733,voting,0.5,0,18,0,5.291666666666667,spear,False
157,3,D2 Male,2,M,6,0.36224164916226886,voting,0.66,3,2,2,19.375,knife,False
157,4,D3 Female,3,F,7,0.4263177773186739,voting,0.2916666666666667,0,24,0,2.125,fists,False
157,5,D3 Male,3,M,5,0.3660077996050966,voting,0.20833333333333334,0,19,0,3.7083333333333335,fists,False
157,6,D4 Female,4,F,10,0.5849944393886806,voting,0.7466666666666667,2,3,1,15.958333333333334,dehydration,False
157,7,D4 Male,4,M,6,0.6453604162202521,voting,0.5,0,14,0,6.666666666666667,knife,False
157,8,D5 Female,5,F,8,0.5295386883542843,voting,0.41333333333333333,0,16,1,6.208333333333333,untreated wound,False
157,9,D5 Male,5,M,3,0.17411828581459865,voting,0.125,0,15,0,6.5,fists,False
157,10,D6 Female,6,F,8,0.7722838759926272,voting,0.3333333333333333,0,9,1,13.333333333333334,knife,False
157,11,D6 Male,6,M,5,0.5318448275503388,voting,0.20833333333333334,1,4,1,14.708333333333334,spear,False
157,12,D7 Female,7,F,4,0.44644527116969435,voting,0.16666666666666666,0,11,0,10.458333333333334,dehydration,False
157,13,D7 Male,7,M,4,0.2855650705105761,voting,0.16666666666666666,0,8,0,13.625,knife,False
157,14,D8 Female,8,F,7,0.661156540077074,voting,0.2916666666666667,0,23,0,3.0,dehydration,False
157,15,D8 Male,8,M,1,0.33812064497525907,voting,0.041666666666666664,0,13,1,6.833333333333333,dehydration,False
157,16,D9 Female,9,F,5,0.2802631100262298,voting,0.28833333333333333,0,20,1,3.6666666666666665,untreated wound,False
157,17,D9 Male,9,M,10,0.6031406192572965,voting,0.4166666666666667,0,7,2,14.208333333333334,sword,False
157,18,D10 Female,10,F,7,0.6509159553960363,voting,0.2916666666666667,0,1,1,19.416666666666668,,True
157,19,D10 Male,10,M,1,0.12760666392875755,voting,0.041666666666666664,0,22,0,3.0,dehydration,False
157,20,D11 Female,11,F,6,0.44975797508584514,voting,0.25,0,12,0,7.416666666666667,fists,False
157,21,D11 Male,11,M,6,0.3179161142486257,voting,0.33,0,6,1,14.208333333333334,dehydration,False
157,22,D12 Female,12,F,9,0.7034205406886296,voting,0.455,0,10,1,11.375,knife,False
157,23,D12 Male,12,M,1,0.12429026312584335,voting,0.041666666666666664,0,21,0,3.0,dehydration,False
158,0,D1 Female,1,F,6,0.3065739814391882,voting,0.5,1,8,0,11.666666666666666,rock,False
158,1,D1 Male,1,M,2,0.29769543764885376,voting,0.3333333333333333,0,22,0,1.9166666666666667,fists,False
158,2,D2 Female,2,F,7,0.5746874473956358,voting,0.5416666666666667,0,2,2,18.25,bow,False
158,3,D2 Male,2,M,1,0.11795175453711856,voting,0.2916666666666667,0,23,0,1.9166666666666667,fists,False
158,4,D3 Female,3,F,6,0.3136708715204242,voting,0.25,0,14,1,4.458333333333333,dehydration,False
158,5,D3 Male,3,M,8,0.7025762794558286,voting,0.41333333333333333,1,16,1,4.041666666666667,fists,False
158,6,D4 Female,4,F,6,0.598362875712614,voting,0.5,0,24,0,1.5,fists,False
158,7,D4 Male,4,M,7,0.48278999640583975,voting,0.5416666666666667,1,12,0,7.458333333333333,knife,False
158,8,D5 Female,5,F,5,0.4711518560742956,voting,0.20833333333333334,0,21,0,2.1666666666666665,fists,False
158,9,D5 Male,5,M,5,0.5779105160004684,voting,0.36833333333333335,0,11,2,8.416666666666666,untreated wound,False
158,10,D6 Female,6,F,5,0.6355090401296947,voting,0.44833333333333336,1,1,4,18.291666666666668,,True
158,11,D6 Male,6,M,5,0.6354731441027808,voting,0.20833333333333334,0,19,0,2.9166666666666665,rock,False
158,12,D7 Female,7,F,5,0.5600063870591381,voting,0.44833333333333336,1,6,3,14.083333333333334,spear,False
158,13,D7 Male,7,M,5,0.47948202157927655,voting,0.20833333333333334,0,17,0,4.041666666666667,fists,False
158,14,D8 Female,8,F,9,0.5775370527691728,voting,0.455,2,3,1,16.583333333333332,bow,False
158,15,D8 Male,8,M,10,0.5703211562647846,voting,0.4966666666666667,0,9,1,8.833333333333334,knife,False
158,16,D9 Female,9,F,2,0.3500202513349103,voting,0.08333333333333333,0,7,1,11.791666666666666,knife,False
158,17,D9 Male,9,M,6,0.6666865162450712,voting,0.25,1,4,0,16.333333333333332,bow,False
158,18,D10 Female,10,F,8,0.6671156736069972,voting,0.41333333333333333,1,18,1,3.0833333333333335,fists,False
158,19,D10 Male,10,M,7,0.3974390860119469,voting,0.3716666666666667,0,10,1,8.791666666666666,dehydration,False
158,20,D11 Female,11,F,4,0.3772743242313177,voting,0.24666666666666665,0,20,1,2.5416666666666665,fists,False
158,21,D11 Male,11,M,6,0.35577302602372535,voting,0.25,0,15,0,4.208333333333333,fists,False
158,22,D12 Female,12,F,8,0.7534670369156203,voting,0.3333333333333333,0,5,0,14.666666666666666,bow,False
158,23,D12 Male,12,M,7,0.6672581902244723,voting,0.2916666666666667,0,13,0,6.208333333333333,dehydration,False
159,0,D1 Female,1,F,8,0.7513696184445005,voting,0.5833333333333333,1,4,1,15.833333333333334,sword,False
159,1,D1 Male,1,M,8,0.7379770731442358,voting,0.5833333333333333,0,2,3,18.625,sword,False
159,2,D2 Female,2,F,3,0.23442498399969916,voting,0.375,0,24,0,1.3333333333333333,fists,False
159,3,D2 Male,2,M,9,0.4947482887476579,voting,0.625,0,20,0,3.0,dehydration,False
159,4,D3 Female,3,F,9,0.5038395316953026,voting,0.535,0,6,2,13.041666666666666,sword,False
159,5,D3 Male,3,M,8,0.5932416477593678,voting,0.3333333333333333,1,8,0,11.0,rock,False
159,6,D4 Female,4,F,7,0.5079306718588338,voting,0.5416666666666667,0,21,0,2.9166666666666665,arena hazard,False
159,7,D4 Male,4,M,9,0.590434557436939,voting,0.705,2,11,2,8.666666666666666,knife,False
159,8,D5 Female,5,F,6,0.6793233462715009,voting,0.25,0,1,2,18.666666666666668,,True
159,9,D5 Male,5,M,7,0.4009665715958983,voting,0.2916666666666667,1,17,0,3.75,fists,False
159,10,D6 Female,6,F,5,0.536963319889072,voting,0.20833333333333334,0,14,0,5.625,fists,False
159,11,D6 Male,6,M,8,0.6526702679552728,voting,0.3333333333333333,0,19,0,3.2083333333333335,fists,False
159,12,D7 Female,7,F,4,0.493318785703976,voting,0.32666666666666666,2,3,2,16.0,rock,False
159,13,D7 Male,7,M,11,0.685464554317776,voting,0.4583333333333333,1,9,0,9.416666666666666,arena hazard,False
159,14,D8 Female,8,F,5,0.5720390893226599,voting,0.36833333333333335,0,10,2,9.166666666666666,rock,False
159,15,D8 Male,8,M,10,0.5898130174109909,voting,0.4966666666666667,0,16,1,4.541666666666667,untreated wound,False
159,16,D9 Female,9,F,8,0.5182897931906435,voting,0.41333333333333333,0,7,1,12.416666666666666,dehydration,False
159,17,D9 Male,9,M,9,0.6524936537360516,voting,0.375,0,22,0,1.875,fists,False
159,18,D10 Female,10,F,5,0.4480451197625869,voting,0.20833333333333334,0,13,0,7.416666666666667,dehydration,False
159,19,D10 Male,10,M,6,0.6358425967071323,voting,0.25,0,12,0,8.083333333333334,rock,False
159,20,D11 Female,11,F,6,0.4430742769319997,voting,0.25,0,23,0,1.7916666666666667,fists,False
159,21,D11 Male,11,M,5,0.2791393051848259,voting,0.20833333333333334,0,18,0,3.5,rock,False
159,22,D12 Female,12,F,5,0.597435898916322,voting,0.20833333333333334,0,15,0,5.208333333333333,rock,False
159,23,D12 Male,12,M,7,0.4468858189482805,voting,0.2916666666666667,0,5,0,15.416666666666666,untreated wound,False
160,0,D1 Female,1,F,10,0.8641491276522003,voting,0.8266666666666668,1,8,2,9.208333333333334,spear,False
160,1,D1 Male,1,M,6,0.3230402150956757,voting,0.5,0,23,0,2.2083333333333335,fists,False
160,2,D2 Female,2,F,7,0.6859314891997791,voting,0.5416666666666667,0,13,0,5.458333333333333,spear,False
160,3,D2 Male,2,M,6,0.338624766753996,voting,0.5,0,18,0,3.8333333333333335,fists,False
160,4,D3 Female,3,F,4,0.5243141403777266,voting,0.16666666666666666,0,19,0,3.625,fists,False
160,5,D3 Male,3,M,6,0.3678636101666771,voting,0.25,0,17,0,4.041666666666667,fists,False
160,6,D4 Female,4,F,7,0.3538884635169697,voting,0.5416666666666667,1,21,0,3.0,dehydration,False
160,7,D4 Male,4,M,9,0.5194466880472592,voting,0.705,0,16,1,4.333333333333333,fists,False
160,8,D5 Female,5,F,8,0.7615605091304005,voting,0.3333333333333333,0,15,0,4.708333333333333,fists,False
160,9,D5 Male,5,M,6,0.49571120431592847,voting,0.25,0,3,1,17.458333333333332,bow,False
160,10,D6 Female,6,F,7,0.7274085571694824,voting,0.3716666666666667,1,9,1,9.166666666666666,untreated wound,False
160,11,D6 Male,6,M,5,0.4799454212332268,voting,0.20833333333333334,0,7,0,9.25,bow,False
160,12,D7 Female,7,F,6,0.6758951061397844,voting,0.25,0,14,1,4.75,rock,False
160,13,D7 Male,7,M,5,0.4711247135604656,voting,0.20833333333333334,0,1,4,19.458333333333332,,True
160,14,D8 Female,8,F,4,0.2512761688621994,voting,0.16666666666666666,0,12,0,6.25,knife,False
160,15,D8 Male,8,M,9,0.6220217990006041,voting,0.375,0,6,1,9.875,bow,False
160,16,D9 Female,9,F,12,0.7358340557438198,voting,0.74,1,2,3,19.416666666666668,bow,False
160,17,D9 Male,9,M,5,0.4136281241114852,voting,0.28833333333333333,0,10,1,7.416666666666667,spear,False
160,18,D10 Female,10,F,7,0.525237002300178,voting,0.2916666666666667,0,24,0,1.8333333333333333,fists,False
160,19,D10 Male,10,M,5,0.5547075938404882,voting,0.28833333333333333,0,5,1,14.5,dehydration,False
160,20,D11 Female,11,F,4,0.42861370711614083,voting,0.16666666666666666,0,11,0,6.416666666666667,knife,False
160,21,D11 Male,11,M,7,0.5668262343982864,voting,0.2916666666666667,0,22,0,2.3333333333333335,fists,False
160,22,D12 Female,12,F,5,0.38378082463137786,voting,0.20833333333333334,0,20,0,3.0,dehydration,False
160,23,D12 Male,12,M,5,0.46057282271914574,voting,0.36833333333333335,1,4,2,17.25,dehydration,False
161,0,D1 Female,1,F,5,0.47623263870417093,voting,0.45833333333333337,0,24,0,1.75,fists,False
161,1,D1 Male,1,M,9,0.6991831573734102,voting,0.785,3,2,2,20.166666666666668,sword,False
161,2,D2 Female,2,F,5,0.5189233225092376,voting,0.45833333333333337,0,15,0,6.5,knife,False
161,3,D2 Male,2,M,10,0.7627902043041945,voting,0.7466666666666667,1,6,2,15.791666666666666,untreated wound,False
161,4,D3 Female,3,F,6,0.6697199079850225,voting,0.25,1,9,0,8.75,knife,False
161,5,D3 Male,3,M,6,0.5786800021265557,voting,0.25,0,10,0,8.666666666666666,fists,False
161,6,D4 Female,4,F,10,0.5085511759560633,voting,0.7466666666666667,2,5,1,16.416666666666668,spear,False
161,7,D4 Male,4,M,5,0.4698440861780182,voting,0.45833333333333337,0,12,1,8.166666666666666,fists,False
161,8,D5 Female,5,F,7,0.4919399561779462,voting,0.3716666666666667,1,20,1,3.0,fists,False
161,9,D5 Male,5,M,8,0.5718063462590441,voting,0.3333333333333333,0,14,2,6.916666666666667,fists,False
161,10,D6 Female,6,F,10,0.8058042689047933,voting,0.5766666666666667,1,1,4,20.208333333333332,,True
161,11,D6 Male,6,M,9,0.4775203546247459,voting,0.375,0,16,0,5.125,fists,False
161,12,D7 Female,7,F,6,0.5358876264297592,voting,0.25,0,18,0,4.041666666666667,fists,False
161,13,D7 Male,7,M,8,0.41707487310406366,voting,0.3333333333333333,0,21,0,2.4583333333333335,fists,False
161,14,D8 Female,8,F,3,0.5101279635816763,voting,0.125,0,7,1,14.666666666666666,knife,False
161,15,D8 Male,8,M,10,0.8728876489055711,voting,0.4966666666666667,0,13,1,7.5,dehydration,False
161,16,D9 Female,9,F,7,0.3501783677536134,voting,0.2916666666666667,0,19,0,3.5833333333333335,fists,False
161,17,D9 Male,9,M,6,0.46682524176325135,voting,0.25,0,22,0,2.125,fists,False
161,18,D10 Female,10,F,3,0.24829598400043343,voting,0.125,0,23,0,1.7916666666666667,fists,False
161,19,D10 Male,10,M,5,0.4360459014712842,voting,0.20833333333333334,0,4,2,16.416666666666668,spear,False
161,20,D11 Female,11,F,2,0.47297159765687363,voting,0.08333333333333333,0,8,0,11.5,bow,False
161,21,D11 Male,11,M,11,0.9073175567151643,voting,0.6183333333333333,0,3,2,17.875,arena hazard,False
161,22,D12 Female,12,F,6,0.5862054306697411,voting,0.25,0,11,1,8.541666666666666,rock,False
161,23,D12 Male,12,M,5,0.3162012853545604,voting,0.20833333333333334,0,17,0,4.5,fists,False
162,0,D1 Female,1,F,10,0.6695332906393952,voting,0.8266666666666668,0,5,2,14.416666666666666,bow,False
162,1,D1 Male,1,M,11,0.7200330509303081,voting,0.7083333333333333,1,20,1,3.0,dehydration,False
162,2,D2 Female,2,F,4,0.588706417765557,voting,0.41666666666666663,0,1,3,16.875,,True
162,3,D2 Male,2,M,5,0.33584747590276964,voting,0.45833333333333337,1,7,0,10.166666666666666,untreated wound,False
162,4,D3 Female,3,F,9,0.7848542313750099,voting,0.375,0,19,0,3.0,dehydration,False
162,5,D3 Male,3,M,5,0.4963811687393057,voting,0.20833333333333334,0,14,0,4.166666666666667,dehydration,False
162,6,D4 Female,4,F,8,0.5772363783227927,voting,0.5833333333333333,1,21,0,3.0,fists,False
162,7,D4 Male,4,M,4,0.25920909973242495,voting,0.41666666666666663,0,4,0,14.583333333333334,spear,False
162,8,D5 Female,5,F,9,0.4554473530780718,voting,0.455,1,6,1,12.333333333333334,bow,False
162,9,D5 Male,5,M,5,0.38094879054049635,voting,0.20833333333333334,0,11,0,6.916666666666667,rock,False
162,10,D6 Female,6,F,9,0.7615552507897464,voting,0.375,0,10,0,7.375,knife,False
162,11,D6 Male,6,M,6,0.444032676694738,voting,0.25,0,22,0,1.7916666666666667,fists,False
162,12,D7 Female,7,F,10,0.7109649257735929,voting,0.4166666666666667,0,17,0,3.6666666666666665,fists,False
162,13,D7 Male,7,M,8,0.4387219177584603,voting,0.3333333333333333,1,8,0,10.166666666666666,knife,False
162,14,D8 Female,8,F,3,0.3095604901004413,voting,0.125,0,16,0,4.0,fists,False
162,15,D8 Male,8,M,3,0.21488877969694858,voting,0.125,0,23,0,1.25,fists,False
162,16,D9 Female,9,F,11,0.946701427261458,voting,0.4583333333333333,1,2,4,16.833333333333332,bow,False
162,17,D9 Male,9,M,6,0.440453963465702,voting,0.25,1,9,0,10.041666666666666,arena hazard,False
162,18,D10 Female,10,F,8,0.42678103557569785,voting,0.3333333333333333,0,24,0,1.0833333333333333,fists,False
162,19,D10 Male,10,M,8,0.711369387214086,voting,0.3333333333333333,0,15,1,4.083333333333333,fists,False
162,20,D11 Female,11,F,7,0.6089971704994094,voting,0.3716666666666667,0,18,1,3.0833333333333335,fists,False
162,21,D11 Male,11,M,6,0.4219241718838359,voting,0.25,0,13,0,4.5,dehydration,False
162,22,D12 Female,12,F,3,0.3093635327693849,voting,0.20500000000000002,0,12,1,6.416666666666667,untreated wound,False
162,23,D12 Male,12,M,9,0.5750533255982545,voting,0.535,0,3,2,15.0,spear,False
163,0,D1 Female,1,F,7,0.4465709872292081,voting,0.6216666666666667,1,4,1,17.916666666666668,bow,False
163,1,D1 Male,1,M,9,0.597684688444297,voting,0.625,0,23,0,1.625,fists,False
163,2,D2 Female,2,F,4,0.442934272549644,voting,0.49666666666666665,0,12,1,7.458333333333333,dehydration,False
163,3,D2 Male,2,M,7,0.42769521650082315,voting,0.5416666666666667,0,22,0,1.6666666666666667,fists,False
163,4,D3 Female,3,F,7,0.6039417965312983,voting,0.2916666666666667,0,16,0,3.6666666666666665,fists,False
163,5,D3 Male,3,M,6,0.6556651667471156,voting,0.41000000000000003,1,5,2,17.708333333333332,dehydration,False
163,6,D4 Female,4,F,10,0.8227809166065747,voting,0.6666666666666667,0,11,2,8.416666666666666,fists,False
163,7,D4 Male,4,M,6,0.4315270007705959,voting,0.5,0,17,0,3.4583333333333335,fists,False
163,8,D5 Female,5,F,6,0.5039893719369212,voting,0.33,0,8,1,10.083333333333334,bow,False
163,9,D5 Male,5,M,5,0.2720368769797459,voting,0.36833333333333335,1,2,2,20.416666666666668,sword,False
163,10,D6 Female,6,F,6,0.5361477185662111,voting,0.33,1,9,1,9.291666666666666,dehydration,False
163,11,D6 Male,6,M,9,0.6632776292169043,voting,0.375,0,1,2,20.458333333333332,,True
163,12,D7 Female,7,F,8,0.7762004889273231,voting,0.3333333333333333,0,3,0,18.333333333333332,sword,False
163,13,D7 Male,7,M,4,0.34154038445318313,voting,0.24666666666666665,1,6,1,14.291666666666666,spear,False
163,14,D8 Female,8,F,9,0.5082297287948206,voting,0.375,0,21,0,1.9166666666666667,fists,False
163,15,D8 Male,8,M,7,0.36413704466322244,voting,0.2916666666666667,0,18,0,3.125,fists,False
163,16,D9 Female,9,F,4,0.20597030770960204,voting,0.24666666666666665,0,15,1,4.625,fists,False
163,17,D9 Male,9,M,7,0.42685348548561375,voting,0.2916666666666667,0,7,1,11.375,knife,False
163,18,D10 Female,10,F,4,0.35823125416896473,voting,0.24666666666666665,0,10,1,8.5,knife,False
163,19,D10 Male,10,M,7,0.39583028640702533,voting,0.2916666666666667,0,20,0,2.7916666666666665,fists,False
163,20,D11 Female,11,F,11,0.7127316675902249,voting,0.5383333333333333,1,14,1,6.375,fists,False
163,21,D11 Male,11,M,7,0.6780230502901021,voting,0.3716666666666667,1,13,2,7.041666666666667,knife,False
163,22,D12 Female,12,F,5,0.2854813393678391,voting,0.20833333333333334,0,24,0,1.5833333333333333,fists,False
163,23,D12 Male,12,M,4,0.32435625185265604,voting,0.16666666666666666,0,19,0,3.0,dehydration,False
164,0,D1 Female,1,F,1,0.08151371235127272,voting,0.2916666666666667,0,20,0,4.333333333333333,fists,False
164,1,D1 Male,1,M,5,0.26058358411021953,voting,0.45833333333333337,0,5,0,15.583333333333334,spear,False
164,2,D2 Female,2,F,8,0.6336702537745333,voting,0.5833333333333333,0,21,0,3.9166666666666665,fists,False
164,3,D2 Male,2,M,6,0.5450886735892748,voting,0.5,1,13,1,7.583333333333333,arena hazard,False
164,4,D3 Female,3,F,12,0.8615989624814724,voting,0.66,0,6,3,15.208333333333334,spear,False
164,5,D3 Male,3,M,8,0.5360892666020081,voting,0.3333333333333333,0,23,0,2.4583333333333335,fists,False
164,6,D4 Female,4,F,6,0.5127586368799121,voting,0.5,0,14,1,7.25,fists,False
164,7,D4 Male,4,M,6,0.4918585419944524,voting,0.5,1,4,0,16.125,bow,False
164,8,D5 Female,5,F,8,0.40966540355531345,voting,0.3333333333333333,1,3,1,18.708333333333332,bow,False
164,9,D5 Male,5,M,7,0.7235935635708615,voting,0.45166666666666666,1,2,2,19.791666666666668,arena hazard,False
164,10,D6 Female,6,F,5,0.5484259115262713,voting,0.20833333333333334,0,16,0,6.083333333333333,fists,False
164,11,D6 Male,6,M,4,0.5033236126589019,voting,0.16666666666666666,0,9,1,10.958333333333334,spear,False
164,12,D7 Female,7,F,8,0.5290428992042937,voting,0.41333333333333333,1,1,2,19.833333333333332,,True
164,13,D7 Male,7,M,8,0.5178021224069592,voting,0.3333333333333333,1,7,0,14.333333333333334,knife,False
164,14,D8 Female,8,F,5,0.36946144227695227,voting,0.20833333333333334,0,24,0,2.125,fists,False
164,15,D8 Male,8,M,6,0.5519785285688615,voting,0.41000000000000003,0,12,2,7.708333333333333,dehydration,False
164,16,D9 Female,9,F,5,0.5933897603413609,voting,0.28833333333333333,0,17,1,5.958333333333333,dehydration,False
164,17,D9 Male,9,M,10,0.7460392504294633,voting,0.4166666666666667,0,10,0,10.208333333333334,rock,False
164,18,D10 Female,10,F,5,0.41750034299654903,voting,0.20833333333333334,0,11,0,8.125,fists,False
164,19,D10 Male,10,M,2,0.49087862373986907,voting,0.08333333333333333,1,19,0,4.375,fists,False
164,20,D11 Female,11,F,4,0.484407173777759,voting,0.16666666666666666,0,18,1,4.708333333333333,dehydration,False
164,21,D11 Male,11,M,2,0.46422343046893233,voting,0.16333333333333333,0,15,1,6.791666666666667,untreated wound,False
164,22,D12 Female,12,F,7,0.4805487070300466,voting,0.2916666666666667,0,22,0,2.625,fists,False
164,23,D12 Male,12,M,7,0.4500910617090033,voting,0.2916666666666667,0,8,1,11.5,rock,False
165,0,D1 Female,1,F,12,0.7439013917010292,voting,0.75,0,19,0,3.0,dehydration,False
165,1,D1 Male,1,M,8,0.4712457987735723,voting,0.5833333333333333,1,16,0,4.333333333333333,fists,False
165,2,D2 Female,2,F,7,0.6008447280598861,voting,0.7816666666666667,1,5,3,14.125,dehydration,False
165,3,D2 Male,2,M,8,0.5091077563088767,voting,0.5833333333333333,0,22,0,2.5,fists,False
165,4,D3 Female,3,F,2,0.3774145537135735,voting,0.16333333333333333,0,12,1,6.625,fists,False
165,5,D3 Male,3,M,4,0.20007820097314266,voting,0.16666666666666666,0,23,0,2.1666666666666665,fists,False
165,6,D4 Female,4,F,11,0.7448369629268525,voting,0.7083333333333333,0,14,1,4.833333333333333,rock,False
165,7,D4 Male,4,M,10,0.736751343981996,voting,0.7466666666666667,1,1,1,18.916666666666668,,True
165,8,D5 Female,5,F,9,0.840165490989579,voting,0.375,0,21,0,2.7083333333333335,rock,False
165,9,D5 Male,5,M,3,0.2063808443696938,voting,0.20500000000000002,1,9,1,10.166666666666666,spear,False
165,10,D6 Female,6,F,7,0.5102591421783496,voting,0.2916666666666667,0,24,0,1.9166666666666667,fists,False
165,11,D6 Male,6,M,8,0.7426940617899445,voting,0.3333333333333333,0,4,1,16.541666666666668,spear,False
165,12,D7 Female,7,F,9,0.8065108258488318,voting,0.375,0,6,2,11.833333333333334,spear,False
165,13,D7 Male,7,M,3,0.2837770384268145,voting,0.125,0,17,0,3.9166666666666665,fists,False
165,14,D8 Female,8,F,9,0.6528859495242594,voting,0.375,0,20,0,3.0,fists,False
165,15,D8 Male,8,M,2,0.1686470223306243,voting,0.08333333333333333,0,7,0,11.5,knife,False
165,16,D9 Female,9,F,4,0.5806841613338583,voting,0.24666666666666665,0,18,1,3.7083333333333335,fists,False
165,17,D9 Male,9,M,11,0.9462841280316213,voting,0.7083333333333333,0,3,4,18.083333333333332,spear,False
165,18,D10 Female,10,F,5,0.4378627154605259,voting,0.20833333333333334,0,8,0,10.916666666666666,spear,False
165,19,D10 Male,10,M,6,0.5994056124265849,voting,0.25,0,15,0,4.5,rock,False
165,20,D11 Female,11,F,8,0.403109719540735,voting,0.3333333333333333,0,13,0,5.5,rock,False
165,21,D11 Male,11,M,9,0.6598554642805914,voting,0.615,1,2,4,18.875,arena hazard,False
165,22,D12 Female,12,F,8,0.6426721676056648,voting,0.3333333333333333,0,11,0,7.791666666666667,sword,False
165,23,D12 Male,12,M,9,0.800928418076942,voting,0.455,0,10,1,7.916666666666667,fists,False
166,0,D1 Female,1,F,5,0.42875178460381136,voting,0.45833333333333337,0,20,0,3.2916666666666665,fists,False
166,1,D1 Male,1,M,7,0.5427059194245178,voting,0.5416666666666667,2,16,0,5.625,rock,False
166,2,D2 Female,2,F,4,0.21875653530683462,voting,0.41666666666666663,1,7,0,11.291666666666666,spear,False
166,3,D2 Male,2,M,1,0.3837096708175445,voting,0.2916666666666667,0,24,0,2.5416666666666665,fists,False
166,4,D3 Female,3,F,11,0.9291490768608761,voting,0.4583333333333333,0,13,1,7.5,knife,False
166,5,D3 Male,3,M,10,0.5856625777863254,voting,0.4966666666666667,1,5,1,12.208333333333334,arena hazard,False
166,6,D4 Female,4,F,7,0.49901560998040617,voting,0.5416666666666667,0,23,0,2.5833333333333335,fists,False
166,7,D4 Male,4,M,10,0.6955065255657693,voting,0.7466666666666667,1,12,1,8.166666666666666,fists,False
166,8,D5 Female,5,F,5,0.30186634120507755,voting,0.20833333333333334,0,19,0,3.4583333333333335,fists,False
166,9,D5 Male,5,M,5,0.4617243282075427,voting,0.28833333333333333,0,17,1,5.541666666666667,fists,False
166,10,D6 Female,6,F,6,0.5038252466475134,voting,0.25,0,21,0,3.25,fists,False
166,11,D6 Male,6,M,5,0.27720556984894296,voting,0.20833333333333334,0,3,1,14.291666666666666,sword,False
166,12,D7 Female,7,F,8,0.595723879427124,voting,0.3333333333333333,0,11,2,8.333333333333334,knife,False
166,13,D7 Male,7,M,4,0.41314847643141883,voting,0.16666666666666666,0,15,0,5.75,rock,False
166,14,D8 Female,8,F,7,0.693370866347877,voting,0.45166666666666666,0,1,2,17.458333333333332,,True
166,15,D8 Male,8,M,9,0.5874449033153245,voting,0.375,0,6,3,11.875,spear,False
166,16,D9 Female,9,F,3,0.5334875480734803,voting,0.28500000000000003,1,10,2,9.625,arena hazard,False
166,17,D9 Male,9,M,8,0.7619941789375634,voting,0.3333333333333333,1,8,0,10.458333333333334,spear,False
166,18,D10 Female,10,F,7,0.5119360028423657,voting,0.2916666666666667,1,9,0,9.708333333333334,dehydration,False
166,19,D10 Male,10,M,5,0.35748477926060174,voting,0.20833333333333334,0,22,0,2.6666666666666665,fists,False
166,20,D11 Female,11,F,5,0.508712793330953,voting,0.20833333333333334,0,18,0,3.4583333333333335,fists,False
166,21,D11 Male,11,M,7,0.3741230212891998,voting,0.2916666666666667,1,14,0,5.833333333333333,dehydration,False
166,22,D12 Female,12,F,10,0.5296194499778777,voting,0.6566666666666667,1,2,3,17.416666666666668,arena hazard,False
166,23,D12 Male,12,M,6,0.6461476800190463,voting,0.25,0,4,0,13.291666666666666,dehydration,False
167,0,D1 Female,1,F,12,0.6063007810258093,voting,0.91,2,3,2,14.541666666666666,arena hazard,False
167,1,D1 Male,1,M,7,0.45799978924278545,voting,0.5416666666666667,0,17,0,4.083333333333333,fists,False
167,2,D2 Female,2,F,5,0.3620122901980929,voting,0.5383333333333333,0,5,1,12.416666666666666,sword,False
167,3,D2 Male,2,M,5,0.3617165583000824,voting,0.45833333333333337,1,18,0,4.041666666666667,rock,False
167,4,D3 Female,3,F,8,0.5953008923696341,voting,0.3333333333333333,0,12,0,5.25,dehydration,False
167,5,D3 Male,3,M,4,0.4341780116806111,voting,0.16666666666666666,0,21,0,3.7083333333333335,dehydration,False
167,6,D4 Female,4,F,4,0.395584488939027,voting,0.41666666666666663,1,9,0,8.458333333333334,dehydration,False
167,7,D4 Male,4,M,6,0.40310180443624744,voting,0.5,0,11,0,6.625,fists,False
167,8,D5 Female,5,F,7,0.610865391693912,voting,0.5416666666666667,2,2,4,15.791666666666666,untreated wound,False
167,9,D5 Male,5,M,9,0.7682342565012499,voting,0.375,0,1,1,15.833333333333334,,True
167,10,D6 Female,6,F,10,0.5926081037496743,voting,0.4166666666666667,1,16,0,4.291666666666667,untreated wound,False
167,11,D6 Male,6,M,8,0.7686506256901102,voting,0.3333333333333333,0,15,0,4.375,rock,False
167,12,D7 Female,7,F,5,0.25584323689155064,voting,0.20833333333333334,0,20,0,3.875,fists,False
167,13,D7 Male,7,M,1,0.11342552401603254,voting,0.041666666666666664,0,24,0,3.0,dehydration,False
167,14,D8 Female,8,F,6,0.47387801435756993,voting,0.25,0,7,0,10.625,rock,False
167,15,D8 Male,8,M,5,0.5100143033291429,voting,0.20833333333333334,0,13,0,4.875,fists,False
167,16,D9 Female,9,F,6,0.37938211595306515,voting,0.25,1,10,0,7.75,fists,False
167,17,D9 Male,9,M,8,0.5451811630944853,voting,0.3333333333333333,0,22,0,3.1666666666666665,dehydration,False
167,18,D10 Female,10,F,7,0.5019696591735305,voting,0.2916666666666667,0,14,0,4.5,dehydration,False
167,19,D10 Male,10,M,7,0.7487818028681246,voting,0.2916666666666667,0,19,0,3.9583333333333335,fists,False
167,20,D11 Female,11,F,7,0.5782607838339618,voting,0.2916666666666667,0,8,0,10.083333333333334,fists,False
167,21,D11 Male,11,M,8,0.5156414282565176,voting,0.3333333333333333,0,6,1,12.291666666666666,spear,False
167,22,D12 Female,12,F,9,0.4953732905133257,voting,0.615,2,4,3,13.083333333333334,arena hazard,False
167,23,D12 Male,12,M,4,0.37657536087697074,voting,0.16666666666666666,0,23,0,3.0,dehydration,False
168,0,D1 Female,1,F,7,0.47365278308652486,voting,0.5416666666666667,0,16,0,5.125,fists,False
168,1,D1 Male,1,M,6,0.6432636380091044,voting,0.58,0,7,1,8.583333333333334,spear,False
168,2,D2 Female,2,F,5,0.6357311489820414,voting,0.5383333333333333,1,9,1,7.5,fists,False
168,3,D2 Male,2,M,11,0.9187731370094653,voting,0.8683333333333333,2,4,2,14.958333333333334,spear,False
168,4,D3 Female,3,F,7,0.6211167617142005,voting,0.2916666666666667,1,3,1,17.75,bow,False
168,5,D3 Male,3,M,7,0.7478518505438965,voting,0.45166666666666666,1,6,2,11.708333333333334,fists,False
168,6,D4 Female,4,F,7,0.6000957789044499,voting,0.5416666666666667,1,11,0,7.083333333333333,knife,False
168,7,D4 Male,4,M,9,0.6334931726856322,voting,0.625,2,10,0,7.333333333333333,knife,False
168,8,D5 Female,5,F,8,0.6737569370454688,voting,0.3333333333333333,0,19,0,3.9583333333333335,fists,False
168,9,D5 Male,5,M,1,0.38516773242474966,voting,0.12166666666666667,0,8,1,8.041666666666666,dehydration,False
168,10,D6 Female,6,F,6,0.43609390607080845,voting,0.33,1,12,2,6.833333333333333,fists,False
168,11,D6 Male,6,M,4,0.5324087599957148,voting,0.16666666666666666,1,5,0,14.375,spear,False
168,12,D7 Female,7,F,7,0.35891010860099,voting,0.2916666666666667,0,13,0,6.375,fists,False
168,13,D7 Male,7,M,6,0.5711676469294604,voting,0.25,0,2,2,18.166666666666668,spear,False
168,14,D8 Female,8,F,10,0.6750683238378173,voting,0.4166666666666667,0,17,0,4.5,dehydration,False
168,15,D8 Male,8,M,6,0.6769841620039737,voting,0.33,1,1,4,18.208333333333332,,True
168,16,D9 Female,9,F,9,0.6066638881099139,voting,0.375,0,18,0,4.0,fists,False
168,17,D9 Male,9,M,8,0.5606795377648515,voting,0.3333333333333333,0,22,0,3.0,dehydration,False
168,18,D10 Female,10,F,8,0.5367878652056853,voting,0.41333333333333333,0,14,1,5.708333333333333,fists,False
168,19,D10 Male,10,M,4,0.36159459845372643,voting,0.16666666666666666,0,23,0,2.9166666666666665,fists,False
168,20,D11 Female,11,F,5,0.6377076380706121,voting,0.20833333333333334,0,20,0,3.5416666666666665,fists,False
168,21,D11 Male,11,M,9,0.541650122098244,voting,0.375,0,24,0,1.75,fists,False
168,22,D12 Female,12,F,7,0.6817839759307214,voting,0.3716666666666667,0,15,1,5.5,untreated wound,False
168,23,D12 Male,12,M,5,0.2571904032915049,voting,0.20833333333333334,0,21,0,3.0,dehydration,False
169,0,D1 Female,1,F,6,0.6947767304602768,voting,0.5,0,11,0,7.958333333333333,arena hazard,False
169,1,D1 Male,1,M,8,0.7070825115849289,voting,0.6633333333333332,1,8,2,8.708333333333334,untreated wound,False
169,2,D2 Female,2,F,8,0.7580704718860423,voting,0.8333333333333333,0,1,5,15.833333333333334,,True
169,3,D2 Male,2,M,5,0.2567615653072149,voting,0.45833333333333337,0,7,0,9.208333333333334,knife,False
169,4,D3 Female,3,F,8,0.6342408012818721,voting,0.4933333333333333,0,3,2,13.041666666666666,spear,False
169,5,D3 Male,3,M,10,0.5891443804552017,voting,0.4166666666666667,0,5,0,12.541666666666666,spear,False
169,6,D4 Female,4,F,4,0.24311436675588427,voting,0.41666666666666663,0,24,0,1.4166666666666667,fists,False
169,7,D4 Male,4,M,6,0.4289444956969223,voting,0.5,0,17,0,3.2083333333333335,fists,False
169,8,D5 Female,5,F,9,0.769128788497789,voting,0.455,0,14,1,5.708333333333333,dehydration,False
169,9,D5 Male,5,M,6,0.596880960517042,voting,0.25,0,20,0,2.4166666666666665,fists,False
169,10,D6 Female,6,F,8,0.6884628642390274,voting,0.41333333333333333,0,6,2,9.416666666666666,knife,False
169,11,D6 Male,6,M,6,0.6187337088235318,voting,0.25,0,4,0,12.625,spear,False
169,12,D7 Female,7,F,6,0.5475104978718773,voting,0.25,0,23,0,1.625,fists,False
169,13,D7 Male,7,M,6,0.46567391697096966,voting,0.25,0,13,0,5.75,fists,False
169,14,D8 Female,8,F,8,0.6044132660106261,voting,0.3333333333333333,0,12,0,6.916666666666667,fists,False
169,15,D8 Male,8,M,8,0.7263207393847144,voting,0.3333333333333333,0,15,0,5.416666666666667,untreated wound,False
169,16,D9 Female,9,F,12,0.8322476076871518,voting,0.74,0,10,3,8.25,arena hazard,False
169,17,D9 Male,9,M,7,0.548300164030522,voting,0.2916666666666667,0,18,0,2.625,fists,False
169,18,D10 Female,10,F,1,0.08676141886851366,voting,0.041666666666666664,0,22,0,2.125,fists,False
169,19,D10 Male,10,M,5,0.49600784240781565,voting,0.20833333333333334,0,16,0,4.625,fists,False
169,20,D11 Female,11,F,9,0.6409919889860146,voting,0.455,0,9,1,8.5,fists,False
169,21,D11 Male,11,M,8,0.7470296209079357,voting,0.41333333333333333,0,2,2,15.791666666666666,spear,False
169,22,D12 Female,12,F,4,0.296735796998309,voting,0.16666666666666666,0,19,0,2.5416666666666665,fists,False
169,23,D12 Male,12,M,7,0.7336041309565632,voting,0.2916666666666667,0,21,0,2.2083333333333335,fists,False
170,0,D1 Female,1,F,3,0.275337484143072,voting,0.455,0,3,1,15.833333333333334,bow,False
170,1,D1 Male,1,M,9,0.782654139156863,voting,0.625,0,14,0,4.75,fists,False
170,2,D2 Female,2,F,4,0.4060514555999328,voting,0.41666666666666663,0,19,0,3.0,dehydration,False
170,3,D2 Male,2,M,11,0.684498262512514,voting,0.7083333333333333,0,24,0,1.5833333333333333,fists,False
170,4,D3 Female,3,F,6,0.6553054914893275,voting,0.33,0,7,1,9.708333333333334,dehydration,False
170,5,D3 Male,3,M,2,0.11985572457743071,voting,0.08333333333333333,0,20,0,2.9166666666666665,fists,False
170,6,D4 Female,4,F,1,0.09581169663889355,voting,0.2916666666666667,0,16,0,3.4583333333333335,fists,False
170,7,D4 Male,4,M,2,0.3483852053648192,voting,0.41333333333333333,0,4,1,13.583333333333334,dehydration,False
170,8,D5 Female,5,F,10,0.5203455163705488,voting,0.4966666666666667,0,11,1,5.333333333333333,fists,False
170,9,D5 Male,5,M,4,0.2921534782051322,voting,0.16666666666666666,0,18,0,3.0,dehydration,False
170,10,D6 Female,6,F,8,0.45844511527359927,voting,0.41333333333333333,2,9,1,7.083333333333333,spear,False
170,11,D6 Male,6,M,9,0.5898666627135875,voting,0.375,0,21,0,2.7083333333333335,fists,False
170,12,D7 Female,7,F,3,0.3986805006675201,voting,0.20500000000000002,0,2,1,16.083333333333332,dehydration,False
170,13,D7 Male,7,M,2,0.11435872109968565,voting,0.08333333333333333,0,12,0,5.333333333333333,fists,False
170,14,D8 Female,8,F,5,0.4945073593927052,voting,0.28833333333333333,0,13,1,5.208333333333333,rock,False
170,15,D8 Male,8,M,6,0.44765812523716475,voting,0.25,0,23,0,2.2916666666666665,fists,False
170,16,D9 Female,9,F,9,0.48548135613048415,voting,0.375,0,8,0,9.208333333333334,dehydration,False
170,17,D9 Male,9,M,8,0.5543851574010428,voting,0.3333333333333333,0,10,2,6.708333333333333,fists,False
170,18,D10 Female,10,F,6,0.4920402499413058,voting,0.25,0,22,1,2.4166666666666665,fists,False
170,19,D10 Male,10,M,9,0.46806367835038043,voting,0.375,0,15,0,3.5833333333333335,rock,False
170,20,D11 Female,11,F,5,0.6017064977132341,voting,0.36833333333333335,0,6,2,12.833333333333334,spear,False
170,21,D11 Male,11,M,4,0.26284600215585013,voting,0.24666666666666665,1,1,2,16.125,,True
170,22,D12 Female,12,F,8,0.45150325124762686,voting,0.41333333333333333,0,17,1,3.0,dehydration,False
170,23,D12 Male,12,M,1,0.3526651968643235,voting,0.041666666666666664,0,5,0,13.291666666666666,untreated wound,False
171,0,D1 Female,1,F,5,0.2552512668754655,voting,0.45833333333333337,0,8,0,11.666666666666666,knife,False
171,1,D1 Male,1,M,6,0.6413635303030429,voting,0.58,0,17,1,5.166666666666667,untreated wound,False
171,2,D2 Female,2,F,6,0.566516798861518,voting,0.58,1,4,1,15.458333333333334,bow,False
171,3,D2 Male,2,M,10,0.6456125847309304,voting,0.6666666666666667,0,24,0,1.5,fists,False
171,4,D3 Female,3,F,8,0.5292841774203896,voting,0.3333333333333333,0,1,1,17.333333333333332,,True
171,5,D3 Male,3,M,3,0.5086279454969904,voting,0.20500000000000002,0,5,1,12.958333333333334,arena hazard,False
171,6,D4 Female,4,F,5,0.39169650877562245,voting,0.45833333333333337,0,9,0,10.5,dehydration,False
171,7,D4 Male,4,M,4,0.2517777134705417,voting,0.41666666666666663,0,15,0,5.75,rock,False
171,8,D5 Female,5,F,4,0.5450161197913943,voting,0.32666666666666666,1,2,2,17.291666666666668,arena hazard,False
171,9,D5 Male,5,M,1,0.1280950787832839,voting,0.041666666666666664,0,14,0,6.5,fists,False
171,10,D6 Female,6,F,6,0.6991819891797226,voting,0.25,0,7,4,11.791666666666666,spear,False
171,11,D6 Male,6,M,4,0.5123102748082943,voting,0.16666666666666666,0,6,0,12.541666666666666,knife,False
171,12,D7 Female,7,F,6,0.4242452172073681,voting,0.25,0,19,0,4.791666666666667,fists,False
171,13,D7 Male,7,M,7,0.7300939472257492,voting,0.2916666666666667,0,10,0,7.625,knife,False
171,14,D8 Female,8,F,12,0.6451993164417679,voting,0.5,0,22,0,3.0,dehydration,False
171,15,D8 Male,8,M,6,0.5420934295240463,voting,0.25,0,13,0,6.541666666666667,fists,False
171,16,D9 Female,9,F,6,0.3002822755557306,voting,0.25,0,23,0,2.9583333333333335,rock,False
171,17,D9 Male,9,M,4,0.4398433849575073,voting,0.16666666666666666,0,21,0,4.541666666666667,knife,False
171,18,D10 Female,10,F,6,0.3381590538720215,voting,0.33,0,16,1,5.625,untreated wound,False
171,19,D10 Male,10,M,6,0.4479822403621734,voting,0.25,1,18,0,4.958333333333333,rock,False
171,20,D11 Female,11,F,6,0.573847131139371,voting,0.25,0,20,0,4.625,rock,False
171,21,D11 Male,11,M,8,0.5597052273305547,voting,0.41333333333333333,0,12,1,7.333333333333333,dehydration,False
171,22,D12 Female,12,F,9,0.8465640574545255,voting,0.535,0,3,2,15.916666666666666,arena hazard,False
171,23,D12 Male,12,M,10,0.7227825283534964,voting,0.4966666666666667,1,11,1,7.416666666666667,fists,False
172,0,D1 Female,1,F,8,0.42002345898542853,voting,0.5833333333333333,0,19,0,4.666666666666667,fists,False
172,1,D1 Male,1,M,10,0.855839767154665,voting,0.8266666666666668,3,4,2,13.833333333333334,dehydration,False
172,2,D2 Female,2,F,10,0.7857289809156512,voting,0.7466666666666667,1,16,1,5.375,fists,False
172,3,D2 Male,2,M,11,0.6869132688776763,voting,0.7083333333333333,0,5,1,13.458333333333334,knife,False
172,4,D3 Female,3,F,4,0.3809834148286624,voting,0.16666666666666666,0,23,0,3.0,dehydration,False
172,5,D3 Male,3,M,6,0.6724937941531789,voting,0.25,1,20,0,4.666666666666667,spear,False
172,6,D4 Female,4,F,5,0.29679324116836503,voting,0.5383333333333333,1,2,2,19.25,spear,False
172,7,D4 Male,4,M,8,0.6116107744770263,voting,0.5833333333333333,1,17,0,5.125,fists,False
172,8,D5 Female,5,F,5,0.6312013930895815,voting,0.20833333333333334,0,21,0,3.8333333333333335,fists,False
172,9,D5 Male,5,M,4,0.37593639271794327,voting,0.32666666666666666,3,3,2,17.625,spear,False
172,10,D6 Female,6,F,7,0.46122223295386144,voting,0.2916666666666667,0,15,0,5.833333333333333,fists,False
172,11,D6 Male,6,M,5,0.30751281623512844,voting,0.20833333333333334,0,24,0,1.4166666666666667,fists,False
172,12,D7 Female,7,F,12,0.8873320276747998,voting,0.75,3,1,6,19.291666666666668,,True
172,13,D7 Male,7,M,8,0.7896987839368204,voting,0.3333333333333333,0,7,1,11.125,spear,False
172,14,D8 Female,8,F,7,0.5666879688099035,voting,0.2916666666666667,0,10,0,10.125,fists,False
172,15,D8 Male,8,M,7,0.5561448419204462,voting,0.2916666666666667,0,22,0,3.0416666666666665,fists,False
172,16,D9 Female,9,F,8,0.614814246523038,voting,0.3333333333333333,0,11,0,8.791666666666666,fists,False
172,17,D9 Male,9,M,9,0.7828948849195629,voting,0.455,0,13,1,6.875,dehydration,False
172,18,D10 Female,10,F,7,0.35703986884700983,voting,0.3716666666666667,1,14,1,6.25,dehydration,False
172,19,D10 Male,10,M,12,0.709037388997358,voting,0.58,0,8,1,10.666666666666666,rock,False
172,20,D11 Female,11,F,9,0.5454429797107132,voting,0.455,2,9,1,10.291666666666666,rock,False
172,21,D11 Male,11,M,1,0.08571125222969322,voting,0.041666666666666664,0,6,0,13.083333333333334,knife,False
172,22,D12 Female,12,F,1,0.11299644215964974,voting,0.041666666666666664,0,12,0,8.208333333333334,fists,False
172,23,D12 Male,12,M,8,0.411700540687348,voting,0.3333333333333333,0,18,0,4.833333333333333,fists,False
173,0,D1 Female,1,F,8,0.6838275682489562,voting,0.8233333333333333,1,4,3,14.583333333333334,spear,False
173,1,D1 Male,1,M,6,0.4277529978286779,voting,0.58,1,7,1,10.833333333333334,rock,False
173,2,D2 Female,2,F,9,0.802517624664473,voting,0.625,0,10,0,8.458333333333334,rock,False
173,3,D2 Male,2,M,9,0.6111246155961594,voting,0.625,0,24,0,1.7083333333333333,fists,False
173,4,D3 Female,3,F,6,0.41371638811612393,voting,0.25,0,16,0,4.75,fists,False
173,5,D3 Male,3,M,4,0.44524968558175065,voting,0.16666666666666666,0,9,0,8.458333333333334,knife,False
173,6,D4 Female,4,F,7,0.5943568271716212,voting,0.7016666666666668,1,1,2,16.333333333333332,,True
173,7,D4 Male,4,M,8,0.538458536146144,voting,0.7433333333333333,0,3,2,15.875,dehydration,False
173,8,D5 Female,5,F,4,0.3382589528586627,voting,0.16666666666666666,0,22,0,3.0,dehydration,False
173,9,D5 Male,5,M,7,0.7106266915980561,voting,0.2916666666666667,0,17,0,4.666666666666667,rock,False
173,10,D6 Female,6,F,3,0.35335024418835925,voting,0.375,0,2,4,16.291666666666668,dehydration,False
173,11,D6 Male,6,M,8,0.6504535961875266,voting,0.3333333333333333,0,18,0,4.5,dehydration,False
173,12,D7 Female,7,F,5,0.6430976229502459,voting,0.20833333333333334,0,15,0,5.208333333333333,untreated wound,False
173,13,D7 Male,7,M,9,0.7509850679767692,voting,0.375,0,8,0,9.208333333333334,spear,False
173,14,D8 Female,8,F,2,0.38797229270237993,voting,0.08333333333333333,0,12,0,7.833333333333333,rock,False
173,15,D8 Male,8,M,5,0.6486099909054934,voting,0.20833333333333334,0,11,0,8.208333333333334,knife,False
173,16,D9 Female,9,F,7,0.5442895714175189,voting,0.2916666666666667,0,6,2,12.416666666666666,knife,False
173,17,D9 Male,9,M,5,0.3382705288240989,voting,0.20833333333333334,0,13,0,6.125,knife,False
173,18,D10 Female,10,F,8,0.5862363378039985,voting,0.3333333333333333,0,19,0,4.291666666666667,rock,False
173,19,D10 Male,10,M,9,0.5705024081324535,voting,0.375,0,20,0,3.1666666666666665,fists,False
173,20,D11 Female,11,F,4,0.581657057849902,voting,0.16666666666666666,0,21,0,3.0,dehydration,False
173,21,D11 Male,11,M,5,0.504883221143952,voting,0.20833333333333334,0,23,0,2.9583333333333335,fists,False
173,22,D12 Female,12,F,6,0.6373182175891401,voting,0.41000000000000003,0,5,2,13.166666666666666,dehydration,False
173,23,D12 Male,12,M,4,0.36528705909498027,voting,0.16666666666666666,0,14,0,5.375,rock,False
174,0,D1 Female,1,F,6,0.5963609692166135,voting,0.5,0,11,0,5.958333333333333,knife,False
174,1,D1 Male,1,M,7,0.3667682455521913,voting,0.6216666666666667,0,20,1,3.0,dehydration,False
174,2,D2 Female,2,F,11,0.7103035083454862,voting,0.7083333333333333,1,13,0,4.791666666666667,dehydration,False
174,3,D2 Male,2,M,8,0.6140071636313182,voting,0.5833333333333333,0,15,1,4.5,rock,False
174,4,D3 Female,3,F,4,0.22004917805554625,voting,0.16666666666666666,0,18,0,4.375,fists,False
174,5,D3 Male,3,M,9,0.50320248028866,voting,0.625,0,2,4,19.333333333333332,untreated wound,False
174,6,D4 Female,4,F,7,0.6256510458172623,voting,0.5416666666666667,1,7,0,12.875,spear,False
174,7,D4 Male,4,M,5,0.3580039624539294,voting,0.45833333333333337,0,23,0,2.4166666666666665,fists,False
174,8,D5 Female,5,F,10,0.7631485186389209,voting,0.4966666666666667,1,9,1,7.625,knife,False
174,9,D5 Male,5,M,9,0.8384011108761686,voting,0.375,0,10,1,6.708333333333333,knife,False
174,10,D6 Female,6,F,6,0.43676667019701887,voting,0.25,0,8,2,8.583333333333334,spear,False
174,11,D6 Male,6,M,8,0.5473233578961741,voting,0.5833333333333333,1,1,4,19.375,,True
174,12,D7 Female,7,F,5,0.31874320816745894,voting,0.20833333333333334,0,21,0,2.625,fists,False
174,13,D7 Male,7,M,3,0.4786146854563079,voting,0.125,0,5,0,15.666666666666666,bow,False
174,14,D8 Female,8,F,4,0.5404996348375969,voting,0.16666666666666666,0,17,0,4.375,rock,False
174,15,D8 Male,8,M,6,0.3763198773863599,voting,0.25,0,16,0,4.5,fists,False
174,16,D9 Female,9,F,7,0.46669560513414315,voting,0.2916666666666667,0,22,0,2.625,fists,False
174,17,D9 Male,9,M,4,0.26973502502536856,voting,0.24666666666666665,0,4,2,18.25,bow,False
174,18,D10 Female,10,F,12,0.8432723284552812,voting,0.5,0,19,0,4.0,fists,False
174,19,D10 Male,10,M,3,0.45351821829546435,voting,0.20500000000000002,0,12,1,5.291666666666667,spear,False
174,20,D11 Female,11,F,11,0.8917666117101699,voting,0.5383333333333333,0,14,1,4.5,dehydration,False
174,21,D11 Male,11,M,8,0.4536068498524739,voting,0.3333333333333333,0,24,0,2.0833333333333335,fists,False
174,22,D12 Female,12,F,5,0.4345965534159788,voting,0.20833333333333334,0,3,1,18.958333333333332,spear,False
174,23,D12 Male,12,M,5,0.3199143126132937,voting,0.20833333333333334,0,6,0,15.583333333333334,bow,False
175,0,D1 Female,1,F,7,0.5261067122072105,voting,0.6216666666666667,1,7,1,12.458333333333334,knife,False
175,1,D1 Male,1,M,11,0.8585877255520936,voting,0.7883333333333332,0,14,1,6.333333333333333,knife,False
175,2,D2 Female,2,F,6,0.4833905419623331,voting,0.58,2,4,1,17.166666666666668,sword,False
175,3,D2 Male,2,M,9,0.7099617837909153,voting,0.705,0,11,1,8.208333333333334,fists,False
175,4,D3 Female,3,F,5,0.3701713353323537,voting,0.20833333333333334,0,24,0,2.1666666666666665,fists,False
175,5,D3 Male,3,M,7,0.4898409766822509,voting,0.2916666666666667,0,13,0,7.333333333333333,spear,False
175,6,D4 Female,4,F,8,0.47284518974382994,voting,0.5833333333333333,1,12,0,7.416666666666667,spear,False
175,7,D4 Male,4,M,2,0.3757160387036019,voting,0.3333333333333333,0,21,0,3.0,dehydration,False
175,8,D5 Female,5,F,4,0.3747997249698338,voting,0.16666666666666666,0,2,2,18.5,bow,False
175,9,D5 Male,5,M,5,0.6283115103253594,voting,0.20833333333333334,0,17,0,4.416666666666667,rock,False
175,10,D6 Female,6,F,4,0.5995912328199254,voting,0.16666666666666666,0,19,0,3.8333333333333335,knife,False
175,11,D6 Male,6,M,4,0.5252672109494253,voting,0.32666666666666666,2,5,2,15.958333333333334,spear,False
175,12,D7 Female,7,F,7,0.4340526645871302,voting,0.2916666666666667,0,20,0,3.4166666666666665,fists,False
175,13,D7 Male,7,M,4,0.26608553741429475,voting,0.16666666666666666,1,22,0,2.375,fists,False
175,14,D8 Female,8,F,6,0.5844346689854314,voting,0.25,0,23,0,2.2916666666666665,fists,False
175,15,D8 Male,8,M,7,0.588255678896887,voting,0.2916666666666667,0,18,0,3.9583333333333335,knife,False
175,16,D9 Female,9,F,9,0.7916676618516905,voting,0.625,1,1,6,18.541666666666668,,True
175,17,D9 Male,9,M,8,0.5100458053036361,voting,0.41333333333333333,0,8,1,11.916666666666666,knife,False
175,18,D10 Female,10,F,7,0.49755947376139886,voting,0.2916666666666667,0,15,0,6.166666666666667,fists,False
175,19,D10 Male,10,M,5,0.39862378158366485,voting,0.20833333333333334,0,16,1,4.75,dehydration,False
175,20,D11 Female,11,F,3,0.30727939079714617,voting,0.20500000000000002,0,6,1,14.708333333333334,untreated wound,False
175,21,D11 Male,11,M,4,0.32089128098109976,voting,0.16666666666666666,1,3,0,17.25,sword,False
175,22,D12 Female,12,F,11,0.842133988195316,voting,0.6183333333333333,0,9,2,10.416666666666666,dehydration,False
175,23,D12 Male,12,M,5,0.5263931110835152,voting,0.20833333333333334,0,10,0,8.583333333333334,spear,False
176,0,D1 Female,1,F,8,0.7040545157342335,voting,0.5833333333333333,0,13,0,6.0,dehydration,False
176,1,D1 Male,1,M,10,0.6305536774642087,voting,0.6666666666666667,0,8,0,11.083333333333334,arena hazard,False
176,2,D2 Female,2,F,9,0.7097713828110115,voting,0.705,0,19,1,3.0,dehydration,False
176,3,D2 Male,2,M,4,0.22334350604650707,voting,0.41666666666666663,0,20,0,2.7083333333333335,fists,False
176,4,D3 Female,3,F,10,0.7125567018663261,voting,0.4166666666666667,0,6,0,14.125,knife,False
176,5,D3 Male,3,M,6,0.4691183325488121,voting,0.25,1,12,0,6.333333333333333,fists,False
176,6,D4 Female,4,F,5,0.41259625108701503,voting,0.5383333333333333,2,4,1,17.125,bow,False
176,7,D4 Male,4,M,5,0.3880258309098158,voting,0.45833333333333337,0,24,0,1.3333333333333333,fists,False
176,8,D5 Female,5,F,8,0.6422238631866111,voting,0.41333333333333333,2,10,2,7.791666666666667,dehydration,False
176,9,D5 Male,5,M,5,0.6382258001278754,voting,0.20833333333333334,0,18,0,3.0,dehydration,False
176,10,D6 Female,6,F,7,0.6984586538749469,voting,0.2916666666666667,1,5,1,16.5,knife,False
176,11,D6 Male,6,M,5,0.457105931870489,voting,0.20833333333333334,0,15,0,4.5,fists,False
176,12,D7 Female,7,F,5,0.43337301404510464,voting,0.20833333333333334,1,11,0,7.0,fists,False
176,13,D7 Male,7,M,9,0.4598655550986694,voting,0.375,0,16,0,4.25,dehydration,False
176,14,D8 Female,8,F,6,0.46204493030068394,voting,0.25,0,22,0,1.9166666666666667,fists,False
176,15,D8 Male,8,M,6,0.33590407029354163,voting,0.25,0,14,0,4.708333333333333,fists,False
176,16,D9 Female,9,F,6,0.5882241915380301,voting,0.49,1,3,3,17.333333333333332,spear,False
176,17,D9 Male,9,M,6,0.6116917821996303,voting,0.25,0,1,3,19.416666666666668,,True
176,18,D10 Female,10,F,12,0.95,voting,0.58,1,9,1,9.791666666666666,dehydration,False
176,19,D10 Male,10,M,7,0.5261717255616021,voting,0.2916666666666667,0,23,0,1.4583333333333333,fists,False
176,20,D11 Female,11,F,9,0.5904898771955838,voting,0.455,0,2,2,19.375,bow,False
176,21,D11 Male,11,M,6,0.3134655691251215,voting,0.25,0,21,0,2.2083333333333335,fists,False
176,22,D12 Female,12,F,8,0.7679791845795503,voting,0.3333333333333333,0,17,0,3.0,dehydration,False
176,23,D12 Male,12,M,7,0.5641298970414396,voting,0.3716666666666667,0,7,1,13.208333333333334,bow,False
177,0,D1 Female,1,F,8,0.5578723878295466,voting,0.7433333333333333,0,2,2,18.416666666666668,sword,False
177,1,D1 Male,1,M,5,0.2993811236570655,voting,0.45833333333333337,0,17,0,4.666666666666667,fists,False
177,2,D2 Female,2,F,4,0.48212959245836184,voting,0.41666666666666663,1,11,0,9.083333333333334,knife,False
177,3,D2 Male,2,M,5,0.34385049141308693,voting,0.45833333333333337,0,8,0,10.5,spear,False
177,4,D3 Female,3,F,12,0.8586314822132806,voting,0.66,0,9,2,9.625,dehydration,False
177,5,D3 Male,3,M,3,0.3746534898592076,voting,0.125,0,7,0,10.583333333333334,bow,False
177,6,D4 Female,4,F,8,0.5425134455747184,voting,0.5833333333333333,1,14,1,7.541666666666667,untreated wound,False
177,7,D4 Male,4,M,8,0.7479581088562697,voting,0.5833333333333333,0,1,4,18.458333333333332,,True
177,8,D5 Female,5,F,2,0.4552805062833334,voting,0.16333333333333333,1,21,1,3.3333333333333335,fists,False
177,9,D5 Male,5,M,8,0.673606049224554,voting,0.41333333333333333,0,3,1,18.208333333333332,sword,False
177,10,D6 Female,6,F,4,0.5272711121506346,voting,0.16666666666666666,0,19,0,4.333333333333333,fists,False
177,11,D6 Male,6,M,9,0.7755398262485163,voting,0.455,1,15,1,5.75,untreated wound,False
177,12,D7 Female,7,F,7,0.6949485687014176,voting,0.2916666666666667,0,20,0,4.25,fists,False
177,13,D7 Male,7,M,12,0.6488608022760259,voting,0.5,1,23,0,2.625,fists,False
177,14,D8 Female,8,F,9,0.4561498912262152,voting,0.375,1,16,0,5.041666666666667,fists,False
177,15,D8 Male,8,M,6,0.38214064891297,voting,0.33,0,6,1,13.166666666666666,dehydration,False
177,16,D9 Female,9,F,8,0.5009822770432846,voting,0.3333333333333333,0,24,0,1.7916666666666667,fists,False
177,17,D9 Male,9,M,7,0.6088053226245379,voting,0.2916666666666667,0,10,0,9.375,spear,False
177,18,D10 Female,10,F,3,0.2447197466438788,voting,0.125,0,12,0,8.833333333333334,rock,False
177,19,D10 Male,10,M,1,0.2761991788667994,voting,0.041666666666666664,0,22,0,2.7916666666666665,fists,False
177,20,D11 Female,11,F,8,0.7128969664905689,voting,0.41333333333333333,1,5,1,14.583333333333334,dehydration,False
177,21,D11 Male,11,M,4,0.5102768146993217,voting,0.16666666666666666,0,18,0,4.541666666666667,fists,False
177,22,D12 Female,12,F,7,0.6453845873871363,voting,0.3716666666666667,1,4,2,14.75,bow,False
177,23,D12 Male,12,M,8,0.6087870324498101,voting,0.41333333333333333,0,13,1,7.791666666666667,untreated wound,False
178,0,D1 Female,1,F,9,0.7684699555686839,voting,0.705,1,1,1,19.666666666666668,,True
178,1,D1 Male,1,M,4,0.5411600068970325,voting,0.49666666666666665,1,12,1,6.291666666666667,dehydration,False
178,2,D2 Female,2,F,10,0.5425802403231206,voting,0.6666666666666667,0,13,0,6.125,rock,False
178,3,D2 Male,2,M,9,0.6867458341674,voting,0.625,0,3,1,18.666666666666668,sword,False
178,4,D3 Female,3,F,9,0.7075933686442818,voting,0.375,0,10,1,7.416666666666667,knife,False
178,5,D3 Male,3,M,8,0.461986528418101,voting,0.3333333333333333,1,15,0,4.791666666666667,dehydration,False
178,6,D4 Female,4,F,6,0.5778022935057888,voting,0.5,0,17,0,3.7083333333333335,fists,False
178,7,D4 Male,4,M,6,0.39336255524139774,voting,0.5,0,24,0,2.5,fists,False
178,8,D5 Female,5,F,6,0.6847775443426118,voting,0.25,0,23,0,3.0,dehydration,False
178,9,D5 Male,5,M,8,0.43883982699591845,voting,0.4933333333333333,0,7,2,13.208333333333334,bow,False
178,10,D6 Female,6,F,6,0.4413601675381762,voting,0.25,0,21,0,3.25,fists,False
178,11,D6 Male,6,M,5,0.2876722670458053,voting,0.36833333333333335,0,2,2,19.625,untreated wound,False
178,12,D7 Female,7,F,11,0.900103306722261,voting,0.5383333333333333,1,8,1,10.125,dehydration,False
178,13,D7 Male,7,M,8,0.4604545329566059,voting,0.3333333333333333,0,16,0,4.541666666666667,rock,False
178,14,D8 Female,8,F,6,0.5969586003956593,voting,0.25,0,20,1,3.25,fists,False
178,15,D8 Male,8,M,7,0.694164445511659,voting,0.2916666666666667,0,18,1,3.5,fists,False
178,16,D9 Female,9,F,9,0.7327713148903311,voting,0.375,0,6,0,15.333333333333334,sword,False
178,17,D9 Male,9,M,9,0.47098256682372375,voting,0.455,0,9,1,9.625,untreated wound,False
178,18,D10 Female,10,F,5,0.31963134755739975,voting,0.20833333333333334,0,11,0,6.916666666666667,knife,False
178,19,D10 Male,10,M,1,0.29205091336769873,voting,0.041666666666666664,0,19,0,3.3333333333333335,fists,False
178,20,D11 Female,11,F,10,0.6040332038647253,voting,0.4166666666666667,0,22,0,3.0416666666666665,fists,False
178,21,D11 Male,11,M,5,0.34461338055298835,voting,0.20833333333333334,0,14,0,5.125,fists,False
178,22,D12 Female,12,F,7,0.4273740961145883,voting,0.2916666666666667,0,5,3,15.916666666666666,bow,False
178,23,D12 Male,12,M,2,0.2151953557386862,voting,0.16333333333333333,0,4,2,15.916666666666666,spear,False
179,0,D1 Female,1,F,1,0.4357898817730723,voting,0.2916666666666667,0,4,0,13.083333333333334,dehydration,False
179,1,D1 Male,1,M,10,0.8486813296405956,voting,0.6666666666666667,0,7,1,9.791666666666666,rock,False
179,2,D2 Female,2,F,3,0.4418464026421315,voting,0.375,1,3,1,15.541666666666666,bow,False
179,3,D2 Male,2,M,5,0.3058658061711086,voting,0.45833333333333337,0,22,0,2.5416666666666665,fists,False
179,4,D3 Female,3,F,8,0.4137885524472472,voting,0.3333333333333333,0,14,0,5.416666666666667,knife,False
179,5,D3 Male,3,M,7,0.6917136180121546,voting,0.3716666666666667,1,15,1,5.083333333333333,untreated wound,False
179,6,D4 Female,4,F,7,0.7095927436910829,voting,0.5416666666666667,0,19,0,3.1666666666666665,fists,False
179,7,D4 Male,4,M,6,0.5400017072445429,voting,0.5,0,21,0,2.875,fists,False
179,8,D5 Female,5,F,4,0.4084493316290817,voting,0.24666666666666665,0,6,1,9.875,spear,False
179,9,D5 Male,5,M,6,0.621677390526812,voting,0.25,0,12,1,6.875,knife,False
179,10,D6 Female,6,F,9,0.8432262141133587,voting,0.535,1,1,5,16.166666666666668,,True
179,11,D6 Male,6,M,7,0.4900449481851984,voting,0.2916666666666667,0,20,0,3.0833333333333335,fists,False
179,12,D7 Female,7,F,6,0.4480985457167449,voting,0.41000000000000003,0,8,2,9.708333333333334,rock,False
179,13,D7 Male,7,M,2,0.3885896696848194,voting,0.08333333333333333,0,17,0,3.625,rock,False
179,14,D8 Female,8,F,5,0.5454422642070822,voting,0.20833333333333334,0,18,0,3.25,fists,False
179,15,D8 Male,8,M,11,0.5848795506063003,voting,0.6983333333333333,0,5,3,10.083333333333334,dehydration,False
179,16,D9 Female,9,F,12,0.8257977344492247,voting,0.5,0,11,1,7.416666666666667,knife,False
179,17,D9 Male,9,M,5,0.45897665408232347,voting,0.20833333333333334,0,9,1,8.75,spear,False
179,18,D10 Female,10,F,2,0.4195981064661714,voting,0.08333333333333333,0,2,0,16.125,bow,False
179,19,D10 Male,10,M,6,0.6428795335281026,voting,0.25,0,23,0,2.2083333333333335,fists,False
179,20,D11 Female,11,F,8,0.6455906726850875,voting,0.3333333333333333,0,24,0,1.7916666666666667,fists,False
179,21,D11 Male,11,M,8,0.575791229884953,voting,0.3333333333333333,0,13,0,5.666666666666667,dehydration,False
179,22,D12 Female,12,F,5,0.6097432657143831,voting,0.28833333333333333,0,16,1,4.916666666666667,knife,False
179,23,D12 Male,12,M,3,0.46588969847283423,voting,0.125,0,10,1,7.416666666666667,rock,False
180,0,D1 Female,1,F,4,0.5392785795441087,voting,0.41666666666666663,0,1,2,17.208333333333332,,True
180,1,D1 Male,1,M,3,0.2653016766525366,voting,0.375,0,13,0,7.166666666666667,knife,False
180,2,D2 Female,2,F,3,0.29479883212051905,voting,0.375,0,4,2,14.5,knife,False
180,3,D2 Male,2,M,2,0.40735760500082396,voting,0.3333333333333333,0,20,0,3.0416666666666665,rock,False
180,4,D3 Female,3,F,8,0.45575003180936996,voting,0.4933333333333333,0,10,2,8.0,knife,False
180,5,D3 Male,3,M,4,0.40999681022543677,voting,0.16666666666666666,0,21,0,2.7083333333333335,fists,False
180,6,D4 Female,4,F,10,0.6044788468013316,voting,0.6666666666666667,1,9,0,8.791666666666666,spear,False
180,7,D4 Male,4,M,10,0.5676300451061309,voting,0.6666666666666667,0,2,1,17.166666666666668,spear,False
180,8,D5 Female,5,F,9,0.659374951189843,voting,0.375,0,12,2,7.75,spear,False
180,9,D5 Male,5,M,8,0.5067643941314526,voting,0.3333333333333333,0,17,0,5.791666666666667,knife,False
180,10,D6 Female,6,F,6,0.6480583206001496,voting,0.33,1,11,1,7.958333333333333,untreated wound,False
180,11,D6 Male,6,M,11,0.5824924535409997,voting,0.4583333333333333,0,18,0,4.5,dehydration,False
180,12,D7 Female,7,F,6,0.5367752426058935,voting,0.25,0,23,0,2.2916666666666665,fists,False
180,13,D7 Male,7,M,10,0.718071391578717,voting,0.4166666666666667,0,22,0,2.6666666666666665,fists,False
180,14,D8 Female,8,F,10,0.5416213121699551,voting,0.4166666666666667,0,24,0,2.25,fists,False
180,15,D8 Male,8,M,3,0.15908725538647397,voting,0.125,0,19,0,3.4166666666666665,rock,False
180,16,D9 Female,9,F,6,0.6797751591793879,voting,0.33,1,7,1,11.25,fists,False
180,17,D9 Male,9,M,7,0.47977044084725934,voting,0.3716666666666667,1,6,1,12.5,untreated wound,False
180,18,D10 Female,10,F,5,0.3893640157266489,voting,0.20833333333333334,0,15,0,6.0,dehydration,False
180,19,D10 Male,10,M,4,0.5784774147458355,voting,0.16666666666666666,0,5,1,13.708333333333334,fists,False
180,20,D11 Female,11,F,5,0.5940619392055784,voting,0.28833333333333333,0,16,1,5.916666666666667,dehydration,False
180,21,D11 Male,11,M,8,0.4806979291243441,voting,0.4933333333333333,1,8,2,10.166666666666666,spear,False
180,22,D12 Female,12,F,9,0.7573629319192808,voting,0.375,1,3,1,14.916666666666666,spear,False
180,23,D12 Male,12,M,7,0.4751352332188532,voting,0.2916666666666667,0,14,0,6.708333333333333,dehydration,False
181,0,D1 Female,1,F,10,0.7392295981066959,voting,0.7466666666666667,0,7,1,14.166666666666666,spear,False
181,1,D1 Male,1,M,3,0.19610010979822387,voting,0.375,0,18,0,4.0,fists,False
181,2,D2 Female,2,F,11,0.5861945285121355,voting,0.8683333333333333,0,1,5,19.208333333333332,,True
181,3,D2 Male,2,M,4,0.5357785504578801,voting,0.41666666666666663,0,15,0,6.583333333333333,knife,False
181,4,D3 Female,3,F,7,0.48127459428476027,voting,0.2916666666666667,0,11,0,9.875,spear,False
181,5,D3 Male,3,M,2,0.3938272947119515,voting,0.16333333333333333,0,5,1,16.333333333333332,sword,False
181,6,D4 Female,4,F,4,0.49376110994127,voting,0.49666666666666665,1,6,1,14.166666666666666,knife,False
181,7,D4 Male,4,M,6,0.5704819039346701,voting,0.66,2,8,2,13.458333333333334,bow,False
181,8,D5 Female,5,F,6,0.5300097030077937,voting,0.25,0,20,0,3.0,dehydration,False
181,9,D5 Male,5,M,7,0.5125127743868813,voting,0.2916666666666667,1,19,0,3.4166666666666665,fists,False
181,10,D6 Female,6,F,6,0.6924634870492636,voting,0.25,0,16,0,6.125,rock,False
181,11,D6 Male,6,M,5,0.4427693749821222,voting,0.20833333333333334,0,9,0,13.375,knife,False
181,12,D7 Female,7,F,8,0.7262892573736088,voting,0.3333333333333333,0,4,2,16.833333333333332,bow,False
181,13,D7 Male,7,M,5,0.29902930390243115,voting,0.20833333333333334,0,21,0,2.875,fists,False
181,14,D8 Female,8,F,4,0.4990230727247036,voting,0.16666666666666666,0,13,0,7.458333333333333,spear,False
181,15,D8 Male,8,M,8,0.5445077731275835,voting,0.3333333333333333,0,14,0,7.208333333333333,knife,False
181,16,D9 Female,9,F,1,0.33170479142194387,voting,0.041666666666666664,0,24,0,1.4583333333333333,fists,False
181,17,D9 Male,9,M,12,0.7598775441144042,voting,0.58,2,10,1,10.375,knife,False
181,18,D10 Female,10,F,3,0.27096007486423634,voting,0.125,0,22,0,2.375,fists,False
181,19,D10 Male,10,M,6,0.5679204855317086,voting,0.25,0,17,0,4.75,fists,False
181,20,D11 Female,11,F,5,0.36934055786360576,voting,0.36833333333333335,0,2,2,19.166666666666668,sword,False
181,21,D11 Male,11,M,6,0.3572269334538313,voting,0.25,0,23,0,2.125,fists,False
181,22,D12 Female,12,F,4,0.5760017912774418,voting,0.41666666666666663,0,3,4,18.583333333333332,untreated wound,False
181,23,D12 Male,12,M,4,0.46408719058224013,voting,0.24666666666666665,0,12,1,8.833333333333334,dehydration,False
182,0,D1 Female,1,F,8,0.6652437715455044,voting,0.6633333333333332,3,7,1,12.333333333333334,dehydration,False
182,1,D1 Male,1,M,3,0.3903009387010657,voting,0.535,1,6,2,12.708333333333334,knife,False
182,2,D2 Female,2,F,9,0.45954373574639445,voting,0.625,0,1,2,14.541666666666666,,True
182,3,D2 Male,2,M,7,0.5174858206663842,voting,0.5416666666666667,0,12,0,7.208333333333333,rock,False
182,4,D3 Female,3,F,3,0.42033511955913994,voting,0.125,0,9,0,10.0,spear,False
182,5,D3 Male,3,M,9,0.7501151535237096,voting,0.615,0,5,3,12.958333333333334,knife,False
182,6,D4 Female,4,F,8,0.729803242880479,voting,0.7433333333333333,0,2,2,14.5,dehydration,False
182,7,D4 Male,4,M,9,0.6047002849251742,voting,0.625,0,24,0,2.25,fists,False
182,8,D5 Female,5,F,6,0.5627976893496015,voting,0.25,1,19,0,3.7916666666666665,fists,False
182,9,D5 Male,5,M,6,0.5489563594558423,voting,0.25,0,14,0,5.666666666666667,fists,False
182,10,D6 Female,6,F,4,0.21686609456132924,voting,0.16666666666666666,1,18,0,3.875,fists,False
182,11,D6 Male,6,M,8,0.7250450603410163,voting,0.3333333333333333,0,4,0,13.583333333333334,spear,False
182,12,D7 Female,7,F,6,0.535200664731151,voting,0.33,0,10,3,8.708333333333334,rock,False
182,13,D7 Male,7,M,6,0.5078297433748091,voting,0.25,0,17,0,4.0,fists,False
182,14,D8 Female,8,F,5,0.26643337157590785,voting,0.28833333333333333,0,15,1,5.5,fists,False
182,15,D8 Male,8,M,1,0.3900407907716887,voting,0.041666666666666664,0,20,0,3.4583333333333335,fists,False
182,16,D9 Female,9,F,8,0.5506623023710358,voting,0.3333333333333333,0,8,0,11.458333333333334,spear,False
182,17,D9 Male,9,M,6,0.44913226943689105,voting,0.25,0,22,0,3.0,dehydration,False
182,18,D10 Female,10,F,9,0.4856004968248655,voting,0.375,0,21,0,3.0,dehydration,False
182,19,D10 Male,10,M,4,0.4768590470510541,voting,0.16666666666666666,0,16,1,4.75,fists,False
182,20,D11 Female,11,F,6,0.5984682404237535,voting,0.25,1,11,0,7.333333333333333,knife,False
182,21,D11 Male,11,M,5,0.2644215510805344,voting,0.20833333333333334,0,23,0,2.5416666666666665,fists,False
182,22,D12 Female,12,F,1,0.08356653374705147,voting,0.12166666666666667,0,13,1,5.833333333333333,fists,False
182,23,D12 Male,12,M,6,0.6332859635626292,voting,0.49,0,3,3,13.666666666666666,bow,False
183,0,D1 Female,1,F,6,0.3675415439881103,voting,0.58,2,4,1,15.875,spear,False
183,1,D1 Male,1,M,5,0.518013041502039,voting,0.45833333333333337,0,19,0,3.6666666666666665,fists,False
183,2,D2 Female,2,F,9,0.7926765839476462,voting,0.625,0,15,1,6.833333333333333,fists,False
183,3,D2 Male,2,M,10,0.5800450374298141,voting,0.6666666666666667,0,22,0,2.5833333333333335,fists,False
183,4,D3 Female,3,F,11,0.5862599143274978,voting,0.4583333333333333,0,11,0,10.375,knife,False
183,5,D3 Male,3,M,8,0.7949454379782854,voting,0.3333333333333333,1,16,1,4.916666666666667,fists,False
183,6,D4 Female,4,F,9,0.7705814062019616,voting,0.625,0,7,0,13.916666666666666,dehydration,False
183,7,D4 Male,4,M,7,0.6187222996997381,voting,0.6216666666666667,2,9,1,11.625,untreated wound,False
183,8,D5 Female,5,F,7,0.5841127596363925,voting,0.2916666666666667,0,24,0,1.25,fists,False
183,9,D5 Male,5,M,4,0.307636662031903,voting,0.16666666666666666,0,12,0,8.375,knife,False
183,10,D6 Female,6,F,8,0.6227731752552228,voting,0.4933333333333333,0,6,2,14.458333333333334,spear,False
183,11,D6 Male,6,M,7,0.7413042603665174,voting,0.3716666666666667,0,8,1,12.708333333333334,dehydration,False
183,12,D7 Female,7,F,4,0.4199587564634075,voting,0.24666666666666665,0,10,1,11.416666666666666,spear,False
183,13,D7 Male,7,M,8,0.7237511922107294,voting,0.41333333333333333,0,1,5,16.541666666666668,,True
183,14,D8 Female,8,F,6,0.40179490588608485,voting,0.25,0,17,0,4.333333333333333,fists,False
183,15,D8 Male,8,M,8,0.46277916033995636,voting,0.3333333333333333,0,20,0,3.5,fists,False
183,16,D9 Female,9,F,6,0.5714354770196362,voting,0.33,0,13,1,7.958333333333333,sword,False
183,17,D9 Male,9,M,6,0.41137467828808394,voting,0.25,0,23,0,2.0,fists,False
183,18,D10 Female,10,F,8,0.5824097998157434,voting,0.3333333333333333,0,21,0,3.4583333333333335,fists,False
183,19,D10 Male,10,M,7,0.36163339540053624,voting,0.2916666666666667,0,14,0,6.916666666666667,untreated wound,False
183,20,D11 Female,11,F,3,0.2390070851781942,voting,0.125,0,3,0,15.875,dehydration,False
183,21,D11 Male,11,M,7,0.7092745715202023,voting,0.2916666666666667,0,18,0,4.333333333333333,spear,False
183,22,D12 Female,12,F,4,0.5523156699160809,voting,0.24666666666666665,0,2,1,16.5,bow,False
183,23,D12 Male,12,M,8,0.5760896739628514,voting,0.4933333333333333,2,5,2,14.583333333333334,dehydration,False
184,0,D1 Female,1,F,6,0.3442872972425581,voting,0.5,0,17,0,4.208333333333333,fists,False
184,1,D1 Male,1,M,12,0.95,voting,0.75,0,21,0,3.0,dehydration,False
184,2,D2 Female,2,F,8,0.6635007670745299,voting,0.6633333333333332,1,1,2,18.791666666666668,,True
184,3,D2 Male,2,M,8,0.5106340919170164,voting,0.5833333333333333,0,4,2,16.416666666666668,arena hazard,False
184,4,D3 Female,3,F,5,0.31029172073666483,voting,0.20833333333333334,0,23,0,1.7916666666666667,fists,False
184,5,D3 Male,3,M,10,0.6092201393323454,voting,0.4166666666666667,1,15,1,4.541666666666667,knife,False
184,6,D4 Female,4,F,3,0.4278980659446513,voting,0.375,0,11,1,7.458333333333333,knife,False
184,7,D4 Male,4,M,8,0.5050607903781288,voting,0.6633333333333332,1,8,1,12.916666666666666,spear,False
184,8,D5 Female,5,F,8,0.5117974879788556,voting,0.3333333333333333,0,20,0,3.0,dehydration,False
184,9,D5 Male,5,M,6,0.43045738193914074,voting,0.25,0,19,0,3.0,dehydration,False
184,10,D6 Female,6,F,8,0.5663766219186421,voting,0.3333333333333333,0,9,0,11.041666666666666,rock,False
184,11,D6 Male,6,M,3,0.5016806278601514,voting,0.125,0,6,0,14.5,spear,False
184,12,D7 Female,7,F,8,0.7031041528815185,voting,0.4933333333333333,1,2,5,18.75,untreated wound,False
184,13,D7 Male,7,M,10,0.6504746982929603,voting,0.4166666666666667,0,22,1,2.9166666666666665,fists,False
184,14,D8 Female,8,F,5,0.5733915739171865,voting,0.20833333333333334,0,5,1,14.958333333333334,spear,False
184,15,D8 Male,8,M,5,0.3031648540420099,voting,0.20833333333333334,0,14,0,5.083333333333333,rock,False
184,16,D9 Female,9,F,4,0.44452384645865395,voting,0.16666666666666666,0,12,0,6.625,rock,False
184,17,D9 Male,9,M,6,0.43785637415136835,voting,0.25,0,7,1,13.5,bow,False
184,18,D10 Female,10,F,2,0.26002052049550584,voting,0.08333333333333333,0,10,0,8.125,dehydration,False
184,19,D10 Male,10,M,4,0.2883564463566523,voting,0.16666666666666666,0,18,0,3.5833333333333335,fists,False
184,20,D11 Female,11,F,12,0.8991452526501382,voting,0.58,1,3,1,18.583333333333332,spear,False
184,21,D11 Male,11,M,5,0.4912818550340242,voting,0.20833333333333334,0,24,0,1.5,rock,False
184,22,D12 Female,12,F,8,0.602986362334196,voting,0.3333333333333333,0,16,0,4.416666666666667,rock,False
184,23,D12 Male,12,M,11,0.817010084137298,voting,0.5383333333333333,0,13,1,5.416666666666667,rock,False
185,0,D1 Female,1,F,6,0.40343651955440724,voting,0.58,0,13,1,7.0,dehydration,False
185,1,D1 Male,1,M,8,0.41274503518092076,voting,0.5833333333333333,0,22,0,3.0833333333333335,fists,False
185,2,D2 Female,2,F,6,0.5401464810882441,voting,0.5,0,21,0,3.0833333333333335,fists,False
185,3,D2 Male,2,M,8,0.41305103136926474,voting,0.5833333333333333,0,17,0,6.25,spear,False
185,4,D3 Female,3,F,11,0.8561158832434157,voting,0.4583333333333333,0,14,0,6.916666666666667,dehydration,False
185,5,D3 Male,3,M,7,0.3894108561706376,voting,0.2916666666666667,1,16,0,6.291666666666667,dehydration,False
185,6,D4 Female,4,F,10,0.8652569878174409,voting,0.7466666666666667,1,15,1,6.5,arena hazard,False
185,7,D4 Male,4,M,5,0.3389437042087796,voting,0.45833333333333337,0,18,0,5.833333333333333,spear,False
185,8,D5 Female,5,F,9,0.7586371738551005,voting,0.375,0,10,0,8.416666666666666,sword,False
185,9,D5 Male,5,M,9,0.5952106752050053,voting,0.455,0,12,1,7.125,rock,False
185,10,D6 Female,6,F,6,0.6962902203922284,voting,0.25,1,11,0,8.375,dehydration,False
185,11,D6 Male,6,M,8,0.5880114862874959,voting,0.41333333333333333,0,19,1,3.9166666666666665,dehydration,False
185,12,D7 Female,7,F,4,0.3331708003664483,voting,0.32666666666666666,0,5,2,14.666666666666666,spear,False
185,13,D7 Male,7,M,11,0.785476366084566,voting,0.4583333333333333,0,23,0,2.875,fists,False
185,14,D8 Female,8,F,9,0.7684677318742461,voting,0.455,1,1,4,16.708333333333332,,True
185,15,D8 Male,8,M,4,0.28267947523530057,voting,0.16666666666666666,0,2,2,16.666666666666668,spear,False
185,16,D9 Female,9,F,6,0.5308648916977957,voting,0.33,1,6,2,10.916666666666666,spear,False
185,17,D9 Male,9,M,4,0.5948146489341832,voting,0.16666666666666666,0,8,0,8.75,bow,False
185,18,D10 Female,10,F,6,0.6895997053619607,voting,0.41000000000000003,1,3,2,15.333333333333334,spear,False
185,19,D10 Male,10,M,6,0.4252959129501139,voting,0.25,0,20,0,3.25,fists,False
185,20,D11 Female,11,F,6,0.3873680929129486,voting,0.25,0,4,0,14.708333333333334,sword,False
185,21,D11 Male,11,M,4,0.5927784082694495,voting,0.16666666666666666,0,7,0,10.75,sword,False
185,22,D12 Female,12,F,5,0.5088962827854049,voting,0.28833333333333333,0,9,1,8.416666666666666,bow,False
185,23,D12 Male,12,M,7,0.4688665560575276,voting,0.2916666666666667,0,24,0,1.5,fists,False
186,0,D1 Female,1,F,9,0.6692092615322014,voting,0.625,0,7,0,11.041666666666666,spear,False
186,1,D1 Male,1,M,9,0.7904250263646575,voting,0.865,1,3,3,13.291666666666666,spear,False
186,2,D2 Female,2,F,9,0.5823066314023678,voting,0.625,0,10,0,8.125,rock,False
186,3,D2 Male,2,M,6,0.5887025907725705,voting,0.66,3,8,2,11.0,knife,False
186,4,D3 Female,3,F,9,0.8417479254081276,voting,0.375,0,22,0,3.0,dehydration,False
186,5,D3 Male,3,M,5,0.518723803704768,voting,0.20833333333333334,0,11,1,6.875,rock,False
186,6,D4 Female,4,F,6,0.30176534475146155,voting,0.5,0,18,0,3.0833333333333335,fists,False
186,7,D4 Male,4,M,5,0.4858354382366191,voting,0.45833333333333337,0,23,0,2.2916666666666665,fists,False
186,8,D5 Female,5,F,8,0.705579902035049,voting,0.3333333333333333,0,21,0,3.0,dehydration,False
186,9,D5 Male,5,M,4,0.4940748613751357,voting,0.32666666666666666,0,6,2,12.208333333333334,arena hazard,False
186,10,D6 Female,6,F,7,0.5533731511969119,voting,0.3716666666666667,1,2,1,15.625,bow,False
186,11,D6 Male,6,M,6,0.622694395139721,voting,0.25,0,20,0,3.0,dehydration,False
186,12,D7 Female,7,F,4,0.4592004220802631,voting,0.16666666666666666,0,4,0,13.041666666666666,dehydration,False
186,13,D7 Male,7,M,7,0.45890807681168,voting,0.2916666666666667,0,17,0,3.1666666666666665,fists,False
186,14,D8 Female,8,F,4,0.22695350493979838,voting,0.16666666666666666,0,19,0,3.0,dehydration,False
186,15,D8 Male,8,M,3,0.24750003650176405,voting,0.125,0,24,0,1.0,fists,False
186,16,D9 Female,9,F,4,0.35042558325338746,voting,0.16666666666666666,0,14,0,5.041666666666667,fists,False
186,17,D9 Male,9,M,6,0.358786525872626,voting,0.25,0,12,0,5.416666666666667,knife,False
186,18,D10 Female,10,F,10,0.5191638905812206,voting,0.4166666666666667,0,16,0,3.2083333333333335,fists,False
186,19,D10 Male,10,M,3,0.27984604004479985,voting,0.20500000000000002,1,15,1,4.208333333333333,dehydration,False
186,20,D11 Female,11,F,4,0.21061607485142952,voting,0.24666666666666665,0,9,1,9.458333333333334,knife,False
186,21,D11 Male,11,M,6,0.6610140410047473,voting,0.33,0,1,3,15.666666666666666,,True
186,22,D12 Female,12,F,4,0.5466625818946395,voting,0.16666666666666666,0,13,0,5.125,knife,False
186,23,D12 Male,12,M,8,0.7558338496625494,voting,0.41333333333333333,0,5,2,12.958333333333334,spear,False
187,0,D1 Female,1,F,9,0.5530120010134969,voting,0.625,0,24,0,1.625,fists,False
187,1,D1 Male,1,M,2,0.26658225592242685,voting,0.3333333333333333,2,5,0,14.5,sword,False
187,2,D2 Female,2,F,7,0.3792626120722214,voting,0.6216666666666667,1,8,1,10.291666666666666,spear,False
187,3,D2 Male,2,M,6,0.44244357084980523,voting,0.58,0,3,1,15.666666666666666,arena hazard,False
187,4,D3 Female,3,F,3,0.512304269705166,voting,0.28500000000000003,0,2,2,18.5,sword,False
187,5,D3 Male,3,M,6,0.5636665484182373,voting,0.25,0,23,0,2.1666666666666665,fists,False
187,6,D4 Female,4,F,5,0.35795488001953835,voting,0.45833333333333337,1,15,0,5.625,rock,False
187,7,D4 Male,4,M,4,0.2456044770754072,voting,0.5766666666666667,1,6,2,13.916666666666666,dehydration,False
187,8,D5 Female,5,F,7,0.7148061123101503,voting,0.2916666666666667,0,11,0,7.208333333333333,knife,False
187,9,D5 Male,5,M,7,0.4457030654453995,voting,0.2916666666666667,0,18,0,3.5833333333333335,fists,False
187,10,D6 Female,6,F,7,0.7496105234812547,voting,0.2916666666666667,0,21,0,3.0,dehydration,False
187,11,D6 Male,6,M,6,0.6673847896260013,voting,0.25,0,20,0,3.0,dehydration,False
187,12,D7 Female,7,F,4,0.5688038988106553,voting,0.16666666666666666,0,19,0,3.0,dehydration,False
187,13,D7 Male,7,M,8,0.4967813192128156,voting,0.3333333333333333,0,22,1,2.5,untreated wound,False
187,14,D8 Female,8,F,2,0.20820443195845023,voting,0.16333333333333333,0,4,1,15.208333333333334,sword,False
187,15,D8 Male,8,M,7,0.6416390869779041,voting,0.2916666666666667,0,17,1,4.416666666666667,knife,False
187,16,D9 Female,9,F,7,0.5560169178353305,voting,0.2916666666666667,0,12,0,7.083333333333333,fists,False
187,17,D9 Male,9,M,5,0.5771948968842372,voting,0.28833333333333333,0,9,1,10.083333333333334,knife,False
187,18,D10 Female,10,F,9,0.5089837838069083,voting,0.375,1,10,1,9.041666666666666,spear,False
187,19,D10 Male,10,M,8,0.48772544339539403,voting,0.3333333333333333,0,13,0,6.75,knife,False
187,20,D11 Female,11,F,4,0.2946516906546137,voting,0.16666666666666666,0,16,0,4.875,fists,False
187,21,D11 Male,11,M,5,0.36276686578734607,voting,0.20833333333333334,0,14,0,5.708333333333333,knife,False
187,22,D12 Female,12,F,5,0.5401469095049533,voting,0.28833333333333333,0,7,1,13.166666666666666,dehydration,False
187,23,D12 Male,12,M,6,0.5123529275755206,voting,0.25,0,1,4,18.541666666666668,,True
188,0,D1 Female,1,F,8,0.6102702227787171,voting,0.7433333333333333,1,2,5,18.666666666666668,bow,False
188,1,D1 Male,1,M,6,0.6185816435568382,voting,0.5,1,16,0,5.458333333333333,untreated wound,False
188,2,D2 Female,2,F,3,0.4097336428488374,voting,0.375,0,10,0,10.291666666666666,rock,False
188,3,D2 Male,2,M,9,0.6608710825573785,voting,0.785,0,3,2,18.166666666666668,bow,False
188,4,D3 Female,3,F,7,0.7235269766862843,voting,0.2916666666666667,0,18,0,4.0,fists,False
188,5,D3 Male,3,M,7,0.4271811464607728,voting,0.45166666666666666,0,11,2,8.666666666666666,bow,False
188,6,D4 Female,4,F,6,0.34870789790554557,voting,0.5,0,13,0,8.083333333333334,rock,False
188,7,D4 Male,4,M,7,0.43685796169384467,voting,0.5416666666666667,0,24,0,2.2083333333333335,fists,False
188,8,D5 Female,5,F,5,0.31931235477544456,voting,0.20833333333333334,1,5,0,14.166666666666666,bow,False
188,9,D5 Male,5,M,2,0.19127749209667164,voting,0.08333333333333333,0,19,0,3.75,rock,False
188,10,D6 Female,6,F,10,0.8781496544995679,voting,0.4166666666666667,0,4,3,14.541666666666666,arena hazard,False
188,11,D6 Male,6,M,4,0.24042673606100262,voting,0.16666666666666666,0,23,0,2.7083333333333335,fists,False
188,12,D7 Female,7,F,6,0.6012410735962963,voting,0.25,0,22,0,3.0,dehydration,False
188,13,D7 Male,7,M,6,0.5760761310080913,voting,0.33,0,8,1,11.375,untreated wound,False
188,14,D8 Female,8,F,12,0.8550213066146607,voting,0.5,0,1,2,18.708333333333332,,True
188,15,D8 Male,8,M,5,0.6455739809763623,voting,0.20833333333333334,0,21,0,3.0,dehydration,False
188,16,D9 Female,9,F,6,0.5176510861512162,voting,0.25,0,7,0,12.0,bow,False
188,17,D9 Male,9,M,5,0.40467898052350276,voting,0.20833333333333334,0,20,0,3.0,dehydration,False
188,18,D10 Female,10,F,9,0.7723385904396214,voting,0.375,1,9,0,10.833333333333334,rock,False
188,19,D10 Male,10,M,3,0.3920463114490445,voting,0.125,0,17,0,4.958333333333333,rock,False
188,20,D11 Female,11,F,5,0.4151964312403488,voting,0.20833333333333334,0,15,0,5.625,fists,False
188,21,D11 Male,11,M,9,0.5191622542271068,voting,0.455,2,6,1,13.916666666666666,dehydration,False
188,22,D12 Female,12,F,8,0.5778746413140554,voting,0.3333333333333333,0,12,0,8.5,rock,False
188,23,D12 Male,12,M,9,0.7361550712859848,voting,0.375,1,14,0,6.916666666666667,fists,False
189,0,D1 Female,1,F,5,0.5452317741310073,voting,0.45833333333333337,1,17,1,5.416666666666667,rock,False
189,1,D1 Male,1,M,6,0.6684329737718712,voting,0.58,1,20,1,3.0,dehydration,False
189,2,D2 Female,2,F,7,0.42752541372534264,voting,0.5416666666666667,0,19,0,3.0833333333333335,fists,False
189,3,D2 Male,2,M,7,0.37140370245214993,voting,0.7016666666666668,2,2,2,15.791666666666666,dehydration,False
189,4,D3 Female,3,F,4,0.26112127673365615,voting,0.16666666666666666,0,15,0,6.583333333333333,fists,False
189,5,D3 Male,3,M,12,0.95,voting,0.5,0,6,0,12.708333333333334,dehydration,False
189,6,D4 Female,4,F,7,0.7395536758559322,voting,0.5416666666666667,0,9,0,10.083333333333334,untreated wound,False
189,7,D4 Male,4,M,7,0.46468116240547286,voting,0.7016666666666668,0,10,2,10.083333333333334,rock,False
189,8,D5 Female,5,F,6,0.6085181075088628,voting,0.25,1,4,0,14.083333333333334,spear,False
189,9,D5 Male,5,M,6,0.694052410397314,voting,0.41000000000000003,0,7,2,11.458333333333334,dehydration,False
189,10,D6 Female,6,F,6,0.6695540954544821,voting,0.33,0,13,1,6.791666666666667,fists,False
189,11,D6 Male,6,M,4,0.34936935432420535,voting,0.16666666666666666,0,11,0,9.916666666666666,dehydration,False
189,12,D7 Female,7,F,3,0.44838258192507907,voting,0.125,0,23,0,1.375,fists,False
189,13,D7 Male,7,M,12,0.6687106612590237,voting,0.5,0,22,0,1.9166666666666667,fists,False
189,14,D8 Female,8,F,3,0.24891412429662813,voting,0.125,0,14,0,6.708333333333333,fists,False
189,15,D8 Male,8,M,8,0.6521964112613439,voting,0.3333333333333333,0,16,0,5.458333333333333,fists,False
189,16,D9 Female,9,F,3,0.3598773680931624,voting,0.125,0,12,1,9.666666666666666,untreated wound,False
189,17,D9 Male,9,M,6,0.5595888008746293,voting,0.25,0,24,0,1.125,fists,False
189,18,D10 Female,10,F,6,0.6583136965087825,voting,0.33,1,3,2,14.416666666666666,arena hazard,False
189,19,D10 Male,10,M,4,0.235098103512027,voting,0.16666666666666666,0,18,0,4.875,fists,False
189,20,D11 Female,11,F,8,0.7886353544640967,voting,0.3333333333333333,0,8,0,11.25,spear,False
189,21,D11 Male,11,M,7,0.45336170335625287,voting,0.3716666666666667,1,5,1,14.0,dehydration,False
189,22,D12 Female,12,F,6,0.6250532166298236,voting,0.33,0,1,1,15.833333333333334,,True
189,23,D12 Male,12,M,5,0.2524175860005862,voting,0.20833333333333334,0,21,0,2.0416666666666665,fists,False
190,0,D1 Female,1,F,7,0.43854809482750146,voting,0.5416666666666667,0,5,0,12.041666666666666,knife,False
190,1,D1 Male,1,M,5,0.26337775335626884,voting,0.5383333333333333,0,3,1,14.125,bow,False
190,2,D2 Female,2,F,8,0.6891941556093587,voting,0.7433333333333333,0,4,2,13.958333333333334,dehydration,False
190,3,D2 Male,2,M,7,0.5384855828087387,voting,0.5416666666666667,0,6,2,11.75,knife,False
190,4,D3 Female,3,F,4,0.3867690446582408,voting,0.24666666666666665,0,16,1,5.625,untreated wound,False
190,5,D3 Male,3,M,12,0.9290298736219053,voting,0.58,0,1,4,16.208333333333332,,True
190,6,D4 Female,4,F,10,0.8666247774894509,voting,0.6666666666666667,0,12,1,6.708333333333333,knife,False
190,7,D4 Male,4,M,3,0.32789328163729003,voting,0.375,0,13,0,6.708333333333333,spear,False
190,8,D5 Female,5,F,5,0.4390883031749244,voting,0.28833333333333333,0,7,1,10.333333333333334,knife,False
190,9,D5 Male,5,M,3,0.37006328517838816,voting,0.125,0,17,0,4.166666666666667,fists,False
190,10,D6 Female,6,F,10,0.7178462710092126,voting,0.4966666666666667,0,20,1,3.0416666666666665,fists,False
190,11,D6 Male,6,M,11,0.6585167444099285,voting,0.4583333333333333,0,15,0,5.75,knife,False
190,12,D7 Female,7,F,2,0.38031499436386973,voting,0.08333333333333333,0,21,0,2.9583333333333335,fists,False
190,13,D7 Male,7,M,8,0.6520676301233647,voting,0.41333333333333333,0,2,1,16.166666666666668,bow,False
190,14,D8 Female,8,F,8,0.608259879700964,voting,0.4933333333333333,1,8,2,10.041666666666666,dehydration,False
190,15,D8 Male,8,M,1,0.1878158588986706,voting,0.041666666666666664,0,24,0,1.9166666666666667,fists,False
190,16,D9 Female,9,F,5,0.4237765670418744,voting,0.20833333333333334,0,22,0,2.5416666666666665,fists,False
190,17,D9 Male,9,M,5,0.3938082126325071,voting,0.20833333333333334,0,23,0,2.125,fists,False
190,18,D10 Female,10,F,7,0.37455236252982044,voting,0.2916666666666667,0,14,0,6.291666666666667,fists,False
190,19,D10 Male,10,M,3,0.4272805217622282,voting,0.125,0,18,0,3.0833333333333335,fists,False
190,20,D11 Female,11,F,4,0.2464723979356928,voting,0.16666666666666666,0,19,0,3.0833333333333335,fists,False
190,21,D11 Male,11,M,8,0.6629454770485783,voting,0.41333333333333333,0,9,1,9.625,dehydration,False
190,22,D12 Female,12,F,4,0.34667183274109803,voting,0.16666666666666666,0,11,0,7.958333333333333,knife,False
190,23,D12 Male,12,M,3,0.41515686356226944,voting,0.20500000000000002,0,10,1,8.25,untreated wound,False
191,0,D1 Female,1,F,5,0.6214039304110344,voting,0.45833333333333337,0,21,1,2.5416666666666665,fists,False
191,1,D1 Male,1,M,5,0.36585042029696624,voting,0.45833333333333337,1,7,0,12.583333333333334,dehydration,False
191,2,D2 Female,2,F,11,0.9340440063991641,voting,0.7083333333333333,1,5,4,12.833333333333334,bow,False
191,3,D2 Male,2,M,6,0.4256874810737675,voting,0.5,0,23,0,2.2916666666666665,fists,False
191,4,D3 Female,3,F,9,0.6724067960404507,voting,0.375,0,13,0,6.75,rock,False
191,5,D3 Male,3,M,6,0.54921812694658,voting,0.25,0,20,1,2.625,fists,False
191,6,D4 Female,4,F,5,0.5589887129715028,voting,0.5383333333333333,1,11,1,8.791666666666666,fists,False
191,7,D4 Male,4,M,5,0.5655743713076042,voting,0.45833333333333337,2,14,0,6.666666666666667,fists,False
191,8,D5 Female,5,F,8,0.7612537247329905,voting,0.3333333333333333,0,17,0,5.041666666666667,fists,False
191,9,D5 Male,5,M,6,0.6911985098854414,voting,0.25,0,4,0,15.458333333333334,dehydration,False
191,10,D6 Female,6,F,6,0.5811700839392252,voting,0.33,0,12,1,7.666666666666667,arena hazard,False
191,11,D6 Male,6,M,4,0.3651180552978004,voting,0.16666666666666666,0,10,2,8.875,rock,False
191,12,D7 Female,7,F,8,0.42297845900048464,voting,0.4933333333333333,0,8,2,12.0,untreated wound,False
191,13,D7 Male,7,M,4,0.3828833439992525,voting,0.16666666666666666,0,24,0,2.0416666666666665,fists,False
191,14,D8 Female,8,F,5,0.43556216346478527,voting,0.20833333333333334,0,6,1,12.833333333333334,knife,False
191,15,D8 Male,8,M,9,0.482112319834509,voting,0.375,0,22,0,2.4166666666666665,fists,False
191,16,D9 Female,9,F,4,0.3945459068964822,voting,0.16666666666666666,0,1,2,16.583333333333332,,True
191,17,D9 Male,9,M,11,0.586845498039541,voting,0.4583333333333333,1,19,0,2.7083333333333335,fists,False
191,18,D10 Female,10,F,6,0.3870725529883964,voting,0.25,0,16,0,5.708333333333333,fists,False
191,19,D10 Male,10,M,6,0.6392729898903033,voting,0.41000000000000003,0,3,2,15.833333333333334,spear,False
191,20,D11 Female,11,F,4,0.2819553603914344,voting,0.16666666666666666,0,9,0,9.0,rock,False
191,21,D11 Male,11,M,5,0.5163517916814904,voting,0.20833333333333334,0,18,0,2.8333333333333335,fists,False
191,22,D12 Female,12,F,8,0.6710260207232932,voting,0.3333333333333333,0,15,0,6.166666666666667,rock,False
191,23,D12 Male,12,M,9,0.8302793129754069,voting,0.455,2,2,1,16.541666666666668,dehydration,False
192,0,D1 Female,1,F,8,0.7436594146931269,voting,0.5833333333333333,1,9,0,11.083333333333334,spear,False
192,1,D1 Male,1,M,3,0.4907495737964406,voting,0.375,0,18,0,3.9166666666666665,untreated wound,False
192,2,D2 Female,2,F,5,0.28801130058174823,voting,0.45833333333333337,0,15,0,4.5,dehydration,False
192,3,D2 Male,2,M,10,0.5019755535193201,voting,0.6666666666666667,0,16,0,4.375,dehydration,False
192,4,D3 Female,3,F,9,0.7157836527670076,voting,0.375,0,23,0,2.0,fists,False
192,5,D3 Male,3,M,7,0.7310824895847752,voting,0.2916666666666667,0,10,0,9.541666666666666,knife,False
192,6,D4 Female,4,F,5,0.48673792266745297,voting,0.45833333333333337,1,7,1,14.0,spear,False
192,7,D4 Male,4,M,5,0.2538605139339687,voting,0.45833333333333337,0,22,0,2.3333333333333335,fists,False
192,8,D5 Female,5,F,9,0.7873615743074893,voting,0.455,0,1,3,19.916666666666668,,True
192,9,D5 Male,5,M,8,0.6694761829186896,voting,0.4933333333333333,2,6,2,16.541666666666668,dehydration,False
192,10,D6 Female,6,F,3,0.4525867865024983,voting,0.125,0,13,0,6.958333333333333,rock,False
192,11,D6 Male,6,M,3,0.2333243798014511,voting,0.125,1,21,0,2.75,fists,False
192,12,D7 Female,7,F,8,0.5210527390331557,voting,0.3333333333333333,0,14,0,5.125,rock,False
192,13,D7 Male,7,M,7,0.6367228746020925,voting,0.3716666666666667,1,4,1,17.166666666666668,spear,False
192,14,D8 Female,8,F,11,0.8263046221481122,voting,0.6183333333333333,0,2,3,19.875,spear,False
192,15,D8 Male,8,M,5,0.35347196437441847,voting,0.28833333333333333,0,20,1,3.0,dehydration,False
192,16,D9 Female,9,F,5,0.3088886859152705,voting,0.20833333333333334,0,11,0,9.416666666666666,rock,False
192,17,D9 Male,9,M,5,0.58276782093386,voting,0.20833333333333334,0,3,1,18.166666666666668,spear,False
192,18,D10 Female,10,F,8,0.48067638086986464,voting,0.41333333333333333,1,19,1,3.0833333333333335,fists,False
192,19,D10 Male,10,M,3,0.4128655240424792,voting,0.125,0,24,0,1.5833333333333333,fists,False
192,20,D11 Female,11,F,5,0.2853399504870601,voting,0.28833333333333333,0,5,2,16.708333333333332,spear,False
192,21,D11 Male,11,M,5,0.6299479189292694,voting,0.20833333333333334,0,17,0,4.208333333333333,spear,False
192,22,D12 Female,12,F,5,0.29811488275210013,voting,0.20833333333333334,0,12,0,7.458333333333333,spear,False
192,23,D12 Male,12,M,5,0.3827173953574011,voting,0.36833333333333335,0,8,2,11.708333333333334,untreated wound,False
193,0,D1 Female,1,F,9,0.7559422474536692,voting,0.625,0,15,0,5.708333333333333,untreated wound,False
193,1,D1 Male,1,M,5,0.5182634216576769,voting,0.45833333333333337,0,13,0,6.375,rock,False
193,2,D2 Female,2,F,10,0.8652253209316603,voting,0.7466666666666667,0,6,2,15.583333333333334,spear,False
193,3,D2 Male,2,M,8,0.5895011313957348,voting,0.5833333333333333,2,9,0,8.958333333333334,bow,False
193,4,D3 Female,3,F,5,0.5416334961688232,voting,0.20833333333333334,0,12,0,6.875,rock,False
193,5,D3 Male,3,M,8,0.7331396511544523,voting,0.4933333333333333,3,1,3,19.0,,True
193,6,D4 Female,4,F,6,0.576298641183528,voting,0.5,2,11,0,7.791666666666667,rock,False
193,7,D4 Male,4,M,10,0.7825045234471728,voting,0.8266666666666668,2,5,2,17.0,spear,False
193,8,D5 Female,5,F,4,0.5613084021884028,voting,0.32666666666666666,1,4,2,17.291666666666668,spear,False
193,9,D5 Male,5,M,2,0.2867939592498277,voting,0.08333333333333333,0,14,0,5.75,knife,False
193,10,D6 Female,6,F,5,0.5842219116537423,voting,0.20833333333333334,0,22,0,2.1666666666666665,fists,False
193,11,D6 Male,6,M,5,0.6457650277549921,voting,0.20833333333333334,0,16,0,5.0,knife,False
193,12,D7 Female,7,F,4,0.23042626284385923,voting,0.16666666666666666,0,19,0,2.75,fists,False
193,13,D7 Male,7,M,1,0.3400427924235383,voting,0.041666666666666664,0,23,0,1.9166666666666667,fists,False
193,14,D8 Female,8,F,6,0.48088455439331435,voting,0.25,0,17,0,4.916666666666667,fists,False
193,15,D8 Male,8,M,7,0.550409018120739,voting,0.2916666666666667,0,21,0,2.5,fists,False
193,16,D9 Female,9,F,8,0.4275716865349867,voting,0.3333333333333333,0,24,0,1.1666666666666667,fists,False
193,17,D9 Male,9,M,8,0.6676431579373003,voting,0.3333333333333333,0,3,1,18.291666666666668,knife,False
193,18,D10 Female,10,F,9,0.6758084160925025,voting,0.455,1,10,4,8.291666666666666,rock,False
193,19,D10 Male,10,M,6,0.5522779936792042,voting,0.25,0,20,0,2.5416666666666665,fists,False
193,20,D11 Female,11,F,3,0.3114650809538053,voting,0.20500000000000002,1,18,1,4.291666666666667,fists,False
193,21,D11 Male,11,M,7,0.7401277961566624,voting,0.45166666666666666,0,2,4,18.958333333333332,untreated wound,False
193,22,D12 Female,12,F,8,0.7329513860811208,voting,0.3333333333333333,0,8,0,12.625,knife,False
193,23,D12 Male,12,M,8,0.7041308426859405,voting,0.41333333333333333,0,7,1,13.958333333333334,untreated wound,False
194,0,D1 Female,1,F,5,0.5630370773005035,voting,0.45833333333333337,0,1,2,19.041666666666668,,True
194,1,D1 Male,1,M,2,0.3836348622483846,voting,0.41333333333333333,0,6,2,14.5,sword,False
194,2,D2 Female,2,F,6,0.5642314818519347,voting,0.5,0,17,0,5.791666666666667,rock,False
194,3,D2 Male,2,M,7,0.463832092211361,voting,0.5416666666666667,0,19,0,4.0,fists,False
194,4,D3 Female,3,F,8,0.6058031167262167,voting,0.41333333333333333,2,13,1,9.791666666666666,spear,False
194,5,D3 Male,3,M,4,0.481816583370705,voting,0.16666666666666666,0,12,1,9.916666666666666,bow,False
194,6,D4 Female,4,F,6,0.5188177838220973,voting,0.5,0,21,0,3.0,dehydration,False
194,7,D4 Male,4,M,3,0.26242382992864616,voting,0.375,0,3,3,17.291666666666668,bow,False
194,8,D5 Female,5,F,9,0.5542532165888001,voting,0.375,0,8,0,13.083333333333334,rock,False
194,9,D5 Male,5,M,10,0.7948464927561645,voting,0.4966666666666667,2,16,2,5.916666666666667,rock,False
194,10,D6 Female,6,F,8,0.5548469381181297,voting,0.3333333333333333,0,15,0,7.666666666666667,fists,False
194,11,D6 Male,6,M,5,0.4233299900302121,voting,0.20833333333333334,0,7,0,14.416666666666666,bow,False
194,12,D7 Female,7,F,12,0.8404164389089359,voting,0.5,0,10,0,12.25,fists,False
194,13,D7 Male,7,M,4,0.5148290151187667,voting,0.16666666666666666,0,23,0,2.0,fists,False
194,14,D8 Female,8,F,3,0.32995523787309244,voting,0.125,0,14,1,7.875,fists,False
194,15,D8 Male,8,M,9,0.45216007168623706,voting,0.535,1,2,2,19.0,sword,False
194,16,D9 Female,9,F,5,0.4263426444154027,voting,0.20833333333333334,0,22,0,2.2083333333333335,fists,False
194,17,D9 Male,9,M,8,0.5127660806758041,voting,0.41333333333333333,0,5,1,16.041666666666668,dehydration,False
194,18,D10 Female,10,F,6,0.540544108523343,voting,0.33,0,11,1,9.958333333333334,rock,False
194,19,D10 Male,10,M,4,0.2418257190387691,voting,0.16666666666666666,0,9,0,12.833333333333334,bow,False
194,20,D11 Female,11,F,10,0.5448766485643429,voting,0.4166666666666667,0,18,0,5.041666666666667,fists,False
194,21,D11 Male,11,M,5,0.5832372745860745,voting,0.28833333333333333,0,20,1,3.8333333333333335,fists,False
194,22,D12 Female,12,F,8,0.7115439940892163,voting,0.5733333333333333,0,4,4,16.958333333333332,sword,False
194,23,D12 Male,12,M,11,0.570379468634902,voting,0.4583333333333333,0,24,0,1.1666666666666667,fists,False
195,0,D1 Female,1,F,7,0.5394476750262717,voting,0.6216666666666667,1,9,1,10.583333333333334,fists,False
195,1,D1 Male,1,M,9,0.49490928173325055,voting,0.705,1,5,1,15.583333333333334,spear,False
195,2,D2 Female,2,F,12,0.9432603549814648,voting,0.75,1,11,0,7.75,untreated wound,False
195,3,D2 Male,2,M,6,0.4262211363461792,voting,0.5,0,6,0,15.333333333333334,spear,False
195,4,D3 Female,3,F,6,0.46953222993782495,voting,0.25,1,16,0,4.791666666666667,dehydration,False
195,5,D3 Male,3,M,5,0.5033568112254196,voting,0.20833333333333334,0,14,0,5.166666666666667,knife,False
195,6,D4 Female,4,F,11,0.5824694446686715,voting,0.7083333333333333,0,4,2,15.833333333333334,knife,False
195,7,D4 Male,4,M,4,0.5281758736844782,voting,0.41666666666666663,0,23,0,1.9166666666666667,fists,False
195,8,D5 Female,5,F,5,0.305595800261047,voting,0.20833333333333334,0,13,0,5.666666666666667,fists,False
195,9,D5 Male,5,M,5,0.5634830706873024,voting,0.20833333333333334,1,17,0,4.791666666666667,fists,False
195,10,D6 Female,6,F,7,0.6190554893731159,voting,0.2916666666666667,0,18,0,4.5,dehydration,False
195,11,D6 Male,6,M,7,0.7002829345954318,voting,0.2916666666666667,0,12,0,6.916666666666667,rock,False
195,12,D7 Female,7,F,6,0.5475753908876223,voting,0.25,0,1,4,17.875,,True
195,13,D7 Male,7,M,6,0.6392815922997402,voting,0.25,0,22,0,2.25,fists,False
195,14,D8 Female,8,F,9,0.8199064110290062,voting,0.535,0,20,2,3.0,dehydration,False
195,15,D8 Male,8,M,11,0.7618668759062007,voting,0.4583333333333333,1,15,0,4.791666666666667,dehydration,False
195,16,D9 Female,9,F,5,0.5478791205552243,voting,0.20833333333333334,0,3,1,17.291666666666668,bow,False
195,17,D9 Male,9,M,4,0.33879381885160054,voting,0.24666666666666665,2,7,1,15.0,knife,False
195,18,D10 Female,10,F,7,0.6340277014304266,voting,0.2916666666666667,0,19,1,3.3333333333333335,fists,False
195,19,D10 Male,10,M,7,0.6449569722823836,voting,0.2916666666666667,0,21,0,2.875,fists,False
195,20,D11 Female,11,F,6,0.490040643886535,voting,0.25,0,24,0,1.4166666666666667,fists,False
195,21,D11 Male,11,M,9,0.5636660401798745,voting,0.535,0,8,2,13.625,bow,False
195,22,D12 Female,12,F,6,0.42907090376971246,voting,0.33,0,10,1,9.708333333333334,spear,False
195,23,D12 Male,12,M,5,0.2717823703194174,voting,0.20833333333333334,0,2,2,17.833333333333332,spear,False
196,0,D1 Female,1,F,4,0.29067391513483054,voting,0.41666666666666663,0,3,2,17.125,sword,False
196,1,D1 Male,1,M,5,0.4869139748056066,voting,0.5383333333333333,1,7,1,10.291666666666666,bow,False
196,2,D2 Female,2,F,8,0.5564576604986156,voting,0.5833333333333333,0,2,1,17.25,spear,False
196,3,D2 Male,2,M,4,0.24832956446428545,voting,0.41666666666666663,0,24,0,1.0416666666666667,fists,False
196,4,D3 Female,3,F,10,0.5973151745139497,voting,0.4166666666666667,0,17,0,3.0,dehydration,False
196,5,D3 Male,3,M,6,0.3822783368606649,voting,0.33,0,20,1,2.0,untreated wound,False
196,6,D4 Female,4,F,7,0.4694520897307267,voting,0.5416666666666667,0,19,0,2.6666666666666665,fists,False
196,7,D4 Male,4,M,8,0.6019987283496158,voting,0.5833333333333333,0,8,1,9.625,bow,False
196,8,D5 Female,5,F,5,0.5698447521079741,voting,0.20833333333333334,0,23,0,1.2083333333333333,fists,False
196,9,D5 Male,5,M,7,0.5708674611395455,voting,0.2916666666666667,0,21,0,1.8333333333333333,fists,False
196,10,D6 Female,6,F,7,0.6305034200345921,voting,0.3716666666666667,1,16,1,3.0,dehydration,False
196,11,D6 Male,6,M,4,0.28571275319527834,voting,0.24666666666666665,0,14,1,3.7083333333333335,fists,False
196,12,D7 Female,7,F,9,0.7248665516694199,voting,0.375,1,10,0,5.25,fists,False
196,13,D7 Male,7,M,1,0.24467386035913105,voting,0.12166666666666667,0,11,1,4.5,dehydration,False
196,14,D8 Female,8,F,5,0.5473002927793686,voting,0.20833333333333334,0,12,0,4.125,fists,False
196,15,D8 Male,8,M,10,0.8728642853265562,voting,0.4166666666666667,0,1,2,17.291666666666668,,True
196,16,D9 Female,9,F,3,0.4469881371045564,voting,0.125,0,5,0,15.75,spear,False
196,17,D9 Male,9,M,3,0.4866026884966044,voting,0.125,0,13,2,3.875,fists,False
196,18,D10 Female,10,F,6,0.5892398898305933,voting,0.33,0,9,2,7.666666666666667,knife,False
196,19,D10 Male,10,M,1,0.14977794900357563,voting,0.041666666666666664,0,18,0,2.7916666666666665,fists,False
196,20,D11 Female,11,F,9,0.7811474269254771,voting,0.375,0,15,0,3.6666666666666665,fists,False
196,21,D11 Male,11,M,8,0.5850656021038894,voting,0.3333333333333333,0,4,2,16.75,arena hazard,False
196,22,D12 Female,12,F,7,0.5101625825827989,voting,0.2916666666666667,1,22,0,1.5833333333333333,fists,False
196,23,D12 Male,12,M,6,0.5166643618396567,voting,0.25,0,6,1,14.583333333333334,spear,False
197,0,D1 Female,1,F,4,0.21178905148451335,voting,0.41666666666666663,0,16,0,5.625,fists,False
197,1,D1 Male,1,M,10,0.5820422827753596,voting,0.7466666666666667,1,15,1,6.5,fists,False
197,2,D2 Female,2,F,7,0.5252911866475769,voting,0.6216666666666667,0,19,1,5.083333333333333,untreated wound,False
197,3,D2 Male,2,M,4,0.5702505607624755,voting,0.49666666666666665,0,14,1,7.333333333333333,dehydration,False
197,4,D3 Female,3,F,4,0.2428539994175992,voting,0.16666666666666666,1,22,0,3.0,dehydration,False
197,5,D3 Male,3,M,3,0.223606305610604,voting,0.125,1,20,0,3.75,fists,False
197,6,D4 Female,4,F,7,0.7445827548417789,voting,0.7816666666666667,3,2,3,17.75,untreated wound,False
197,7,D4 Male,4,M,6,0.3976845165345039,voting,0.5,0,18,0,5.25,untreated wound,False
197,8,D5 Female,5,F,6,0.32956931606361545,voting,0.25,0,12,0,7.583333333333333,fists,False
197,9,D5 Male,5,M,5,0.44783969595307405,voting,0.28833333333333333,1,5,1,14.333333333333334,bow,False
197,10,D6 Female,6,F,3,0.4846440388030626,voting,0.125,1,9,0,7.75,rock,False
197,11,D6 Male,6,M,3,0.3066433796314577,voting,0.125,0,24,0,2.625,fists,False
197,12,D7 Female,7,F,4,0.4135165079234534,voting,0.16666666666666666,1,7,0,11.791666666666666,spear,False
197,13,D7 Male,7,M,10,0.5534776545399167,voting,0.4166666666666667,0,17,0,5.458333333333333,untreated wound,False
197,14,D8 Female,8,F,4,0.5111987532238291,voting,0.16666666666666666,0,13,0,7.375,fists,False
197,15,D8 Male,8,M,1,0.07700126868708601,voting,0.041666666666666664,0,8,0,11.5,fists,False
197,16,D9 Female,9,F,2,0.3155364926503928,voting,0.16333333333333333,0,6,1,12.0,spear,False
197,17,D9 Male,9,M,11,0.6512058778474401,voting,0.5383333333333333,1,4,1,14.541666666666666,dehydration,False
197,18,D10 Female,10,F,5,0.5712352077290965,voting,0.28833333333333333,1,3,2,16.708333333333332,sword,False
197,19,D10 Male,10,M,8,0.754512196317455,voting,0.3333333333333333,0,11,1,7.625,untreated wound,False
197,20,D11 Female,11,F,7,0.6838164450119595,voting,0.2916666666666667,0,10,2,7.666666666666667,fists,False
197,21,D11 Male,11,M,9,0.7837958280882782,voting,0.375,0,1,1,17.791666666666668,,True
197,22,D12 Female,12,F,10,0.5741496971832478,voting,0.4166666666666667,1,23,0,2.8333333333333335,fists,False
197,23,D12 Male,12,M,7,0.37101472461481994,voting,0.2916666666666667,1,21,0,3.25,rock,False
198,0,D1 Female,1,F,9,0.6461226262679919,voting,0.865,3,1,4,19.041666666666668,,True
198,1,D1 Male,1,M,6,0.6237089734610268,voting,0.5,0,4,1,15.666666666666666,spear,False
198,2,D2 Female,2,F,5,0.46249641318185014,voting,0.45833333333333337,0,22,0,2.4583333333333335,fists,False
198,3,D2 Male,2,M,5,0.3007049579076941,voting,0.45833333333333337,0,3,1,17.791666666666668,bow,False
198,4,D3 Female,3,F,8,0.5350789187088993,voting,0.3333333333333333,0,11,0,8.5,fists,False
198,5,D3 Male,3,M,4,0.5262419328334224,voting,0.24666666666666665,0,16,1,5.083333333333333,fists,False
198,6,D4 Female,4,F,2,0.11609312575223497,voting,0.41333333333333333,0,2,1,19.0,bow,False
198,7,D4 Male,4,M,6,0.5186615830742295,voting,0.5,0,9,1,9.333333333333334,knife,False
198,8,D5 Female,5,F,8,0.6698856892763081,voting,0.3333333333333333,0,23,0,1.7916666666666667,fists,False
198,9,D5 Male,5,M,8,0.6592332884346082,voting,0.3333333333333333,1,6,0,13.583333333333334,bow,False
198,10,D6 Female,6,F,3,0.5419780111678673,voting,0.20500000000000002,0,14,1,6.375,rock,False
198,11,D6 Male,6,M,7,0.6979481441928308,voting,0.2916666666666667,0,13,0,6.916666666666667,spear,False
198,12,D7 Female,7,F,1,0.06863066701845971,voting,0.041666666666666664,1,17,0,4.791666666666667,fists,False
198,13,D7 Male,7,M,4,0.5342382106171335,voting,0.16666666666666666,0,18,0,4.291666666666667,fists,False
198,14,D8 Female,8,F,5,0.5651455742930276,voting,0.28833333333333333,0,12,1,6.958333333333333,untreated wound,False
198,15,D8 Male,8,M,9,0.49166484311302827,voting,0.375,0,21,0,3.0,dehydration,False
198,16,D9 Female,9,F,2,0.4953228482470312,voting,0.08333333333333333,0,15,0,5.25,spear,False
198,17,D9 Male,9,M,7,0.45770736694134734,voting,0.2916666666666667,0,7,0,12.083333333333334,knife,False
198,18,D10 Female,10,F,2,0.1836989641208599,voting,0.08333333333333333,0,8,2,11.875,knife,False
198,19,D10 Male,10,M,3,0.5243941687222101,voting,0.125,0,24,0,1.4166666666666667,fists,False
198,20,D11 Female,11,F,4,0.3562254148435575,voting,0.24666666666666665,0,10,1,9.0,untreated wound,False
198,21,D11 Male,11,M,6,0.6548091758221697,voting,0.33,1,19,1,3.9166666666666665,untreated wound,False
198,22,D12 Female,12,F,8,0.6144687275312589,voting,0.3333333333333333,0,20,1,3.9166666666666665,fists,False
198,23,D12 Male,12,M,2,0.448073733464173,voting,0.24333333333333335,0,5,2,14.041666666666666,untreated wound,False
199,0,D1 Female,1,F,5,0.47617470546279234,voting,0.45833333333333337,0,12,0,9.208333333333334,sword,False
199,1,D1 Male,1,M,5,0.44822993595322325,voting,0.45833333333333337,0,21,0,3.0,dehydration,False
199,2,D2 Female,2,F,8,0.7493630129708935,voting,0.5833333333333333,1,15,0,5.5,fists,False
199,3,D2 Male,2,M,4,0.4298936077197629,voting,0.49666666666666665,1,10,1,10.583333333333334,knife,False
199,4,D3 Female,3,F,11,0.7279155410933298,voting,0.6983333333333333,0,6,3,15.041666666666666,knife,False
199,5,D3 Male,3,M,1,0.19493611740822317,voting,0.041666666666666664,0,19,0,3.375,fists,False
199,6,D4 Female,4,F,10,0.7290476549657592,voting,0.6666666666666667,0,8,0,11.291666666666666,fists,False
199,7,D4 Male,4,M,3,0.3188993590376742,voting,0.375,0,24,0,2.125,fists,False
199,8,D5 Female,5,F,6,0.4287357872973261,voting,0.25,0,20,0,3.1666666666666665,fists,False
199,9,D5 Male,5,M,8,0.4448696801328106,voting,0.41333333333333333,0,5,1,15.125,knife,False
199,10,D6 Female,6,F,9,0.730102895193486,voting,0.535,1,1,2,18.416666666666668,,True
199,11,D6 Male,6,M,4,0.4287590460624656,voting,0.16666666666666666,0,22,0,2.7083333333333335,fists,False
199,12,D7 Female,7,F,11,0.8992657445016649,voting,0.5383333333333333,0,9,2,10.791666666666666,spear,False
199,13,D7 Male,7,M,6,0.5081479448885939,voting,0.41000000000000003,1,7,2,12.5,rock,False
199,14,D8 Female,8,F,10,0.6620814699158242,voting,0.5766666666666667,0,2,2,18.375,dehydration,False
199,15,D8 Male,8,M,6,0.6864144657029834,voting,0.25,0,23,0,2.4583333333333335,knife,False
199,16,D9 Female,9,F,8,0.7173593822394551,voting,0.3333333333333333,0,17,0,4.083333333333333,fists,False
199,17,D9 Male,9,M,4,0.31140655515355353,voting,0.24666666666666665,0,13,1,7.291666666666667,untreated wound,False
199,18,D10 Female,10,F,6,0.33301759086367716,voting,0.25,0,18,0,4.041666666666667,fists,False
199,19,D10 Male,10,M,7,0.37685901902184993,voting,0.2916666666666667,1,14,0,5.75,fists,False
199,20,D11 Female,11,F,9,0.6608797705704044,voting,0.375,0,3,3,17.75,spear,False
199,21,D11 Male,11,M,8,0.6956623161137538,voting,0.3333333333333333,1,11,1,9.708333333333334,knife,False
199,22,D12 Female,12,F,6,0.4927138115091586,voting,0.41000000000000003,1,4,2,16.625,spear,False
199,23,D12 Male,12,M,3,0.24024992628200578,voting,0.125,0,16,0,4.666666666666667,fists,False
